time,NumDofs,NumElems,area,gradPx_avg,gradPy_avg,integral_in,integral_out,mem,product_avg,product_int,velx_avg,velx_int,vely_avg,vely_int,vol,M0_ps,M1_ps,M3_ps,Tau_ps,M0_eff_ps,M1_eff_ps,M3_eff_ps
0,0,0,180.42385296848,-1.0,3.7854446761360003e-17,0.0,0.0,9389,0.0,0.0,0.0,0.0,0.0,0.0,0.73103999999988,0.7304538937594628,172.03341920503235,6724,1.573868929949864,0.7304538937594628,172.03341920503235,6724
1,31328445,6660204,180.42385296848,-0.34514899020872,0.0004689195552187,1.0596701563369e-06,1.0733434365825e-06,15543,-1.376659414413e-06,-8.1355975446821e-07,1.4316999129132e-06,8.4608685156772e-07,-1.5639134027665e-09,-9.242206101548801e-10,0.73103999999988,0.7304538937594628,172.03341920503235,6724,1.573868929949864,0.7304538937594628,172.03341920503235,6724
