time,NumDofs,NumElems,area,gradPx_avg,gradPy_avg,integral_in,integral_out,mem,product_avg,product_int,velx_avg,velx_int,vely_avg,vely_int,vol,M0_ps,M1_ps,M3_ps,Tau_ps,M0_eff_ps,M1_eff_ps,M3_eff_ps
0,0,0,9.7283807978334,-1.0,-5.1088526986277e-17,0.0,0.0,3911,0.0,0.0,0.0,0.0,0.0,0.0,0.99066439395011,0.9906968245107449,8.677137496464534,400,1.0309086701411456,0.9906968245107449,8.677137496464534,400
1,11834922,2612382,9.7283807978334,-0.60847745606675,0.0001427836351924,0.0002981859374539,0.0002983311647251,7516,-0.0003114024265938,-0.0002498827896659,0.0003135261984864,0.000251586996184,1.3405946490297e-08,1.0757511891443e-08,0.99066439395011,0.9906968245107449,8.677137496464534,400,1.0309086701411456,0.9906968245107449,8.677137496464534,400
