time,NumDofs,NumElems,area,gradPx_avg,gradPy_avg,integral_in,integral_out,mem,product_avg,product_int,velx_avg,velx_int,vely_avg,vely_int,vol,M0_ps,M1_ps,M3_ps,Tau_ps,M0_eff_ps,M1_eff_ps,M3_eff_ps
0,0,0,105.24577331173,-1.0,-3.0399799490692e-17,0.0,0.0,7028,0.0,0.0,0.0,0.0,0.0,0.0,0.81394999999984,0.8136292625330822,100.63632677854136,3721,1.2878625376497401,0.8136292625330822,100.63632677854136,3721
1,22510023,4824766,105.24577331173,-0.40100448158474,0.0013363952320409,4.7217355622449e-06,4.7490142899493e-06,12154,-5.7257178594576e-06,-3.7718754389392e-06,5.840773534857e-06,3.8476695466479e-06,-1.5374284288923e-09,-1.0127967658216e-09,0.81394999999984,0.8136292625330822,100.63632677854136,3721,1.2878625376497401,0.8136292625330822,100.63632677854136,3721
