time,NumDofs,NumElems,area,gradPx_avg,gradPy_avg,integral_in,integral_out,mem,product_avg,product_int,velx_avg,velx_int,vely_avg,vely_int,vol,M0_ps,M1_ps,M3_ps,Tau_ps,M0_eff_ps,M1_eff_ps,M3_eff_ps
0,0,0,116.37406770332,-1.0,1.3430453205716e-17,0.0,0.0,7613,0.0,0.0,0.0,0.0,0.0,0.0,0.90137211512017,0.90116706358609,101.8309986110332,4900,1.4851186383568231,0.90116706358609,101.8309986110332,4900
1,24667836,5287674,116.37406770332,-0.66577322358158,-0.0005159655418444,9.4656625794331e-06,9.5851890106616e-06,12582,-1.0471504028339e-05,-7.6453359794301e-06,1.0593352010227e-05,7.7342982485966e-06,-5.292031926221101e-10,-3.8637584419902004e-10,0.90137211512017,0.90116706358609,101.8309986110332,4900,1.4851186383568231,0.90116706358609,101.8309986110332,4900
