time,NumDofs,NumElems,area,gradPx_avg,gradPy_avg,integral_in,integral_out,mem,product_avg,product_int,velx_avg,velx_int,vely_avg,vely_int,vol,M0_ps,M1_ps,M3_ps,Tau_ps,M0_eff_ps,M1_eff_ps,M3_eff_ps
0,0,0,179.19999999977,-1.0,-2.4142546727789e-17,0.0,0.0,9132,0.0,0.0,0.0,0.0,0.0,0.0,0.69280000000027,0.6915675037449649,162.7836405541054,6400,1.611238063099478,0.6915675037449649,162.7836405541054,6400
1,30311064,6440058,179.19999999977,-0.61788355064859,0.0003771349946229,2.0840882315803e-06,2.0851212211338e-06,15176,-2.9451218578522e-06,-1.6527615003392e-06,2.9804836712178e-06,1.672606059082e-06,-1.7169412456943e-10,-9.6352359127759e-11,0.69280000000027,0.6915675037449649,162.7836405541054,6400,1.611238063099478,0.6915675037449649,162.7836405541054,6400
