time,NumDofs,NumElems,area,gradPx_avg,gradPy_avg,integral_in,integral_out,mem,product_avg,product_int,velx_avg,velx_int,vely_avg,vely_int,vol,M0_ps,M1_ps,M3_ps,Tau_ps,M0_eff_ps,M1_eff_ps,M3_eff_ps
0,0,0,35.79615727873,-1.0,1.5123823611768e-17,0.0,0.0,4024,0.0,0.0,0.0,0.0,0.0,0.0,0.92374668751474,0.9235846442383766,35.62428826164352,1296,1.127616015364,0.9235846442383766,35.62428826164352,1296
1,12113802,2645694,35.79615727873,-0.58273719093052,-0.0002034794343055,4.1430400906453e-05,4.1427878484274e-05,7076,-4.5385070982091e-05,-3.4027518954594e-05,4.5912813171364e-05,3.4423194381778e-05,-7.865926330705201e-10,-5.897489009527601e-10,0.92374668751474,0.9235846442383766,35.62428826164352,1296,1.127616015364,0.9235846442383766,35.62428826164352,1296
