time,NumDofs,NumElems,area,gradPx_avg,gradPy_avg,integral_in,integral_out,mem,product_avg,product_int,velx_avg,velx_int,vely_avg,vely_int,vol,M0_ps,M1_ps,M3_ps,Tau_ps,M0_eff_ps,M1_eff_ps,M3_eff_ps
0,0,0,170.86012866697,-1.0,-5.2827734184441997e-17,0.0,0.0,6696,0.0,0.0,0.0,0.0,0.0,0.0,0.72316934020161,0.7226256119453336,169.33613544220864,7056,2.332836550522841,0.7226256119453336,169.33613544220864,7056
1,20840454,4397030,170.86012866697,-0.76712727115843,-0.0001541787675785,3.2419340082826e-06,3.2420628021384e-06,11252,-4.4293946199152e-06,-2.5856215155903e-06,4.4457245968804e-06,2.5951540010457e-06,-2.559747891077e-10,-1.4942311059615e-10,0.72316934020161,0.7226256119453336,169.33613544220864,7056,2.332836550522841,0.7226256119453336,169.33613544220864,7056
