time,NumDofs,NumElems,area,gradPx_avg,gradPy_avg,integral_in,integral_out,mem,product_avg,product_int,velx_avg,velx_int,vely_avg,vely_int,vol,M0_ps,M1_ps,M3_ps,Tau_ps,M0_eff_ps,M1_eff_ps,M3_eff_ps
0,0,0,156.1732446535,-1.0,-4.8530002416203e-17,0.0,0.0,6039,0.0,0.0,0.0,0.0,0.0,0.0,0.69300936590254,0.6923857735511102,155.26667841867118,5929,1.2185558381033226,0.6923857735511102,155.26667841867118,5929
1,18405918,3887284,156.1732446535,-0.30552980437198,-0.0004826267394973,5.7505179678348e-07,5.7919764367627e-07,9931,-7.9175651399344e-07,-4.4609483636418e-07,8.3248724769091e-07,4.6904352028738e-07,-6.3757158458406e-10,-3.5922330497913004e-10,0.69300936590254,0.6923857735511102,155.26667841867118,5929,1.2185558381033226,0.6923857735511102,155.26667841867118,5929
