time,NumDofs,NumElems,area,gradPx_avg,gradPy_avg,integral_in,integral_out,mem,product_avg,product_int,velx_avg,velx_int,vely_avg,vely_int,vol,M0_ps,M1_ps,M3_ps,Tau_ps,M0_eff_ps,M1_eff_ps,M3_eff_ps
0,0,0,18.984458740774,-1.0,2.2186287860622998e-17,0.0,0.0,3853,0.0,0.0,0.0,0.0,0.0,0.0,0.9692410377992,0.969199922891876,18.816556068161095,784,1.0480331959502505,0.969199922891876,18.816556068161095,784
1,11556378,2540878,18.984458740774,-0.48698304613243,0.0049027388101173,9.5063822534091e-05,9.4846733804308e-05,7067,-0.000100546799357,-7.8782742518675e-05,0.0001001917538181,7.8504549065933e-05,-2.72690120116e-07,-2.1366443942379e-07,0.9692410377992,0.969199922891876,18.816556068161095,784,1.0480331959502505,0.969199922891876,18.816556068161095,784
