time,NumDofs,NumElems,area,gradPx_avg,gradPy_avg,integral_in,integral_out,mem,product_avg,product_int,velx_avg,velx_int,vely_avg,vely_int,vol,M0_ps,M1_ps,M3_ps,Tau_ps,M0_eff_ps,M1_eff_ps,M3_eff_ps
0,0,0,81.169267583194,-1.0,-5.9156487296468e-17,0.0,0.0,6325,0.0,0.0,0.0,0.0,0.0,0.0,0.87899999999986,0.8784824157332701,73.60353584528218,3025,1.081357891118261,0.8784824157332701,73.60353584528218,3025
1,19997301,4307394,81.169267583194,-0.33488737212853,0.0002309617551463,6.0236329258862e-06,6.0242288854403e-06,10366,-6.8089284807951e-06,-4.8610962294551e-06,6.9691211430552e-06,4.9754625278669e-06,5.424798308618e-10,3.8729245986291e-10,0.87899999999986,0.8784824157332701,73.60353584528218,3025,1.081357891118261,0.8784824157332701,73.60353584528218,3025
