time,NumDofs,NumElems,area,gradPx_avg,gradPy_avg,integral_in,integral_out,mem,product_avg,product_int,velx_avg,velx_int,vely_avg,vely_int,vol,M0_ps,M1_ps,M3_ps,Tau_ps,M0_eff_ps,M1_eff_ps,M3_eff_ps
0,0,0,32.69661756206,-1.0,1.6802603133728998e-17,0.0,0.0,4592,0.0,0.0,0.0,0.0,0.0,0.0,0.94220000000015,0.9421689069521809,29.66066724520472,1156,1.074059887603503,0.9421689069521809,29.66066724520472,1156
1,14339256,3130450,32.69661756206,-0.43824485166173,0.0004213090864292,4.6463905367606e-05,4.6462965926573e-05,8082,-4.988219350704e-05,-3.8159228724032e-05,5.0726974896646e-05,3.8805475490691e-05,-7.4938972346277e-11,-5.7327338375806e-11,0.94220000000015,0.9421689069521809,29.66066724520472,1156,1.074059887603503,0.9421689069521809,29.66066724520472,1156
