time,NumDofs,NumElems,area,gradPx_avg,gradPy_avg,integral_in,integral_out,mem,product_avg,product_int,velx_avg,velx_int,vely_avg,vely_int,vol,M0_ps,M1_ps,M3_ps,Tau_ps,M0_eff_ps,M1_eff_ps,M3_eff_ps
0,0,0,115.79205244618,-1.0,-3.8400551567208e-18,0.0,0.0,7577,0.0,0.0,0.0,0.0,0.0,0.0,0.88888294899836,0.8888076754711829,103.54171073014108,4761,1.4636204719602612,0.8888076754711829,103.54171073014108,4761
1,24501861,5249910,115.79205244618,-0.60736352887141,-0.000210516790212,8.5030428574203e-06,8.5814364953055e-06,12813,-9.4786964723354e-06,-6.8156863136934e-06,9.6120908328908e-06,6.9116039454284e-06,-5.7001582185881e-10,-4.098716576663e-10,0.88888294899836,0.8888076754711829,103.54171073014108,4761,1.4636204719602612,0.8888076754711829,103.54171073014108,4761
