time,NumDofs,NumElems,area,gradPx_avg,gradPy_avg,integral_in,integral_out,mem,product_avg,product_int,velx_avg,velx_int,vely_avg,vely_int,vol,M0_ps,M1_ps,M3_ps,Tau_ps,M0_eff_ps,M1_eff_ps,M3_eff_ps
0,0,0,3.0912312618555,-1.0,-7.0313567365043e-18,0.0,0.0,3636,0.0,0.0,0.0,0.0,0.0,0.0,0.99634935430591,0.996331340034779,2.8468255243160594,121,1.008450457314485,0.996331340034779,2.8468255243160594,121
1,10842150,2402870,3.0912312618555,-0.5025626774205,0.0021367868358403,0.0011915104869794,0.001191507089549,6831,-0.0012444567761528,-0.001004963115683,0.0012845197800973,0.0010373160603888,6.6074202103592e-08,5.3358330546098e-08,0.99634935430591,0.996331340034779,2.8468255243160594,121,1.008450457314485,0.996331340034779,2.8468255243160594,121
