time,NumDofs,NumElems,area,gradPx_avg,gradPy_avg,integral_in,integral_out,mem,product_avg,product_int,velx_avg,velx_int,vely_avg,vely_int,vol,M0_ps,M1_ps,M3_ps,Tau_ps,M0_eff_ps,M1_eff_ps,M3_eff_ps
0,0,0,155.36526596672,-1.0,-4.2477313084375e-17,0.0,0.0,5708,0.0,0.0,0.0,0.0,0.0,0.0,0.66903944234082,0.6683758298159446,154.6030989113541,5625,1.756324981178978,0.6683758298159446,154.6030989113541,5625
1,17069229,3596828,155.36526596672,-0.61377577017185,-0.000687825471221,2.1845890618005e-06,2.184247188391e-06,9750,-3.2021428653572e-06,-1.7430932372951e-06,3.2481262465841e-06,1.7681243880635e-06,-9.5571897597608e-11,-5.2024764472609e-11,0.66903944234082,0.6683758298159446,154.6030989113541,5625,1.756324981178978,0.6683758298159446,154.6030989113541,5625
