time,NumDofs,NumElems,area,gradPx_avg,gradPy_avg,integral_in,integral_out,mem,product_avg,product_int,velx_avg,velx_int,vely_avg,vely_int,vol,M0_ps,M1_ps,M3_ps,Tau_ps,M0_eff_ps,M1_eff_ps,M3_eff_ps
0,0,0,114.68799999996,-1.0,-6.9719571287891e-17,0.0,0.0,7199,0.0,0.0,0.0,0.0,0.0,0.0,0.80339200000023,0.8029184621748507,105.41662831150684,4096,1.3407703289649526,0.8029184621748507,105.41662831150684,4096
1,23214663,4969064,114.68799999996,-0.31878349953426,-0.054820154224732,3.3635073466435e-06,3.3632995419051e-06,12198,-4.0530689027219e-06,-2.6285693035865e-06,4.1826517816047e-06,2.7126087280021e-06,1.8875146080537e-07,1.2241249971026e-07,0.80339200000023,0.8029184621748507,105.41662831150684,4096,1.3407703289649526,0.8029184621748507,105.41662831150684,4096
