time,NumDofs,NumElems,area,gradPx_avg,gradPy_avg,integral_in,integral_out,mem,product_avg,product_int,velx_avg,velx_int,vely_avg,vely_int,vol,M0_ps,M1_ps,M3_ps,Tau_ps,M0_eff_ps,M1_eff_ps,M3_eff_ps
0,0,0,62.027004876472,-1.0,-3.1970866301317e-17,0.0,0.0,5764,0.0,0.0,0.0,0.0,0.0,0.0,0.93477629961701,0.9345233553278902,56.3529776422849,2500,1.0754446431042122,0.9345233553278902,56.3529776422849,2500
1,17971731,3889884,62.027004876472,-0.27556147592227,8.3875344972206e-05,1.0800314842928e-05,1.0798709287842e-05,9731,-1.1389378301686e-05,-8.6237802576486e-06,1.1683295606728e-05,8.846327809013e-06,1.6791961954037e-09,1.2714494694147e-09,0.93477629961701,0.9345233553278902,56.3529776422849,2500,1.0754446431042122,0.9345233553278902,56.3529776422849,2500
