time,NumDofs,NumElems,area,gradPx_avg,gradPy_avg,integral_in,integral_out,mem,product_avg,product_int,velx_avg,velx_int,vely_avg,vely_int,vol,M0_ps,M1_ps,M3_ps,Tau_ps,M0_eff_ps,M1_eff_ps,M3_eff_ps
0,0,0,36.123460607473,-1.0,1.2744934537553999e-17,0.0,0.0,4747,0.0,0.0,0.0,0.0,0.0,0.0,0.96938509940769,0.9693505246966879,31.75440807933025,2561,1.0824839203742875,0.9693505246966879,31.75440807933025,2561
1,14981148,3267984,36.123460607473,-0.40417211869227,-0.16712834088339,3.8308664282036e-05,3.8317895987644e-05,8159,-3.9719893180462e-05,-3.1191236682442e-05,4.0496623738761e-05,3.1801187635036e-05,4.7347698162584e-06,3.7181199180172e-06,0.96938509940769,0.9693505246966879,31.75440807933025,2561,1.0824839203742875,0.9693505246966879,31.75440807933025,2561
