time,NumDofs,NumElems,area,gradPx_avg,gradPy_avg,integral_in,integral_out,mem,product_avg,product_int,velx_avg,velx_int,vely_avg,vely_int,vol,M0_ps,M1_ps,M3_ps,Tau_ps,M0_eff_ps,M1_eff_ps,M3_eff_ps
0,0,0,93.40503155606,-1.0,6.9349027408764e-17,0.0,0.0,6694,0.0,0.0,0.0,0.0,0.0,0.0,0.86075999999992,0.8605005602387139,85.70435779492283,3481,1.2645921587216742,0.8605005602387139,85.70435779492283,3481
1,21402453,4599282,93.40503155606,-0.35275217497484,-0.09517640106344,6.1704504591701e-06,6.1701728476304e-06,11410,-7.0558515387944e-06,-4.9221695197073e-06,7.2341679730296e-06,5.0465632534232e-06,6.0463106054644e-07,4.2179126934954e-07,0.86075999999992,0.8605005602387139,85.70435779492283,3481,1.2645921587216742,0.8605005602387139,85.70435779492283,3481
