time,NumDofs,NumElems,area,gradPx_avg,gradPy_avg,integral_in,integral_out,mem,product_avg,product_int,velx_avg,velx_int,vely_avg,vely_int,vol,M0_ps,M1_ps,M3_ps,Tau_ps,M0_eff_ps,M1_eff_ps,M3_eff_ps
0,0,0,58.109575617117,-1.0,8.5946893926526e-18,0.0,0.0,5599,0.0,0.0,0.0,0.0,0.0,0.0,0.93462010017637,0.9343918297516878,53.23854851927368,2304,1.1827846354227658,0.9343918297516878,53.23854851927368,2304
1,17349525,3758116,58.109575617117,-0.51720698729588,-0.0009888385002209,2.20681516763e-05,2.2216421532294e-05,9980,-2.3594741321214e-05,-1.7834041464496e-05,2.3918066907408e-05,1.8078426509123e-05,-5.581137411048e-09,-4.2184923603377e-09,0.93462010017637,0.9343918297516878,53.23854851927368,2304,1.1827846354227658,0.9343918297516878,53.23854851927368,2304
