time,NumDofs,NumElems,area,gradPx_avg,gradPy_avg,integral_in,integral_out,mem,product_avg,product_int,velx_avg,velx_int,vely_avg,vely_int,vol,M0_ps,M1_ps,M3_ps,Tau_ps,M0_eff_ps,M1_eff_ps,M3_eff_ps
0,0,0,84.291965403868,-1.0,3.0863922275916e-17,0.0,0.0,4975,0.0,0.0,0.0,0.0,0.0,0.0,0.86342863849788,0.8631230396665074,83.62346858771772,3481,1.2302214088697287,0.8631230396665074,83.62346858771772,3481
1,15593148,3348937,84.291965403868,-0.46896698771208,0.000823726737967,7.5239911403796e-06,7.3845570681587e-06,8296,-8.5581977305052e-06,-5.9890116959566e-06,8.6591772718449e-06,6.0596770011038e-06,-1.0919933222947e-08,-7.641750033209e-09,0.86342863849788,0.8631230396665074,83.62346858771772,3481,1.2302214088697287,0.8631230396665074,83.62346858771772,3481
