time,NumDofs,NumElems,area,gradPx_avg,gradPy_avg,integral_in,integral_out,mem,product_avg,product_int,velx_avg,velx_int,vely_avg,vely_int,vol,M0_ps,M1_ps,M3_ps,Tau_ps,M0_eff_ps,M1_eff_ps,M3_eff_ps
0,0,0,21.374828761821,-1.0,3.2950720431185e-17,0.0,0.0,4263,0.0,0.0,0.0,0.0,0.0,0.0,0.98188467420547,0.9818765788089204,18.732553484916576,1209,1.0454038935577565,0.9818765788089204,18.732553484916576,1209
1,13122468,2879370,21.374828761821,-0.41712480389798,0.0013362758925602,8.4365738657688e-05,8.4569995679865e-05,7435,-8.7442166041927e-05,-6.9544098235179e-05,8.8622768325726e-05,7.0483049371886e-05,1.3276126115866e-07,1.0558707092659e-07,0.98188467420547,0.9818765788089204,18.732553484916576,1209,1.0454038935577565,0.9818765788089204,18.732553484916576,1209
