time,NumDofs,NumElems,area,gradPx_avg,gradPy_avg,integral_in,integral_out,mem,product_avg,product_int,velx_avg,velx_int,vely_avg,vely_int,vol,M0_ps,M1_ps,M3_ps,Tau_ps,M0_eff_ps,M1_eff_ps,M3_eff_ps
0,0,0,29.532754865327,-1.0,-5.4420948412162e-18,0.0,0.0,4500,0.0,0.0,0.0,0.0,0.0,0.0,0.96512275684753,0.9650864855964434,27.151861565678168,1156,1.0833492621830112,0.9650864855964434,27.151861565678168,1156
1,14039094,3069142,29.532754865327,-0.48916756816622,0.0004348248082751,5.9669381612372e-05,5.9984716301418e-05,7563,-6.2527129363866e-05,-4.8948909757044e-05,6.3775668314155e-05,4.9926319419499e-05,-3.3911959176351e-09,-2.6547731301527e-09,0.96512275684753,0.9650864855964434,27.151861565678168,1156,1.0833492621830112,0.9650864855964434,27.151861565678168,1156
