time,NumDofs,NumElems,area,gradPx_avg,gradPy_avg,integral_in,integral_out,mem,product_avg,product_int,velx_avg,velx_int,vely_avg,vely_int,vol,M0_ps,M1_ps,M3_ps,Tau_ps,M0_eff_ps,M1_eff_ps,M3_eff_ps
0,0,0,40.883520302901,-1.0,4.8188237226819e-17,0.0,0.0,4849,0.0,0.0,0.0,0.0,0.0,0.0,0.96076711557741,0.9607551776900495,36.55222258995145,1681,1.0403739287129472,0.9607551776900495,36.55222258995145,1681
1,15374280,3346812,40.883520302901,-0.25479723457419,0.0003991385619511,2.3039315597002e-05,2.3036070566317e-05,8399,-2.3823147065001e-05,-1.8535507505778e-05,2.4270012350913e-05,1.8883189314503e-05,-3.3512428605884e-09,-2.6074215562971e-09,0.96076711557741,0.9607551776900495,36.55222258995145,1681,1.0403739287129472,0.9607551776900495,36.55222258995145,1681
