time,NumDofs,NumElems,area,gradPx_avg,gradPy_avg,integral_in,integral_out,mem,product_avg,product_int,velx_avg,velx_int,vely_avg,vely_int,vol,M0_ps,M1_ps,M3_ps,Tau_ps,M0_eff_ps,M1_eff_ps,M3_eff_ps
0,0,0,190.18343986804,-1.0,-4.2381864714819995e-18,0.0,0.0,10028,0.0,0.0,0.0,0.0,0.0,0.0,0.66380000000003,0.6629933213119626,181.97103436498895,6724,1.585513914077969,0.6629933213119626,181.97103436498895,6724
1,31813728,6750114,190.18343986804,-0.36824805998285,0.0005826351903184,8.203098600994e-07,8.1216782465572e-07,16405,-1.1359943889618e-06,-6.0910316104248e-07,1.1847686400493e-06,6.3525518327387e-07,-7.905756258310401e-10,-4.2389479861508004e-10,0.66380000000003,0.6629933213119626,181.97103436498895,6724,1.585513914077969,0.6629933213119626,181.97103436498895,6724
