time,NumDofs,NumElems,area,gradPx_avg,gradPy_avg,integral_in,integral_out,mem,product_avg,product_int,velx_avg,velx_int,vely_avg,vely_int,vol,M0_ps,M1_ps,M3_ps,Tau_ps,M0_eff_ps,M1_eff_ps,M3_eff_ps
0,0,0,55.791062421866,-1.0,5.2132857302972996e-17,0.0,0.0,4489,0.0,0.0,0.0,0.0,0.0,0.0,0.90960631516719,0.9094240585379175,55.29479287652027,2304,1.2416105291578214,0.9094240585379175,55.29479287652027,2304
1,13868100,3004434,55.791062421866,-0.69080450821937,0.0001536564591046,2.3469533754425e-05,2.346893508031e-05,7999,-2.596621511109e-05,-1.9087204575128e-05,2.6052189845762e-05,1.9150402747906e-05,1.1852928120029e-09,8.712831765175501e-10,0.90960631516719,0.9094240585379175,55.29479287652027,2304,1.2416105291578214,0.9094240585379175,55.29479287652027,2304
