time,NumDofs,NumElems,area,gradPx_avg,gradPy_avg,integral_in,integral_out,mem,product_avg,product_int,velx_avg,velx_int,vely_avg,vely_int,vol,M0_ps,M1_ps,M3_ps,Tau_ps,M0_eff_ps,M1_eff_ps,M3_eff_ps
0,0,0,60.537177107063,-1.0,-7.751728270133e-18,0.0,0.0,4570,0.0,0.0,0.0,0.0,0.0,0.0,0.90191657461766,0.9017273022999908,59.96963364702615,2500,1.1603512711837656,0.9017273022999908,59.96963364702615,2500
1,14148711,3060324,60.537177107063,-0.48846320724686,-0.12761796846022,1.4599836544513e-05,1.4599458397625e-05,7768,-1.6248374836325e-05,-1.1870262543535e-05,1.6417294622004e-05,1.1993667020905e-05,1.5571338770405e-06,1.1375653332776e-06,0.90191657461766,0.9017273022999908,59.96963364702615,2500,1.1603512711837656,0.9017273022999908,59.96963364702615,2500
