time,NumDofs,NumElems,area,gradPx_avg,gradPy_avg,integral_in,integral_out,mem,product_avg,product_int,velx_avg,velx_int,vely_avg,vely_int,vol,M0_ps,M1_ps,M3_ps,Tau_ps,M0_eff_ps,M1_eff_ps,M3_eff_ps
0,0,0,71.224903616632,-1.0,7.8706954423898e-17,0.0,0.0,4565,0.0,0.0,0.0,0.0,0.0,0.0,0.859992802395,0.8597053827093064,70.80324618803834,2704,1.2878425987895115,0.8597053827093064,70.80324618803834,2704
1,14091309,3038132,71.224903616632,-0.62969641978253,7.5119780382861e-05,1.360773314391e-05,1.3604443197371e-05,7612,-1.5914872292894e-05,-1.1117844773826e-05,1.6047448636157e-05,1.1210460232998e-05,-4.8786199455284e-10,-3.4081165256408003e-10,0.859992802395,0.8597053827093064,70.80324618803834,2704,1.2878425987895115,0.8597053827093064,70.80324618803834,2704
