time,NumDofs,NumElems,area,gradPx_avg,gradPy_avg,integral_in,integral_out,mem,product_avg,product_int,velx_avg,velx_int,vely_avg,vely_int,vol,M0_ps,M1_ps,M3_ps,Tau_ps,M0_eff_ps,M1_eff_ps,M3_eff_ps
0,0,0,35.79615727873,-1.0,1.2710975403225e-17,0.0,0.0,4036,0.0,0.0,0.0,0.0,0.0,0.0,0.92374668751459,0.9235856482504087,35.62423080202941,1296,1.1000714740137585,0.9235856482504087,35.62423080202941,1296
1,12131793,2649692,35.79615727873,-0.50427085530134,-0.054816943720876,3.6770528925948e-05,3.6769931707468e-05,7247,-4.0289306375843e-05,-3.0207031042234e-05,4.0794178208745e-05,3.0585560247641e-05,1.483889214089e-06,1.112550490075e-06,0.92374668751459,0.9235856482504087,35.62423080202941,1296,1.1000714740137585,0.9235856482504087,35.62423080202941,1296
