time,NumDofs,NumElems,area,gradPx_avg,gradPy_avg,integral_in,integral_out,mem,product_avg,product_int,velx_avg,velx_int,vely_avg,vely_int,vol,M0_ps,M1_ps,M3_ps,Tau_ps,M0_eff_ps,M1_eff_ps,M3_eff_ps
0,0,0,51.733415745921,-1.0,-1.127868993777e-17,0.0,0.0,5414,0.0,0.0,0.0,0.0,0.0,0.0,0.93890448323239,0.9387833783800065,47.58093562997809,2025,1.0876967853674415,0.9387833783800065,47.58093562997809,2025
1,16651980,3612706,51.733415745921,-0.32260970195625,0.0016575804645988,1.7792886515996e-05,1.7789258898057e-05,9151,-1.8777361167156e-05,-1.4256868590566e-05,1.9039963714628e-05,1.4456251772128e-05,7.6980168778712e-09,5.8447837296611e-09,0.93890448323239,0.9387833783800065,47.58093562997809,2025,1.0876967853674415,0.9387833783800065,47.58093562997809,2025
