time,NumDofs,NumElems,area,gradPx_avg,gradPy_avg,integral_in,integral_out,mem,product_avg,product_int,velx_avg,velx_int,vely_avg,vely_int,vol,M0_ps,M1_ps,M3_ps,Tau_ps,M0_eff_ps,M1_eff_ps,M3_eff_ps
0,0,0,75.712000000021,-1.0,3.1572733007525e-17,0.0,0.0,6075,0.0,0.0,0.0,0.0,0.0,0.0,0.87020800000015,0.8696872703322477,68.77608813410953,2704,1.1269291829921304,0.8696872703322477,68.77608813410953,2704
1,19007010,4098062,75.712000000021,-0.40650633153739,-0.0002550004281096,8.8812718510097e-06,8.8809483451184e-06,9996,-1.0187788353331e-05,-7.1986318532211e-06,1.035371508747e-05,7.3158747161709e-06,-1.0236201942241e-09,-7.232840612881901e-10,0.87020800000015,0.8696872703322477,68.77608813410953,2704,1.1269291829921304,0.8696872703322477,68.77608813410953,2704
