time,NumDofs,NumElems,area,gradPx_avg,gradPy_avg,integral_in,integral_out,mem,product_avg,product_int,velx_avg,velx_int,vely_avg,vely_int,vol,M0_ps,M1_ps,M3_ps,Tau_ps,M0_eff_ps,M1_eff_ps,M3_eff_ps
0,0,0,123.58373286644,-1.0,1.9531762859521e-17,0.0,0.0,7674,0.0,0.0,0.0,0.0,0.0,0.0,0.86095420610458,0.8606210416825635,113.16877081599756,4900,1.4400524145921112,0.8606210416825635,113.16877081599756,4900
1,24878307,5323012,123.58373286644,-0.49799945795223,-0.0005738492752597,5.8209502076214e-06,5.9053910982424e-06,13060,-6.6791138296059e-06,-4.657879444461e-06,6.8219015084366e-06,4.757456695443e-06,-1.5183442781197e-09,-1.0588627148889e-09,0.86095420610458,0.8606210416825635,113.16877081599756,4900,1.4400524145921112,0.8606210416825635,113.16877081599756,4900
