time,NumDofs,NumElems,area,gradPx_avg,gradPy_avg,integral_in,integral_out,mem,product_avg,product_int,velx_avg,velx_int,vely_avg,vely_int,vol,M0_ps,M1_ps,M3_ps,Tau_ps,M0_eff_ps,M1_eff_ps,M3_eff_ps
0,0,0,150.93458848113,-1.0,7.8780521092593e-17,0.0,0.0,8579,0.0,0.0,0.0,0.0,0.0,0.0,0.7749999999999,0.773976811338107,136.81436671756447,5625,1.7275712613371423,0.773976811338107,136.81436671756447,5625
1,28301004,6036528,150.93458848113,-0.71197219911863,-0.0001775063290166,4.6823961767538e-06,4.6820575130684e-06,14091,-6.0046091953254e-06,-3.7812000478473e-06,6.0519602684836e-06,3.8110177885639e-06,-2.0731057219424002e-10,-1.3054683827056e-10,0.7749999999999,0.773976811338107,136.81436671756447,5625,1.7275712613371423,0.773976811338107,136.81436671756447,5625
