time,NumDofs,NumElems,area,gradPx_avg,gradPy_avg,integral_in,integral_out,mem,product_avg,product_int,velx_avg,velx_int,vely_avg,vely_int,vol,M0_ps,M1_ps,M3_ps,Tau_ps,M0_eff_ps,M1_eff_ps,M3_eff_ps
0,0,0,15.763231232942,-1.0,4.3111208600381e-17,0.0,0.0,4036,0.0,0.0,0.0,0.0,0.0,0.0,0.98226456710448,0.9821737663704162,14.452723111849398,625,1.0227696767067176,0.9821737663704162,14.452723111849398,625
1,12228087,2689977,15.763231232942,-0.29343675181372,0.00176290934736,0.0001187137929322,0.000118704304817,7368,-0.000124072278264,-9.8636326682944e-05,0.0001236944124111,9.8335926785159e-05,1.9334049255895e-08,1.5370392364762e-08,0.98226456710448,0.9821737663704162,14.452723111849398,625,1.0227696767067176,0.9821737663704162,14.452723111849398,625
