time,NumDofs,NumElems,area,gradPx_avg,gradPy_avg,integral_in,integral_out,mem,product_avg,product_int,velx_avg,velx_int,vely_avg,vely_int,vol,M0_ps,M1_ps,M3_ps,Tau_ps,M0_eff_ps,M1_eff_ps,M3_eff_ps
0,0,0,9.9243207802362,-1.0,-7.079697488418299e-19,0.0,0.0,3877,0.0,0.0,0.0,0.0,0.0,0.0,0.9895642079384,0.9895622909144943,9.031378673630128,549,1.0227345176778695,0.9895622909144943,9.031378673630128,549
1,11747736,2592874,9.9243207802362,-0.41459555325283,-0.12142748095713,0.000251603801406,0.0002516674663145,7202,-0.0002623095034208,-0.0002102461195502,0.0002646774867499,0.0002121441038002,1.4411441323389e-05,1.1551047811286e-05,0.9895642079384,0.9895622909144943,9.031378673630128,549,1.0227345176778695,0.9895622909144943,9.031378673630128,549
