time,NumDofs,NumElems,area,gradPx_avg,gradPy_avg,integral_in,integral_out,mem,product_avg,product_int,velx_avg,velx_int,vely_avg,vely_int,vol,M0_ps,M1_ps,M3_ps,Tau_ps,M0_eff_ps,M1_eff_ps,M3_eff_ps
0,0,0,51.948331253258,-1.0,6.0814008376251e-18,0.0,0.0,5448,0.0,0.0,0.0,0.0,0.0,0.0,0.92256000000011,0.9223979020164578,47.7243730264093,1936,1.140935843411246,0.9223979020164578,47.7243730264093,1936
1,16692096,3621546,51.948331253258,-0.3710487324453,-0.082894884743693,2.0120602542036e-05,2.0120722698876e-05,9020,-2.1784277669397e-05,-1.6250286350826e-05,2.1997525228983e-05,1.6409361347916e-05,1.6452922178684e-06,1.2273287219758e-06,0.92256000000011,0.9223979020164578,47.7243730264093,1936,1.140935843411246,0.9223979020164578,47.7243730264093,1936
