time,NumDofs,NumElems,area,gradPx_avg,gradPy_avg,integral_in,integral_out,mem,product_avg,product_int,velx_avg,velx_int,vely_avg,vely_int,vol,M0_ps,M1_ps,M3_ps,Tau_ps,M0_eff_ps,M1_eff_ps,M3_eff_ps
0,0,0,70.846266453342,-1.0,-4.8756951401798e-17,0.0,0.0,6020,0.0,0.0,0.0,0.0,0.0,0.0,0.92028987039743,0.9200726101501601,64.88955547297464,2809,1.2275381858262273,0.9200726101501601,64.88955547297464,2809
1,18912927,4084497,70.846266453342,-0.52142511829135,0.0003073661445778,1.5908834302855e-05,1.6033208478081e-05,9827,-1.7308829121866e-05,-1.2929887319882e-05,1.7569430969928e-05,1.3124559790623e-05,-1.6537281927198e-09,-1.2353533008518e-09,0.92028987039743,0.9200726101501601,64.88955547297464,2809,1.2275381858262273,0.9200726101501601,64.88955547297464,2809
