time,NumDofs,NumElems,area,gradPx_avg,gradPy_avg,integral_in,integral_out,mem,product_avg,product_int,velx_avg,velx_int,vely_avg,vely_int,vol,M0_ps,M1_ps,M3_ps,Tau_ps,M0_eff_ps,M1_eff_ps,M3_eff_ps
0,0,0,139.68123181335,-1.0,4.8256409673704e-19,0.0,0.0,8069,0.0,0.0,0.0,0.0,0.0,0.0,0.76824602953477,0.7681937020333252,126.6020585791522,5041,1.5095823236808255,0.7681937020333252,126.6020585791522,5041
1,26346546,5621568,139.68123181335,-0.62221731681056,0.0004951529530862,4.2071871572832e-06,4.2074460496401e-06,13191,-5.4362172292892e-06,-3.3889788911214e-06,5.4971963957815e-06,3.4269937642077e-06,-3.3891533986495e-10,-2.1128238336233e-10,0.76824602953477,0.7681937020333252,126.6020585791522,5041,1.5095823236808255,0.7681937020333252,126.6020585791522,5041
