time,NumDofs,NumElems,area,gradPx_avg,gradPy_avg,integral_in,integral_out,mem,product_avg,product_int,velx_avg,velx_int,vely_avg,vely_int,vol,M0_ps,M1_ps,M3_ps,Tau_ps,M0_eff_ps,M1_eff_ps,M3_eff_ps
0,0,0,90.498262371816,-1.0,-7.928354396731601e-18,0.0,0.0,6718,0.0,0.0,0.0,0.0,0.0,0.0,0.91315552472643,0.9129089843012679,81.37436011166432,5579,1.2224992762485059,0.9129089843012679,81.37436011166432,5579
1,21542763,4634626,90.498262371816,-0.37913710420135,-0.15199486338672,7.6268530055532e-06,7.6292265723036e-06,11191,-8.2230751890648e-06,-6.0796803809735e-06,8.4388094096648e-06,6.2391821583902e-06,1.1234163218081e-06,8.3059099112274e-07,0.91315552472643,0.9129089843012679,81.37436011166432,5579,1.2224992762485059,0.9129089843012679,81.37436011166432,5579
