time,NumDofs,NumElems,area,gradPx_avg,gradPy_avg,integral_in,integral_out,mem,product_avg,product_int,velx_avg,velx_int,vely_avg,vely_int,vol,M0_ps,M1_ps,M3_ps,Tau_ps,M0_eff_ps,M1_eff_ps,M3_eff_ps
0,0,0,14.843631084597,-1.0,-1.1488373434951999e-17,0.0,0.0,4012,0.0,0.0,0.0,0.0,0.0,0.0,0.98741991264198,0.9874137051658427,12.977533513900541,625,1.048809142164019,0.9874137051658427,12.977533513900541,625
1,12209010,2687196,14.843631084597,-0.65845888821168,-0.0009279080156954,0.0001759755582167,0.0001760206330355,7054,-0.0001846463887054,-0.0001475978650443,0.0001831153264836,0.0001463740040374,-6.9596002929276e-09,-5.563185676144e-09,0.98741991264198,0.9874137051658427,12.977533513900541,625,1.048809142164019,0.9874137051658427,12.977533513900541,625
