time,NumDofs,NumElems,area,gradPx_avg,gradPy_avg,integral_in,integral_out,mem,product_avg,product_int,velx_avg,velx_int,vely_avg,vely_int,vol,M0_ps,M1_ps,M3_ps,Tau_ps,M0_eff_ps,M1_eff_ps,M3_eff_ps
0,0,0,98.474072941949,-1.0,2.8461171406577e-17,0.0,0.0,6958,0.0,0.0,0.0,0.0,0.0,0.0,0.89645085327212,0.8961359592933362,89.05490964400929,4582,1.238612724868838,0.8961359592933362,89.05490964400929,4582
1,22200732,4769433,98.474072941949,-0.37447633464867,0.0012796467793206,6.0561422638468e-06,6.2563604626999e-06,11921,-6.6423126501897e-06,-4.8171592959937e-06,6.8066928921257e-06,4.9363716625626e-06,5.3065254527759e-09,3.848415418015e-09,0.89645085327212,0.8961359592933362,89.05490964400929,4582,1.238612724868838,0.8961359592933362,89.05490964400929,4582
