time,NumDofs,NumElems,area,gradPx_avg,gradPy_avg,integral_in,integral_out,mem,product_avg,product_int,velx_avg,velx_int,vely_avg,vely_int,vol,M0_ps,M1_ps,M3_ps,Tau_ps,M0_eff_ps,M1_eff_ps,M3_eff_ps
0,0,0,48.722547407158,-1.0,-1.5312836445122e-17,0.0,0.0,4173,0.0,0.0,0.0,0.0,0.0,0.0,0.89621076911761,0.8960134698254224,48.47594506047534,1764,1.0987341836653666,0.8960134698254224,48.47594506047534,1764
1,12662334,2751366,48.722547407158,-0.42478512433946,-0.0001410955798762,1.8252443997146e-05,1.8248946139247e-05,6819,-2.0476543538154e-05,-1.484635193363e-05,2.0555289282742e-05,1.4903445897522e-05,-3.6574925465541004e-10,-2.6518353275586e-10,0.89621076911761,0.8960134698254224,48.47594506047534,1764,1.0987341836653666,0.8960134698254224,48.47594506047534,1764
