time,NumDofs,NumElems,area,gradPx_avg,gradPy_avg,integral_in,integral_out,mem,product_avg,product_int,velx_avg,velx_int,vely_avg,vely_int,vol,M0_ps,M1_ps,M3_ps,Tau_ps,M0_eff_ps,M1_eff_ps,M3_eff_ps
0,0,0,140.36890213502,-1.0,5.7490753665968e-17,0.0,0.0,5755,0.0,0.0,0.0,0.0,0.0,0.0,0.72407605176157,0.7235322348103019,139.54138092491,5329,1.2042236677408202,0.7235322348103019,139.54138092491,5329
1,17345808,3672104,140.36890213502,-0.3208521799489,-0.0002383444841757,9.6148567553802e-07,9.6093162513524e-07,9436,-1.258627078054e-06,-7.4080285924609e-07,1.3148973875702e-06,7.7392244399608e-07,4.1999234670597e-10,2.4719914002034004e-10,0.72407605176157,0.7235322348103019,139.54138092491,5329,1.2042236677408202,0.7235322348103019,139.54138092491,5329
