time,NumDofs,NumElems,area,gradPx_avg,gradPy_avg,integral_in,integral_out,mem,product_avg,product_int,velx_avg,velx_int,vely_avg,vely_int,vol,M0_ps,M1_ps,M3_ps,Tau_ps,M0_eff_ps,M1_eff_ps,M3_eff_ps
0,0,0,84.844015788202,-1.0,-1.3101229661347e-18,0.0,0.0,6438,0.0,0.0,0.0,0.0,0.0,0.0,0.90454080598702,0.9043437576555917,77.68124457182886,3364,1.279189332202594,0.9043437576555917,77.68124457182886,3364
1,20482536,4410174,84.844015788202,-0.5121460978919,-0.0008248922277044,1.1628252515059e-05,1.1745342764496e-05,10759,-1.2859087301547e-05,-9.4293421536517e-06,1.3103566318362e-05,9.6086143092002e-06,-2.3984635674555e-09,-1.758751075427e-09,0.90454080598702,0.9043437576555917,77.68124457182886,3364,1.279189332202594,0.9043437576555917,77.68124457182886,3364
