time,NumDofs,NumElems,area,gradPx_avg,gradPy_avg,integral_in,integral_out,mem,product_avg,product_int,velx_avg,velx_int,vely_avg,vely_int,vol,M0_ps,M1_ps,M3_ps,Tau_ps,M0_eff_ps,M1_eff_ps,M3_eff_ps
0,0,0,36.734124734365,-1.0,2.3279186777215e-18,0.0,0.0,4747,0.0,0.0,0.0,0.0,0.0,0.0,0.94524000000004,0.945000220882647,33.27699732935585,1369,1.131182701115588,0.945000220882647,33.27699732935585,1369
1,14935926,3256612,36.734124734365,-0.55516735004757,-0.0002747367324255,4.6931113465515e-05,4.6933170545176e-05,8467,-5.0121728202054e-05,-3.8415916077672e-05,5.0825731666391e-05,3.8955501183264e-05,-1.8687792812258e-09,-1.432330260957e-09,0.94524000000004,0.945000220882647,33.27699732935585,1369,1.131182701115588,0.945000220882647,33.27699732935585,1369
