time,NumDofs,NumElems,area,gradPx_avg,gradPy_avg,integral_in,integral_out,mem,product_avg,product_int,velx_avg,velx_int,vely_avg,vely_int,vol,M0_ps,M1_ps,M3_ps,Tau_ps,M0_eff_ps,M1_eff_ps,M3_eff_ps
0,0,0,74.496118674127,-1.0,2.4865530423057e-17,0.0,0.0,6173,0.0,0.0,0.0,0.0,0.0,0.0,0.91202245585464,0.9117674226207927,68.55426517787579,2916,1.22396914766995,0.9117674226207927,68.55426517787579,2916
1,19462302,4199206,74.496118674127,-0.4729335906752,0.0006247646269998,1.3441020345097e-05,1.3553527501995e-05,10652,-1.4719040233487e-05,-1.08990782892e-05,1.5009908500254e-05,1.1114458909203e-05,-1.3517569832502e-09,-1.0009419741172e-09,0.91202245585464,0.9117674226207927,68.55426517787579,2916,1.22396914766995,0.9117674226207927,68.55426517787579,2916
