time,NumDofs,NumElems,area,gradPx_avg,gradPy_avg,integral_in,integral_out,mem,product_avg,product_int,velx_avg,velx_int,vely_avg,vely_int,vol,M0_ps,M1_ps,M3_ps,Tau_ps,M0_eff_ps,M1_eff_ps,M3_eff_ps
0,0,0,8.0407819578818,-1.0,-1.2821280867625e-18,0.0,0.0,3606,0.0,0.0,0.0,0.0,0.0,0.0,0.97991075318079,0.9798715667808563,8.017937122039529,256,1.0244104528040605,0.9798715667808563,8.017937122039529,256
1,10752741,2378180,8.0407819578818,-0.50699750880689,5.7094291722409e-05,0.0003654048927758,0.0003653613433102,6304,-0.0003848841450488,-0.0003058365074431,0.000394306653208,0.0003133238176475,1.4533621658365e-09,1.1548701461656e-09,0.97991075318079,0.9798715667808563,8.017937122039529,256,1.0244104528040605,0.9798715667808563,8.017937122039529,256
