time,NumDofs,NumElems,area,gradPx_avg,gradPy_avg,integral_in,integral_out,mem,product_avg,product_int,velx_avg,velx_int,vely_avg,vely_int,vol,M0_ps,M1_ps,M3_ps,Tau_ps,M0_eff_ps,M1_eff_ps,M3_eff_ps
0,0,0,21.951999999999,-1.0,3.0877991108184e-17,0.0,0.0,4246,0.0,0.0,0.0,0.0,0.0,0.0,0.96236799999986,0.9622210352568865,21.015770459116393,784,1.0565696878347148,0.9622210352568865,21.015770459116393,784
1,13051980,2863042,21.951999999999,-0.40673153111597,0.000611296021482,8.4850206169851e-05,8.4961452244763e-05,7606,-9.0311957237574e-05,-7.0227302376751e-05,9.0240056728611e-05,7.0171391964239e-05,-1.0679446942533e-08,-8.304423606686e-09,0.96236799999986,0.9622210352568865,21.015770459116393,784,1.0565696878347148,0.9622210352568865,21.015770459116393,784
