time,NumDofs,NumElems,area,gradPx_avg,gradPy_avg,integral_in,integral_out,mem,product_avg,product_int,velx_avg,velx_int,vely_avg,vely_int,vol,M0_ps,M1_ps,M3_ps,Tau_ps,M0_eff_ps,M1_eff_ps,M3_eff_ps
0,0,0,125.5298904492,-1.0,1.5603783672907e-17,0.0,0.0,5922,0.0,0.0,0.0,0.0,0.0,0.0,0.79661420912762,0.7961885695238172,124.5173155284735,5184,1.35796933631846,0.7961885695238172,124.5173155284735,5184
1,18108594,3851726,125.5298904492,-0.44599794493816,-0.0031997651612541,2.9077059376363e-06,2.9555986718171e-06,9769,-3.5623864115613e-06,-2.3012826327999e-06,3.6276583552573e-06,2.3434479604997e-06,1.276033915024e-08,8.2431110728985e-09,0.79661420912762,0.7961885695238172,124.5173155284735,5184,1.35796933631846,0.7961885695238172,124.5173155284735,5184
