time,NumDofs,NumElems,area,gradPx_avg,gradPy_avg,integral_in,integral_out,mem,product_avg,product_int,velx_avg,velx_int,vely_avg,vely_int,vol,M0_ps,M1_ps,M3_ps,Tau_ps,M0_eff_ps,M1_eff_ps,M3_eff_ps
0,0,0,125.52989044919,-1.0,-1.0401763949099e-17,0.0,0.0,5962,0.0,0.0,0.0,0.0,0.0,0.0,0.79661420912765,0.796211661800555,124.40822652649602,5184,1.707075397360611,0.796211661800555,124.40822652649602,5184
1,18270045,3887604,125.52989044919,-0.73069626603934,0.0001568636169226,5.9312993664426e-06,5.9306997642731e-06,9665,-7.4015394467617e-06,-4.7822159462252e-06,7.4484762242513e-06,4.8125423137856e-06,-1.1781619205586e-10,-7.612233595804e-11,0.79661420912765,0.796211661800555,124.40822652649602,5184,1.707075397360611,0.796211661800555,124.40822652649602,5184
