time,NumDofs,NumElems,area,gradPx_avg,gradPy_avg,integral_in,integral_out,mem,product_avg,product_int,velx_avg,velx_int,vely_avg,vely_int,vol,M0_ps,M1_ps,M3_ps,Tau_ps,M0_eff_ps,M1_eff_ps,M3_eff_ps
0,0,0,56.434131053207,-1.0,-7.1894393663509e-17,0.0,0.0,5573,0.0,0.0,0.0,0.0,0.0,0.0,0.93335308812857,0.9332452480110521,51.89521681843253,2209,1.1650895922330597,0.9332452480110521,51.89521681843253,2209
1,17254632,3738778,56.434131053207,-0.47503662141473,-0.0007846962599242,2.1570389553367e-05,2.1719965326109e-05,10378,-2.3172503459604e-05,-1.7482689263432e-05,2.3511429696521e-05,1.7738395000777e-05,-6.4566218158277e-09,-4.8712523916285e-09,0.93335308812857,0.9332452480110521,51.89521681843253,2209,1.1650895922330597,0.9332452480110521,51.89521681843253,2209
