time,NumDofs,NumElems,area,gradPx_avg,gradPy_avg,integral_in,integral_out,mem,product_avg,product_int,velx_avg,velx_int,vely_avg,vely_int,vol,M0_ps,M1_ps,M3_ps,Tau_ps,M0_eff_ps,M1_eff_ps,M3_eff_ps
0,0,0,62.479955185624,-1.0,5.7361987857089e-17,0.0,0.0,5711,0.0,0.0,0.0,0.0,0.0,0.0,0.88955000000028,0.8893337777759929,56.720496464221185,2209,1.1426732694401758,0.8893337777759929,56.720496464221185,2209
1,17684124,3823912,62.479955185624,-0.45546403382904,0.0002083322813664,1.5269434889136e-05,1.5269029789506e-05,9488,-1.7240860073978e-05,-1.2382128503151e-05,1.740279588375e-05,1.2498428385944e-05,-1.1336276027256e-10,-8.141544326348801e-11,0.88955000000028,0.8893337777759929,56.720496464221185,2209,1.1426732694401758,0.8893337777759929,56.720496464221185,2209
