time,NumDofs,NumElems,area,gradPx_avg,gradPy_avg,integral_in,integral_out,mem,product_avg,product_int,velx_avg,velx_int,vely_avg,vely_int,vol,M0_ps,M1_ps,M3_ps,Tau_ps,M0_eff_ps,M1_eff_ps,M3_eff_ps
0,0,0,122.06716391868,-1.0,-1.3638503747635001e-16,0.0,0.0,5906,0.0,0.0,0.0,0.0,0.0,0.0,0.80222458105942,0.8018250930719154,120.9420785434211,5041,1.3365765902863507,0.8018250930719154,120.9420785434211,5041
1,18061416,3845961,122.06716391868,-0.48350091768835,-0.13136050798981,3.4286994266816e-06,3.4286865986661e-06,9685,-4.2226915625559e-06,-2.7484487435793e-06,4.3005864715366e-06,2.7991486731261e-06,4.6625273332891e-07,3.0347273063264e-07,0.80222458105942,0.8018250930719154,120.9420785434211,5041,1.3365765902863507,0.8018250930719154,120.9420785434211,5041
