time,NumDofs,NumElems,area,gradPx_avg,gradPy_avg,integral_in,integral_out,mem,product_avg,product_int,velx_avg,velx_int,vely_avg,vely_int,vol,M0_ps,M1_ps,M3_ps,Tau_ps,M0_eff_ps,M1_eff_ps,M3_eff_ps
0,0,0,26.160502579669,-1.0,-2.5842089684167e-17,0.0,0.0,4392,0.0,0.0,0.0,0.0,0.0,0.0,0.96910527942211,0.9691075537849245,24.09763482778742,1237,1.0615139359300003,0.9691075537849245,24.09763482778742,1237
1,13655568,2989546,26.160502579669,-0.39871613881071,-0.07147820398396,6.3714646903659e-05,6.3718408246233e-05,7365,-6.6373991778425e-05,-5.2181653847542e-05,6.7585965051846e-05,5.3134478412279e-05,3.0470382667439e-06,2.3955090214587e-06,0.96910527942211,0.9691075537849245,24.09763482778742,1237,1.0615139359300003,0.9691075537849245,24.09763482778742,1237
