time,NumDofs,NumElems,area,gradPx_avg,gradPy_avg,integral_in,integral_out,mem,product_avg,product_int,velx_avg,velx_int,vely_avg,vely_int,vol,M0_ps,M1_ps,M3_ps,Tau_ps,M0_eff_ps,M1_eff_ps,M3_eff_ps
0,0,0,33.295383280588,-1.0,-3.8472201809252e-17,0.0,0.0,4641,0.0,0.0,0.0,0.0,0.0,0.0,0.9680488882962,0.9680523371392082,29.658860237420317,1665,1.072969321311536,0.9680523371392082,29.658860237420317,1665
1,14585232,3184156,33.295383280588,-0.40262283767948,0.0038716565798555,4.30792705557e-05,4.2852214541263e-05,7748,-4.462289753494e-05,-3.5010208172945e-05,4.5489608407057e-05,3.5690211707785e-05,-2.1750635799825e-07,-1.7065101759685e-07,0.9680488882962,0.9680523371392082,29.658860237420317,1665,1.072969321311536,0.9680523371392082,29.658860237420317,1665
