time,NumDofs,NumElems,area,gradPx_avg,gradPy_avg,integral_in,integral_out,mem,product_avg,product_int,velx_avg,velx_int,vely_avg,vely_int,vol,M0_ps,M1_ps,M3_ps,Tau_ps,M0_eff_ps,M1_eff_ps,M3_eff_ps
0,0,0,34.137379839925,-1.0,4.3516874257701996e-17,0.0,0.0,4044,0.0,0.0,0.0,0.0,0.0,0.0,0.93289595854372,0.9326719571407344,33.95486522168851,1296,1.0915880458699299,0.9326719571407344,33.95486522168851,1296
1,12141387,2652688,34.137379839925,-0.4965778643952,-0.0029356961072512,3.9103593886267e-05,3.9163627324718e-05,6926,-4.2455728053736e-05,-3.2137869789306e-05,4.3003475133513e-05,3.2552499926023e-05,1.8823224571995e-07,1.4248686055837e-07,0.93289595854372,0.9326719571407344,33.95486522168851,1296,1.0915880458699299,0.9326719571407344,33.95486522168851,1296
