time,NumDofs,NumElems,area,gradPx_avg,gradPy_avg,integral_in,integral_out,mem,product_avg,product_int,velx_avg,velx_int,vely_avg,vely_int,vol,M0_ps,M1_ps,M3_ps,Tau_ps,M0_eff_ps,M1_eff_ps,M3_eff_ps
0,0,0,135.34040946433,-1.0,-1.0351623736392e-16,0.0,0.0,5444,0.0,0.0,0.0,0.0,0.0,0.0,0.7116965808837,0.711138710286304,134.6544346847058,4900,1.2507440560249277,0.711138710286304,134.6544346847058,4900
1,16121532,3411362,135.34040946433,-0.3709003947158,0.00083973639525,1.2655105183962e-06,1.2649999775655e-06,9532,-1.7112746178814e-06,-9.864872714142e-07,1.7627901052142e-06,1.0161840670094e-06,3.9450302521794003e-10,2.2741657525062003e-10,0.7116965808837,0.711138710286304,134.6544346847058,4900,1.2507440560249277,0.711138710286304,134.6544346847058,4900
