time,NumDofs,NumElems,area,gradPx_avg,gradPy_avg,integral_in,integral_out,mem,product_avg,product_int,velx_avg,velx_int,vely_avg,vely_int,vol,M0_ps,M1_ps,M3_ps,Tau_ps,M0_eff_ps,M1_eff_ps,M3_eff_ps
0,0,0,65.851427160347,-1.0,-2.6243684241642e-17,0.0,0.0,4471,0.0,0.0,0.0,0.0,0.0,0.0,0.87055547558708,0.8703147778522978,65.44615726467231,2500,1.1818014590407873,0.8703147778522978,65.44615726467231,2500
1,13727043,2964120,65.851427160347,-0.49984006067817,-0.080630313394146,1.213221295049e-05,1.2132200230493e-05,7849,-1.3992823540369e-05,-9.8669734496922e-06,1.4112061339708e-05,9.9510534208917e-06,8.4406111175614e-07,5.9518570755847e-07,0.87055547558708,0.8703147778522978,65.44615726467231,2500,1.1818014590407873,0.8703147778522978,65.44615726467231,2500
