time,NumDofs,NumElems,area,gradPx_avg,gradPy_avg,integral_in,integral_out,mem,product_avg,product_int,velx_avg,velx_int,vely_avg,vely_int,vol,M0_ps,M1_ps,M3_ps,Tau_ps,M0_eff_ps,M1_eff_ps,M3_eff_ps
0,0,0,60.556029104467,-1.0,1.0126992971521e-17,0.0,0.0,5683,0.0,0.0,0.0,0.0,0.0,0.0,0.9318675609911,0.9317753743960867,55.463338216930445,2401,1.0881759044449302,0.9317753743960867,55.463338216930445,2401
1,17667768,3824795,60.556029104467,-0.30429041314315,0.0017105212392658,1.2270374125594e-05,1.2269464025422e-05,9580,-1.3027979291454e-05,-9.8241561804751e-06,1.329431006868e-05,1.002499125187e-05,3.9358790359504e-09,2.9679729673809e-09,0.9318675609911,0.9317753743960867,55.463338216930445,2401,1.0881759044449302,0.9317753743960867,55.463338216930445,2401
