time,NumDofs,NumElems,area,gradPx_avg,gradPy_avg,integral_in,integral_out,mem,product_avg,product_int,velx_avg,velx_int,vely_avg,vely_int,vol,M0_ps,M1_ps,M3_ps,Tau_ps,M0_eff_ps,M1_eff_ps,M3_eff_ps
0,0,0,69.272580744582,-1.0,-7.3193722593772e-17,0.0,0.0,5903,0.0,0.0,0.0,0.0,0.0,0.0,0.88506547784907,0.8847233545246806,62.82891203227259,2500,1.2230690269553368,0.8847233545246806,62.82891203227259,2500
1,18377874,3967638,69.272580744582,-0.54566035111272,0.0004612615296822,1.5656074493326e-05,1.5656089487443e-05,9905,-1.7716742399823e-05,-1.2701091727549e-05,1.7887941872571e-05,1.282382423435e-05,-1.4121269961093e-09,-1.0123505836327e-09,0.88506547784907,0.8847233545246806,62.82891203227259,2500,1.2230690269553368,0.8847233545246806,62.82891203227259,2500
