time,NumDofs,NumElems,area,gradPx_avg,gradPy_avg,integral_in,integral_out,mem,product_avg,product_int,velx_avg,velx_int,vely_avg,vely_int,vol,M0_ps,M1_ps,M3_ps,Tau_ps,M0_eff_ps,M1_eff_ps,M3_eff_ps
0,0,0,72.367037620939,-1.0,-5.7178061597033e-19,0.0,0.0,4380,0.0,0.0,0.0,0.0,0.0,0.0,0.81919677863796,0.8188521331239633,72.08226956175889,2304,1.226846662846486,0.8188521331239633,72.08226956175889,2304
1,13354308,2876434,72.367037620939,-0.50449834884406,-0.0002272320617232,9.5436503949661e-06,9.5416777022602e-06,7705,-1.1698548113081e-05,-7.7390089994117e-06,1.1731731786324e-05,7.7609611889809e-06,2.9047070981162005e-10,1.9215678865175002e-10,0.81919677863796,0.8188521331239633,72.08226956175889,2304,1.226846662846486,0.8188521331239633,72.08226956175889,2304
