time,NumDofs,NumElems,area,gradPx_avg,gradPy_avg,integral_in,integral_out,mem,product_avg,product_int,velx_avg,velx_int,vely_avg,vely_int,vol,M0_ps,M1_ps,M3_ps,Tau_ps,M0_eff_ps,M1_eff_ps,M3_eff_ps
0,0,0,159.09176446305,-1.0,9.4994994739177e-18,0.0,0.0,8824,0.0,0.0,0.0,0.0,0.0,0.0,0.76283999999984,0.7623784643435166,144.0877288705837,5929,1.1244088854007093,0.7623784643435166,144.0877288705837,5929
1,29207577,6224410,159.09176446305,-0.2982157140988,4.7388247145778e-05,7.3263940153085e-07,7.320882839679e-07,15388,-9.3025557178378e-07,-5.7625397051005e-07,9.6664456917677e-07,5.9879541489009e-07,-1.1071892858046e-10,-6.858569208326801e-11,0.76283999999984,0.7623784643435166,144.0877288705837,5929,1.1244088854007093,0.7623784643435166,144.0877288705837,5929
