time,NumDofs,NumElems,area,gradPx_avg,gradPy_avg,integral_in,integral_out,mem,product_avg,product_int,velx_avg,velx_int,vely_avg,vely_int,vol,M0_ps,M1_ps,M3_ps,Tau_ps,M0_eff_ps,M1_eff_ps,M3_eff_ps
0,0,0,25.199999999998,-1.0,-6.9648406360423e-17,0.0,0.0,4360,0.0,0.0,0.0,0.0,0.0,0.0,0.95679999999988,0.9566045919494299,23.185458669432585,900,1.06690821763476,0.9566045919494299,23.185458669432585,900
1,13454640,2947186,25.199999999998,-0.38969130956233,-0.033103970063587,6.7667168998358e-05,6.7666346318491e-05,7519,-7.1941645193914e-05,-5.575495074011e-05,7.2618284476151e-05,5.627934783651e-05,1.8781019841044e-06,1.4555336248761e-06,0.95679999999988,0.9566045919494299,23.185458669432585,900,1.06690821763476,0.9566045919494299,23.185458669432585,900
