time,NumDofs,NumElems,area,gradPx_avg,gradPy_avg,integral_in,integral_out,mem,product_avg,product_int,velx_avg,velx_int,vely_avg,vely_int,vol,M0_ps,M1_ps,M3_ps,Tau_ps,M0_eff_ps,M1_eff_ps,M3_eff_ps
0,0,0,25.406261197406,-1.0,1.1313763361599e-17,0.0,0.0,4334,0.0,0.0,0.0,0.0,0.0,0.0,0.97328437232293,0.973218983056293,23.068123127693855,1024,1.0800082237443933,0.973218983056293,23.068123127693855,1024
1,13380849,2930204,25.406261197406,-0.57420219046475,-0.0003386722299627,8.0093109534079e-05,8.0314870403422e-05,7229,-8.3904771950205e-05,-6.6229906783588e-05,8.4755395133581e-05,6.6901342899001e-05,-5.0413858197125e-09,-3.979398371976e-09,0.97328437232293,0.973218983056293,23.068123127693855,1024,1.0800082237443933,0.973218983056293,23.068123127693855,1024
