time,NumDofs,NumElems,area,gradPx_avg,gradPy_avg,integral_in,integral_out,mem,product_avg,product_int,velx_avg,velx_int,vely_avg,vely_int,vol,M0_ps,M1_ps,M3_ps,Tau_ps,M0_eff_ps,M1_eff_ps,M3_eff_ps
0,0,0,6.7431861412198,-1.0,-3.3206181841054e-18,0.0,0.0,3623,0.0,0.0,0.0,0.0,0.0,0.0,0.98674488069889,0.9867179248276111,6.703423215172229,256,1.017987888339918,0.9867179248276111,6.703423215172229,256
1,10764801,2382140,6.7431861412198,-0.50481307096475,-0.079640678560115,0.0004173228396977,0.0004173218723072,6398,-0.0004358817516787,-0.0003486416617582,0.0004472354562149,0.0003577229651193,1.3656738874543e-05,1.0923394056027e-05,0.98674488069889,0.9867179248276111,6.703423215172229,256,1.017987888339918,0.9867179248276111,6.703423215172229,256
