time,NumDofs,NumElems,area,gradPx_avg,gradPy_avg,integral_in,integral_out,mem,product_avg,product_int,velx_avg,velx_int,vely_avg,vely_int,vol,M0_ps,M1_ps,M3_ps,Tau_ps,M0_eff_ps,M1_eff_ps,M3_eff_ps
0,0,0,45.979631647642,-1.0,-3.1568432192127e-17,0.0,0.0,5290,0.0,0.0,0.0,0.0,0.0,0.0,0.96103192140255,0.960899755422669,40.371708462740074,2562,1.1006767849165395,0.960899755422669,40.371708462740074,2562
1,16157346,3513038,45.979631647642,-0.39910008469488,-0.0003081673460681,2.5773633930386e-05,2.5609969669894e-05,8511,-2.6743164894285e-05,-2.0800607133842e-05,2.7038685537209e-05,2.1030460586779e-05,3.4492853270573e-08,2.6828249111225e-08,0.96103192140255,0.960899755422669,40.371708462740074,2562,1.1006767849165395,0.960899755422669,40.371708462740074,2562
