time,NumDofs,NumElems,area,gradPx_avg,gradPy_avg,integral_in,integral_out,mem,product_avg,product_int,velx_avg,velx_int,vely_avg,vely_int,vol,M0_ps,M1_ps,M3_ps,Tau_ps,M0_eff_ps,M1_eff_ps,M3_eff_ps
0,0,0,103.14534366605,-1.0,-7.1372513612022e-17,0.0,0.0,7013,0.0,0.0,0.0,0.0,0.0,0.0,0.84623999999989,0.84602873080831,93.47092204207263,3844,1.0984740405592472,0.84602873080831,93.47092204207263,3844
1,22524726,4832462,103.14534366605,-0.32313580467616,5.8303733726814e-05,3.2244542832422e-06,3.224855207778e-06,12487,-3.7417635740243e-06,-2.5616065425953e-06,3.8246458190115e-06,2.6183476211867e-06,4.878758848298301e-10,3.3399920487506e-10,0.84623999999989,0.84602873080831,93.47092204207263,3844,1.0984740405592472,0.84602873080831,93.47092204207263,3844
