time,NumDofs,NumElems,area,gradPx_avg,gradPy_avg,integral_in,integral_out,mem,product_avg,product_int,velx_avg,velx_int,vely_avg,vely_int,vol,M0_ps,M1_ps,M3_ps,Tau_ps,M0_eff_ps,M1_eff_ps,M3_eff_ps
0,0,0,14.658078085562,-1.0,1.6608329878454e-17,0.0,0.0,4046,0.0,0.0,0.0,0.0,0.0,0.0,0.97567985511266,0.975710940919916,13.280642350940067,529,1.0443870397240518,0.975710940919916,13.280642350940067,529
1,12299994,2707664,14.658078085562,-0.48538722975134,0.0007930189972897,0.0001667239562225,0.0001667242668805,7478,-0.0001770839756637,-0.0001398479301158,0.0001761401553423,0.0001391025700805,-8.918215053085e-09,-7.0429518584451e-09,0.97567985511266,0.975710940919916,13.280642350940067,529,1.0443870397240518,0.975710940919916,13.280642350940067,529
