time,NumDofs,NumElems,area,gradPx_avg,gradPy_avg,integral_in,integral_out,mem,product_avg,product_int,velx_avg,velx_int,vely_avg,vely_int,vol,M0_ps,M1_ps,M3_ps,Tau_ps,M0_eff_ps,M1_eff_ps,M3_eff_ps
0,0,0,3.0021070360214,-1.0,6.8360395733211e-18,0.0,0.0,3649,0.0,0.0,0.0,0.0,0.0,0.0,0.99684317290077,0.996844390183172,2.7325436601553528,169,1.0068461357573757,0.996844390183172,2.7325436601553528,169
1,10884852,2412561,3.0021070360214,-0.43818094308034,-0.098017574214634,0.0011547000798892,0.0011547301980718,6810,-0.0012020290896273,-0.0009711095380281,0.0012444463882054,0.0010053781290148,4.5313328729521e-05,3.6608270223049e-05,0.99684317290077,0.996844390183172,2.7325436601553528,169,1.0068461357573757,0.996844390183172,2.7325436601553528,169
