time,NumDofs,NumElems,area,gradPx_avg,gradPy_avg,integral_in,integral_out,mem,product_avg,product_int,velx_avg,velx_int,vely_avg,vely_int,vol,M0_ps,M1_ps,M3_ps,Tau_ps,M0_eff_ps,M1_eff_ps,M3_eff_ps
0,0,0,72.555933733872,-1.0,-2.8118658817447e-17,0.0,0.0,6073,0.0,0.0,0.0,0.0,0.0,0.0,0.89183999999992,0.8919201127706314,65.62094628794229,2704,1.0736330738643098,0.8919201127706314,65.62094628794229,2704
1,19021305,4104844,72.555933733872,-0.33063772623477,0.000117746417737,7.8177809321715e-06,7.8180098273284e-06,9947,-8.7159428744796e-06,-6.3115373590944e-06,8.8974735101421e-06,6.4429904222115e-06,-2.8895296616136e-10,-2.0924155506899e-10,0.89183999999992,0.8919201127706314,65.62094628794229,2704,1.0736330738643098,0.8919201127706314,65.62094628794229,2704
