time,NumDofs,NumElems,area,gradPx_avg,gradPy_avg,integral_in,integral_out,mem,product_avg,product_int,velx_avg,velx_int,vely_avg,vely_int,vol,M0_ps,M1_ps,M3_ps,Tau_ps,M0_eff_ps,M1_eff_ps,M3_eff_ps
0,0,0,87.79489267502,-1.0,-3.0274228264867e-17,0.0,0.0,6526,0.0,0.0,0.0,0.0,0.0,0.0,0.90122073294913,0.9009381488427757,80.41355026067093,3481,1.1282427099799728,0.9009381488427757,80.41355026067093,3481
1,20805528,4477075,87.79489267502,-0.2943478826648,0.0009940283870833,5.4658271910016e-06,5.4675366465831e-06,10934,-5.9213764220991e-06,-4.3244402631729e-06,6.1156977289822e-06,4.466355051826e-06,7.339098140245601e-10,5.3598165748437e-10,0.90122073294913,0.9009381488427757,80.41355026067093,3481,1.1282427099799728,0.9009381488427757,80.41355026067093,3481
