time,NumDofs,NumElems,area,gradPx_avg,gradPy_avg,integral_in,integral_out,mem,product_avg,product_int,velx_avg,velx_int,vely_avg,vely_int,vol,M0_ps,M1_ps,M3_ps,Tau_ps,M0_eff_ps,M1_eff_ps,M3_eff_ps
0,0,0,106.61289590207,-1.0,6.2699880189489e-17,0.0,0.0,7345,0.0,0.0,0.0,0.0,0.0,0.0,0.90964478056617,0.9094541788988799,93.7906411873696,7556,1.2601299351905855,0.9094541788988799,93.7906411873696,7556
1,23674632,5083128,106.61289590207,-0.37886828870173,-0.17551705298539,5.6359824951653e-06,5.6382646200584e-06,12459,-6.0692490889477e-06,-4.4666688871334e-06,6.2449845676321e-06,4.5960015580292e-06,1.0391767631921e-06,7.6478299841652e-07,0.90964478056617,0.9094541788988799,93.7906411873696,7556,1.2601299351905855,0.9094541788988799,93.7906411873696,7556
