time,NumDofs,NumElems,area,gradPx_avg,gradPy_avg,integral_in,integral_out,mem,product_avg,product_int,velx_avg,velx_int,vely_avg,vely_int,vol,M0_ps,M1_ps,M3_ps,Tau_ps,M0_eff_ps,M1_eff_ps,M3_eff_ps
0,0,0,166.01199999983,-1.0,-4.9696202170308e-17,0.0,0.0,8716,0.0,0.0,0.0,0.0,0.0,0.0,0.71540800000022,0.7147441174935041,158.7195587322571,5929,1.4934043532544015,0.7147441174935041,158.7195587322571,5929
1,28756188,6116196,166.01199999983,-0.37736087747007,1.6940762701481e-05,1.2911059274501e-06,1.3135822130623e-06,14789,-1.7407973479741e-06,-1.0122501674916e-06,1.8099590538333e-06,1.0524667661793e-06,-2.3819448734039e-09,-1.3850688018711e-09,0.71540800000022,0.7147441174935041,158.7195587322571,5929,1.4934043532544015,0.7147441174935041,158.7195587322571,5929
