time,NumDofs,NumElems,area,gradPx_avg,gradPy_avg,integral_in,integral_out,mem,product_avg,product_int,velx_avg,velx_int,vely_avg,vely_int,vol,M0_ps,M1_ps,M3_ps,Tau_ps,M0_eff_ps,M1_eff_ps,M3_eff_ps
0,0,0,24.858442554673,-1.0,-4.3533077299678e-17,0.0,0.0,3865,0.0,0.0,0.0,0.0,0.0,0.0,0.94704631077367,0.9469339480564335,24.726384986199424,900,1.0686415972131136,0.9469339480564335,24.726384986199424,900
1,11583135,2541496,24.858442554673,-0.50214099134389,0.0026142817046573,6.6245495186625e-05,6.612023612631e-05,6995,-7.1407664625807e-05,-5.4777705561177e-05,7.1750288328909e-05,5.5040536455103e-05,-1.0425396619625e-07,-7.9974511052965e-08,0.94704631077367,0.9469339480564335,24.726384986199424,900,1.0686415972131136,0.9469339480564335,24.726384986199424,900
