time,NumDofs,NumElems,area,gradPx_avg,gradPy_avg,integral_in,integral_out,mem,product_avg,product_int,velx_avg,velx_int,vely_avg,vely_int,vol,M0_ps,M1_ps,M3_ps,Tau_ps,M0_eff_ps,M1_eff_ps,M3_eff_ps
0,0,0,41.894664373166,-1.0,-2.2046059044695e-17,0.0,0.0,4898,0.0,0.0,0.0,0.0,0.0,0.0,0.96449396144299,0.964455966040297,36.63494700287468,1764,1.1447144692466669,0.964455966040297,36.63494700287468,1764
1,15553935,3385712,41.894664373166,-0.65789747733703,-0.0009583705723125,4.2838953942908e-05,4.305631743673e-05,8984,-4.4896087821819e-05,-3.5060984571891e-05,4.514717753202e-05,3.5257069640381e-05,-1.8961401382561e-09,-1.4807646581008e-09,0.96449396144299,0.964455966040297,36.63494700287468,1764,1.1447144692466669,0.964455966040297,36.63494700287468,1764
