time,NumDofs,NumElems,area,gradPx_avg,gradPy_avg,integral_in,integral_out,mem,product_avg,product_int,velx_avg,velx_int,vely_avg,vely_int,vol,M0_ps,M1_ps,M3_ps,Tau_ps,M0_eff_ps,M1_eff_ps,M3_eff_ps
0,0,0,25.199999999999,-1.0,-2.2390747833030998e-17,0.0,0.0,4347,0.0,0.0,0.0,0.0,0.0,0.0,0.95679999999988,0.95670599716467,24.0824177942525,900,1.0636748028913436,0.95670599716467,24.0824177942525,900
1,13418802,2939222,25.199999999999,-0.40564545705216,0.0002601286462641,6.820399543682e-05,6.8327681206206e-05,7275,-7.2575745105327e-05,-5.6247763200016e-05,7.3188875949029e-05,5.6722952789281e-05,2.96065662601e-08,2.2945725541596e-08,0.95679999999988,0.95670599716467,24.0824177942525,900,1.0636748028913436,0.95670599716467,24.0824177942525,900
