time,NumDofs,NumElems,area,gradPx_avg,gradPy_avg,integral_in,integral_out,mem,product_avg,product_int,velx_avg,velx_int,vely_avg,vely_int,vol,M0_ps,M1_ps,M3_ps,Tau_ps,M0_eff_ps,M1_eff_ps,M3_eff_ps
0,0,0,58.186321038883,-1.0,-1.4614452300189e-17,0.0,0.0,4355,0.0,0.0,0.0,0.0,0.0,0.0,0.88562281822852,0.8854502592359067,57.80346836780326,2209,1.1588877429699238,0.8854502592359067,57.80346836780326,2209
1,13333860,2886640,58.186321038883,-0.49471482628865,0.0032411523383868,1.5221431281126e-05,1.5150357678101e-05,7426,-1.7385310873502e-05,-1.2430483559962e-05,1.7425774792114e-05,1.2459415229849e-05,-3.6921842593866e-08,-2.6399088328416e-08,0.88562281822852,0.8854502592359067,57.80346836780326,2209,1.1588877429699238,0.8854502592359067,57.80346836780326,2209
