time,NumDofs,NumElems,area,gradPx_avg,gradPy_avg,integral_in,integral_out,mem,product_avg,product_int,velx_avg,velx_int,vely_avg,vely_int,vol,M0_ps,M1_ps,M3_ps,Tau_ps,M0_eff_ps,M1_eff_ps,M3_eff_ps
0,0,0,6.5401256449175,-1.0,-3.5125148511603e-17,0.0,0.0,3728,0.0,0.0,0.0,0.0,0.0,0.0,0.99227631985459,0.9922108746551219,6.037220131656427,256,1.0180289209308013,0.9922108746551219,6.037220131656427,256
1,11212104,2479322,6.5401256449175,-0.49525179707778,-0.000944579044543,0.0004718628961968,0.0004718789705837,6892,-0.0004880995474067,-0.0003924736744891,0.0005028460579864,0.0004043311269778,-4.2656485791344e-08,-3.4299453478849e-08,0.99227631985459,0.9922108746551219,6.037220131656427,256,1.0180289209308013,0.9922108746551219,6.037220131656427,256
