time,NumDofs,NumElems,area,gradPx_avg,gradPy_avg,integral_in,integral_out,mem,product_avg,product_int,velx_avg,velx_int,vely_avg,vely_int,vol,M0_ps,M1_ps,M3_ps,Tau_ps,M0_eff_ps,M1_eff_ps,M3_eff_ps
0,0,0,22.329721755532,-1.0,-4.5172812217470004e-17,0.0,0.0,4249,0.0,0.0,0.0,0.0,0.0,0.0,0.97651946786136,0.9764288095228533,20.28784275775327,900,1.0271559665671322,0.9764288095228533,20.28784275775327,900
1,13067694,2865698,22.329721755532,-0.27957901896086,0.0014371275068254,6.7159044443892e-05,6.7182691721757e-05,7022,-6.9618514492516e-05,-5.5066319134856e-05,7.0592317199077e-05,5.5836570137837e-05,4.2991741575566e-09,3.4005278323166e-09,0.97651946786136,0.9764288095228533,20.28784275775327,900,1.0271559665671322,0.9764288095228533,20.28784275775327,900
