time,NumDofs,NumElems,area,gradPx_avg,gradPy_avg,integral_in,integral_out,mem,product_avg,product_int,velx_avg,velx_int,vely_avg,vely_int,vol,M0_ps,M1_ps,M3_ps,Tau_ps,M0_eff_ps,M1_eff_ps,M3_eff_ps
0,0,0,26.972744564879,-1.0,6.7027529630334e-18,0.0,0.0,3933,0.0,0.0,0.0,0.0,0.0,0.0,0.94697952279964,0.9468827434427974,26.80264872280141,1024,1.0459311683412351,0.9468827434427974,26.80264872280141,1024
1,11829672,2592666,26.972744564879,-0.39746010238451,-8.095096104094e-05,4.9911367959509e-05,4.990277502445e-05,6717,-5.336958184068e-05,-4.103868826254e-05,5.4082989887127e-05,4.1587265362311e-05,-3.7625338997849e-09,-2.8932108977631e-09,0.94697952279964,0.9468827434427974,26.80264872280141,1024,1.0459311683412351,0.9468827434427974,26.80264872280141,1024
