time,NumDofs,NumElems,area,gradPx_avg,gradPy_avg,integral_in,integral_out,mem,product_avg,product_int,velx_avg,velx_int,vely_avg,vely_int,vol,M0_ps,M1_ps,M3_ps,Tau_ps,M0_eff_ps,M1_eff_ps,M3_eff_ps
0,0,0,68.01957219749,-1.0,-5.0348601398964e-17,0.0,0.0,4691,0.0,0.0,0.0,0.0,0.0,0.0,0.88979346324051,0.8896159051570074,67.4330586700775,2809,1.1821819763900494,0.8896159051570074,67.4330586700775,2809
1,14589423,3148063,68.01957219749,-0.47414428023001,0.0005336999311298,1.1545572062998e-05,1.1461552742815e-05,7719,-1.2825657273194e-05,-9.2708430300412e-06,1.303096321647e-05,9.4192454964957e-06,-7.2092334405369e-09,-5.2110913437418e-09,0.88979346324051,0.8896159051570074,67.4330586700775,2809,1.1821819763900494,0.8896159051570074,67.4330586700775,2809
