time,NumDofs,NumElems,area,gradPx_avg,gradPy_avg,integral_in,integral_out,mem,product_avg,product_int,velx_avg,velx_int,vely_avg,vely_int,vol,M0_ps,M1_ps,M3_ps,Tau_ps,M0_eff_ps,M1_eff_ps,M3_eff_ps
0,0,0,135.26422409483,-1.0,-1.6915128633048e-17,0.0,0.0,8029,0.0,0.0,0.0,0.0,0.0,0.0,0.79835999999991,0.797889365906161,129.11790293633896,5041,1.388982699830462,0.797889365906161,129.11790293633896,5041
1,26234877,5603474,135.26422409483,-0.37038024878649,0.0020281098013478,2.5332716491586e-06,2.5829313091097e-06,13406,-3.0787580969553e-06,-1.994675388696e-06,3.1750885055972e-06,2.0570862339947e-06,-1.3032317653748e-08,-8.4434185678008e-09,0.79835999999991,0.797889365906161,129.11790293633896,5041,1.388982699830462,0.797889365906161,129.11790293633896,5041
