time,NumDofs,NumElems,area,gradPx_avg,gradPy_avg,integral_in,integral_out,mem,product_avg,product_int,velx_avg,velx_int,vely_avg,vely_int,vol,M0_ps,M1_ps,M3_ps,Tau_ps,M0_eff_ps,M1_eff_ps,M3_eff_ps
0,0,0,7.0708458822182,-1.0,2.5346511706394e-17,0.0,0.0,3612,0.0,0.0,0.0,0.0,0.0,0.0,0.98493761728576,0.9849056831097064,7.034577028886109,256,1.0194581767192836,0.9849056831097064,7.034577028886109,256
1,10741404,2376770,7.0708458822182,-0.50652191845216,-0.055598193479767,0.0004027541823557,0.0004027500695547,6387,-0.0004216235483559,-0.0003366522475568,0.0004323891336299,0.0003452482059489,9.473026286622e-06,7.5638934376229e-06,0.98493761728576,0.9849056831097064,7.034577028886109,256,1.0194581767192836,0.9849056831097064,7.034577028886109,256
