time,NumDofs,NumElems,area,gradPx_avg,gradPy_avg,integral_in,integral_out,mem,product_avg,product_int,velx_avg,velx_int,vely_avg,vely_int,vol,M0_ps,M1_ps,M3_ps,Tau_ps,M0_eff_ps,M1_eff_ps,M3_eff_ps
0,0,0,47.333086947709,-1.0,-1.5608856118981998e-17,0.0,0.0,5303,0.0,0.0,0.0,0.0,0.0,0.0,0.92944000000009,0.9293968698920888,45.11607538493793,1764,1.1238546282303776,0.9293968698920888,45.11607538493793,1764
1,16159428,3510858,47.333086947709,-0.4038762910735,-0.0003602215900166,2.4093415513639e-05,2.4193605490601e-05,8885,-2.6121835670328e-05,-1.9649845043082e-05,2.6323485447542e-05,1.9801533727033e-05,6.9518957618468e-09,5.2294821925979e-09,0.92944000000009,0.9293968698920888,45.11607538493793,1764,1.1238546282303776,0.9293968698920888,45.11607538493793,1764
