time,NumDofs,NumElems,area,gradPx_avg,gradPy_avg,integral_in,integral_out,mem,product_avg,product_int,velx_avg,velx_int,vely_avg,vely_int,vol,M0_ps,M1_ps,M3_ps,Tau_ps,M0_eff_ps,M1_eff_ps,M3_eff_ps
0,0,0,170.35199999982,-1.0,-9.1754426332647e-17,0.0,0.0,8863,0.0,0.0,0.0,0.0,0.0,0.0,0.70796800000032,0.7076618166192103,156.48271060842336,6084,1.575737737225236,0.7076618166192103,156.48271060842336,6084
1,29309544,6232034,170.35199999982,-0.28120568614205,-0.075094359320857,9.3121537718667e-07,9.3211045815805e-07,15175,-1.2249254641524e-06,-7.0412481142104e-07,1.296569219595e-06,7.4530784440291e-07,5.1677371501954e-08,2.9705741719336e-08,0.70796800000032,0.7076618166192103,156.48271060842336,6084,1.575737737225236,0.7076618166192103,156.48271060842336,6084
