time,NumDofs,NumElems,area,gradPx_avg,gradPy_avg,integral_in,integral_out,mem,product_avg,product_int,velx_avg,velx_int,vely_avg,vely_int,vol,M0_ps,M1_ps,M3_ps,Tau_ps,M0_eff_ps,M1_eff_ps,M3_eff_ps
0,0,0,76.480669453101,-1.0,-5.0786541737809005e-18,0.0,0.0,6136,0.0,0.0,0.0,0.0,0.0,0.0,0.86479999999991,0.864032674567572,69.56487359565132,2704,1.1755374895897084,0.864032674567572,69.56487359565132,2704
1,19240701,4146388,76.480669453101,-0.46673040082334,7.3011823999185e-05,1.0368742425239e-05,1.0369703615956e-05,10138,-1.2001381168826e-05,-8.4271113792844e-06,1.2165040505398e-05,8.5420294406436e-06,-2.3858157510305e-11,-1.6752684363205e-11,0.86479999999991,0.864032674567572,69.56487359565132,2704,1.1755374895897084,0.864032674567572,69.56487359565132,2704
