time,NumDofs,NumElems,area,gradPx_avg,gradPy_avg,integral_in,integral_out,mem,product_avg,product_int,velx_avg,velx_int,vely_avg,vely_int,vol,M0_ps,M1_ps,M3_ps,Tau_ps,M0_eff_ps,M1_eff_ps,M3_eff_ps
0,0,0,69.254445188306,-1.0,2.8341419415759e-17,0.0,0.0,6054,0.0,0.0,0.0,0.0,0.0,0.0,0.94130634442663,0.941092606053791,60.87547496964312,3883,1.1564531378338947,0.941092606053791,60.87547496964312,3883
1,19071828,4122154,69.254445188306,-0.3891736754746,0.0012777300809542,1.2491188790883e-05,1.2563091202551e-05,10012,-1.3150386609931e-05,-1.0040909890899e-05,1.3496455606394e-05,1.0305149088771e-05,-1.8764497167624e-08,-1.4327535060136e-08,0.94130634442663,0.941092606053791,60.87547496964312,3883,1.1564531378338947,0.941092606053791,60.87547496964312,3883
