time,NumDofs,NumElems,area,gradPx_avg,gradPy_avg,integral_in,integral_out,mem,product_avg,product_int,velx_avg,velx_int,vely_avg,vely_int,vol,M0_ps,M1_ps,M3_ps,Tau_ps,M0_eff_ps,M1_eff_ps,M3_eff_ps
0,0,0,56.110790403126,-1.0,2.1936388967406998e-17,0.0,0.0,5538,0.0,0.0,0.0,0.0,0.0,0.0,0.90690303705773,0.9069080043855245,53.6613010101907,2025,1.1485077865231152,0.9069080043855245,53.6613010101907,2025
1,17026263,3689130,56.110790403126,-0.4050498656134,0.0005319189116627,1.7880468423756e-05,1.7867859261237e-05,10279,-1.9725650985928e-05,-1.4453245383245e-05,1.9842847337652e-05,1.4539116700277e-05,1.595293654854e-09,1.1688927614296e-09,0.90690303705773,0.9069080043855245,53.6613010101907,2025,1.1485077865231152,0.9069080043855245,53.6613010101907,2025
