time,NumDofs,NumElems,area,gradPx_avg,gradPy_avg,integral_in,integral_out,mem,product_avg,product_int,velx_avg,velx_int,vely_avg,vely_int,vol,M0_ps,M1_ps,M3_ps,Tau_ps,M0_eff_ps,M1_eff_ps,M3_eff_ps
0,0,0,73.54493164042,-1.0,-3.538630633868e-17,0.0,0.0,6118,0.0,0.0,0.0,0.0,0.0,0.0,0.91725356428587,0.9169631848868077,67.38556910952859,2916,1.1073275149889825,0.9169631848868077,67.38556910952859,2916
1,19268721,4159104,73.54493164042,-0.30316044901405,0.0010626639558668,8.1769420118887e-06,8.1776248237587e-06,10604,-8.761633924884e-06,-6.5234373406928e-06,9.0482012231646e-06,6.7367998059877e-06,1.3795347271696e-09,1.0271267242108e-09,0.91725356428587,0.9169631848868077,67.38556910952859,2916,1.1073275149889825,0.9169631848868077,67.38556910952859,2916
