time,NumDofs,NumElems,area,gradPx_avg,gradPy_avg,integral_in,integral_out,mem,product_avg,product_int,velx_avg,velx_int,vely_avg,vely_int,vol,M0_ps,M1_ps,M3_ps,Tau_ps,M0_eff_ps,M1_eff_ps,M3_eff_ps
0,0,0,157.49999999985,-1.0,-4.2914180799714e-17,0.0,0.0,8479,0.0,0.0,0.0,0.0,0.0,0.0,0.7300000000002,0.7294287974747089,150.482219244907,5625,1.4601371525536908,0.7294287974747089,150.482219244907,5625
1,27868914,5933008,157.49999999985,-0.38017553755385,0.0017814422413148,1.5848259927521e-06,1.5621982997278e-06,14682,-2.055212237637e-06,-1.2199207542125e-06,2.1292924650622e-06,1.2638928585324e-06,-2.9658641747166e-09,-1.7604601581548e-09,0.7300000000002,0.7294287974747089,150.482219244907,5625,1.4601371525536908,0.7294287974747089,150.482219244907,5625
