time,NumDofs,NumElems,area,gradPx_avg,gradPy_avg,integral_in,integral_out,mem,product_avg,product_int,velx_avg,velx_int,vely_avg,vely_int,vol,M0_ps,M1_ps,M3_ps,Tau_ps,M0_eff_ps,M1_eff_ps,M3_eff_ps
0,0,0,151.12500893006,-1.0,1.0090620967551e-17,0.0,0.0,6306,0.0,0.0,0.0,0.0,0.0,0.0,0.7551445368761,0.7546495797205633,149.77091974056552,6241,2.0019553223490476,0.7546495797205633,149.77091974056552,6241
1,19464597,4118179,151.12500893006,-0.7479894100278,0.000534679228532,4.1914120991874e-06,4.1906524008798e-06,10308,-5.4999448541751e-06,-3.3673139982871e-06,5.5376685313954e-06,3.3904101328372e-06,-1.0410894600854001e-10,-6.3740186590298e-11,0.7551445368761,0.7546495797205633,149.77091974056552,6241,2.0019553223490476,0.7546495797205633,149.77091974056552,6241
