time,NumDofs,NumElems,area,gradPx_avg,gradPy_avg,integral_in,integral_out,mem,product_avg,product_int,velx_avg,velx_int,vely_avg,vely_int,vol,M0_ps,M1_ps,M3_ps,Tau_ps,M0_eff_ps,M1_eff_ps,M3_eff_ps
0,0,0,76.270505454981,-1.0,4.09100385242e-17,0.0,0.0,6232,0.0,0.0,0.0,0.0,0.0,0.0,0.92680884857341,0.9267161577664347,68.22706291868772,3136,1.074703393010953,0.9267161577664347,68.22706291868772,3136
1,19704828,4249986,76.270505454981,-0.2540851949568,0.0005312575371986,6.3131026993148e-06,6.3130258178518e-06,10311,-6.649036221548e-06,-4.9979502308732e-06,6.8950045363632e-06,5.1828397930377e-06,-1.3753124609054e-09,-1.0337954257534e-09,0.92680884857341,0.9267161577664347,68.22706291868772,3136,1.074703393010953,0.9267161577664347,68.22706291868772,3136
