time,NumDofs,NumElems,area,gradPx_avg,gradPy_avg,integral_in,integral_out,mem,product_avg,product_int,velx_avg,velx_int,vely_avg,vely_int,vol,M0_ps,M1_ps,M3_ps,Tau_ps,M0_eff_ps,M1_eff_ps,M3_eff_ps
0,0,0,108.07585329686,-1.0,4.0435440514082e-17,0.0,0.0,7282,0.0,0.0,0.0,0.0,0.0,0.0,0.88635422445282,0.8862133083802877,98.43277303905023,5976,1.2730147081640488,0.8862133083802877,98.43277303905023,5976
1,23433246,5027458,108.07585329686,-0.37290354523,-0.13722786336687,5.1529638295325e-06,5.1562823022339e-06,12255,-5.7067356292827e-06,-4.088069353689e-06,5.8635446590539e-06,4.2004008564311e-06,6.9347415920555e-07,4.9677620306721e-07,0.88635422445282,0.8862133083802877,98.43277303905023,5976,1.2730147081640488,0.8862133083802877,98.43277303905023,5976
