time,NumDofs,NumElems,area,gradPx_avg,gradPy_avg,integral_in,integral_out,mem,product_avg,product_int,velx_avg,velx_int,vely_avg,vely_int,vol,M0_ps,M1_ps,M3_ps,Tau_ps,M0_eff_ps,M1_eff_ps,M3_eff_ps
0,0,0,64.425590567684,-1.0,6.3923833125818e-18,0.0,0.0,5846,0.0,0.0,0.0,0.0,0.0,0.0,0.90396000000001,0.9037443624724398,61.39132068574931,2401,1.1702419052393889,0.9037443624724398,61.39132068574931,2401
1,18157395,3926398,64.425590567684,-0.39953119321619,0.0029931321858237,1.3590092765653e-05,1.3821160006498e-05,9741,-1.5138135543935e-05,-1.1071771766603e-05,1.5339091585817e-05,1.1218747556613e-05,-5.9467323131371e-08,-4.3493376537058e-08,0.90396000000001,0.9037443624724398,61.39132068574931,2401,1.1702419052393889,0.9037443624724398,61.39132068574931,2401
