time,NumDofs,NumElems,area,gradPx_avg,gradPy_avg,integral_in,integral_out,mem,product_avg,product_int,velx_avg,velx_int,vely_avg,vely_int,vol,M0_ps,M1_ps,M3_ps,Tau_ps,M0_eff_ps,M1_eff_ps,M3_eff_ps
0,0,0,45.065553272004,-1.0,-1.3950679622799e-17,0.0,0.0,5212,0.0,0.0,0.0,0.0,0.0,0.0,0.94677901650462,0.9467933863719423,41.396389932932664,1764,1.1295287899958135,0.9467933863719423,41.396389932932664,1764
1,15887907,3454048,45.065553272004,-0.48226334623237,-0.0008390962491149,3.1146892719641e-05,3.1344319817496e-05,8947,-3.3096394525222e-05,-2.5366106052979e-05,3.3411199102317e-05,2.5607382071201e-05,-9.7480013476783e-09,-7.4711713930456e-09,0.94677901650462,0.9467933863719423,41.396389932932664,1764,1.1295287899958135,0.9467933863719423,41.396389932932664,1764
