time,NumDofs,NumElems,area,gradPx_avg,gradPy_avg,integral_in,integral_out,mem,product_avg,product_int,velx_avg,velx_int,vely_avg,vely_int,vol,M0_ps,M1_ps,M3_ps,Tau_ps,M0_eff_ps,M1_eff_ps,M3_eff_ps
0,0,0,160.25603313745,-1.0,2.1808961059813998e-17,0.0,0.0,6020,0.0,0.0,0.0,0.0,0.0,0.0,0.68498380538896,0.684270344295806,159.37564111524034,6084,1.4942584603904572,0.684270344295806,159.37564111524034,6084
1,18256158,3848734,160.25603313745,-0.45425029460666,0.000663958152402,1.2833251179894e-06,1.2714826264767e-06,9942,-1.7929233842372e-06,-9.9741247431275e-07,1.84089648242e-06,1.0241001548794e-06,-2.4865421304104e-09,-1.3832761402857e-09,0.68498380538896,0.684270344295806,159.37564111524034,6084,1.4942584603904572,0.684270344295806,159.37564111524034,6084
