time,NumDofs,NumElems,area,gradPx_avg,gradPy_avg,integral_in,integral_out,mem,product_avg,product_int,velx_avg,velx_int,vely_avg,vely_int,vol,M0_ps,M1_ps,M3_ps,Tau_ps,M0_eff_ps,M1_eff_ps,M3_eff_ps
0,0,0,136.20864849088,-1.0,-1.3141508088960001e-17,0.0,0.0,6145,0.0,0.0,0.0,0.0,0.0,0.0,0.77931229289019,0.7788794020907547,134.98123208681156,5625,1.125980915476675,0.7788794020907547,134.98123208681156,5625
1,18873468,4007145,136.20864849088,-0.25151115646995,0.00075245280093,8.591632078279e-07,8.580072358142e-07,9963,-1.0352539434303e-06,-6.5549024110409e-07,1.0920041262549e-06,6.9142267223218e-07,-6.722837581917601e-10,-4.2566893422045005e-10,0.77931229289019,0.7788794020907547,134.98123208681156,5625,1.125980915476675,0.7788794020907547,134.98123208681156,5625
