time,NumDofs,NumElems,area,gradPx_avg,gradPy_avg,integral_in,integral_out,mem,product_avg,product_int,velx_avg,velx_int,vely_avg,vely_int,vol,M0_ps,M1_ps,M3_ps,Tau_ps,M0_eff_ps,M1_eff_ps,M3_eff_ps
0,0,0,80.799538180491,-1.0,5.7494048719006e-17,0.0,0.0,6264,0.0,0.0,0.0,0.0,0.0,0.0,0.86594037336308,0.8653619864980462,73.34917286355547,2916,1.1161470327514702,0.8653619864980462,73.34917286355547,2916
1,19734633,4250004,80.799538180491,-0.38392954932619,4.181581687031e-05,7.1661749325988e-06,7.1657897556364e-06,10487,-8.2224077022168e-06,-5.7883396434417e-06,8.3916323951396e-06,5.9074689829453e-06,1.7892901758673e-10,1.2596090626595e-10,0.86594037336308,0.8653619864980462,73.34917286355547,2916,1.1161470327514702,0.8653619864980462,73.34917286355547,2916
