time,NumDofs,NumElems,area,gradPx_avg,gradPy_avg,integral_in,integral_out,mem,product_avg,product_int,velx_avg,velx_int,vely_avg,vely_int,vol,M0_ps,M1_ps,M3_ps,Tau_ps,M0_eff_ps,M1_eff_ps,M3_eff_ps
0,0,0,24.858442554674,-1.0,1.5281052517871e-17,0.0,0.0,3869,0.0,0.0,0.0,0.0,0.0,0.0,0.94704631077371,0.9469259159601768,24.730965427080587,900,1.0873716446576802,0.9469259159601768,24.730965427080587,900
1,11606877,2546772,24.858442554674,-0.58267251691784,-7.5094067887775e-05,7.305035623361e-05,7.3036519826602e-05,6623,-7.8912051729298e-05,-6.053404215169e-05,7.9183831634459e-05,6.0742526608429e-05,-7.0770491374038e-10,-5.4288588549539e-10,0.94704631077371,0.9469259159601768,24.730965427080587,900,1.0873716446576802,0.9469259159601768,24.730965427080587,900
