time,NumDofs,NumElems,area,gradPx_avg,gradPy_avg,integral_in,integral_out,mem,product_avg,product_int,velx_avg,velx_int,vely_avg,vely_int,vol,M0_ps,M1_ps,M3_ps,Tau_ps,M0_eff_ps,M1_eff_ps,M3_eff_ps
0,0,0,104.82563824132,-1.0,-9.3008882003498e-18,0.0,0.0,7191,0.0,0.0,0.0,0.0,0.0,0.0,0.88977194635289,0.8894773514965804,95.52685092109265,5794,1.2640059309858047,0.8894773514965804,95.52685092109265,5794
1,23049306,4947509,104.82563824132,-0.373685416377,-0.13609800858679,5.5148644707975e-06,5.5180612262419e-06,12212,-6.074589831664e-06,-4.3690006624416e-06,6.2374365962344e-06,4.486124228312e-06,7.3074304069408e-07,5.255691194532e-07,0.88977194635289,0.8894773514965804,95.52685092109265,5794,1.2640059309858047,0.8894773514965804,95.52685092109265,5794
