time,NumDofs,NumElems,area,gradPx_avg,gradPy_avg,integral_in,integral_out,mem,product_avg,product_int,velx_avg,velx_int,vely_avg,vely_int,vol,M0_ps,M1_ps,M3_ps,Tau_ps,M0_eff_ps,M1_eff_ps,M3_eff_ps
0,0,0,123.20628555386,-1.0,-5.0501925249855e-17,0.0,0.0,7584,0.0,0.0,0.0,0.0,0.0,0.0,0.78219999999982,0.7819727631615937,111.79576613024872,4356,1.2812402815032542,0.7819727631615937,111.79576613024872,4356
1,24546915,5247352,123.20628555386,-0.48955607218901,0.0001241068975852,3.6769268311599e-06,3.6771421328844e-06,12723,-4.6575783486054e-06,-2.9384859908789e-06,4.7198881840685e-06,2.9777975311039e-06,-1.6284682876999e-10,-1.0274075693068e-10,0.78219999999982,0.7819727631615937,111.79576613024872,4356,1.2812402815032542,0.7819727631615937,111.79576613024872,4356
