time,NumDofs,NumElems,area,gradPx_avg,gradPy_avg,integral_in,integral_out,mem,product_avg,product_int,velx_avg,velx_int,vely_avg,vely_int,vol,M0_ps,M1_ps,M3_ps,Tau_ps,M0_eff_ps,M1_eff_ps,M3_eff_ps
0,0,0,121.79879967581,-1.0,2.9728010722878002e-18,0.0,0.0,5472,0.0,0.0,0.0,0.0,0.0,0.0,0.76057940764602,0.7601063851149192,121.07924915119587,4624,1.184707868712743,0.7601063851149192,121.07924915119587,4624
1,16369317,3479076,121.79879967581,-0.34464483269152,-0.0004902245132014,1.6552010498431e-06,1.6547606956179e-06,9202,-2.1242945456877e-06,-1.3071221470332e-06,2.1769109679015e-06,1.3394981143456e-06,-5.2728621619939e-10,-3.2445005915901003e-10,0.76057940764602,0.7601063851149192,121.07924915119587,4624,1.184707868712743,0.7601063851149192,121.07924915119587,4624
