time,NumDofs,NumElems,area,gradPx_avg,gradPy_avg,integral_in,integral_out,mem,product_avg,product_int,velx_avg,velx_int,vely_avg,vely_int,vol,M0_ps,M1_ps,M3_ps,Tau_ps,M0_eff_ps,M1_eff_ps,M3_eff_ps
0,0,0,170.86012866698,-1.0,-1.3748378235208e-16,0.0,0.0,6641,0.0,0.0,0.0,0.0,0.0,0.0,0.72316934020148,0.7226246079333015,169.3383568836777,7056,1.137642160134416,0.7226246079333015,169.3383568836777,7056
1,20632869,4350900,170.86012866698,-0.20101327844349,0.0009955653474511,2.478175631075e-07,2.4768741663379e-07,11057,-3.0289355992666e-07,-1.7679539872833e-07,3.2798230685458e-07,1.9143940442389e-07,5.7710241480828e-10,3.3684787341736e-10,0.72316934020148,0.7226246079333015,169.3383568836777,7056,1.137642160134416,0.7226246079333015,169.3383568836777,7056
