time,NumDofs,NumElems,area,gradPx_avg,gradPy_avg,integral_in,integral_out,mem,product_avg,product_int,velx_avg,velx_int,vely_avg,vely_int,vol,M0_ps,M1_ps,M3_ps,Tau_ps,M0_eff_ps,M1_eff_ps,M3_eff_ps
0,0,0,31.01873498388,-1.0,-2.7960323497636e-17,0.0,0.0,4556,0.0,0.0,0.0,0.0,0.0,0.0,0.95375999999997,0.9536969731045257,28.449328510602523,1156,1.0821865811889755,0.9536969731045257,28.449328510602523,1156
1,14193858,3101222,31.01873498388,-0.39258805204561,-0.074514355291189,4.8413544746129e-05,4.8413065989558e-05,7733,-5.123324973993e-05,-3.9654885716479e-05,5.226469178347e-05,4.0453228912887e-05,3.2917810384762e-06,2.5478610384286e-06,0.95375999999997,0.9536969731045257,28.449328510602523,1156,1.0821865811889755,0.9536969731045257,28.449328510602523,1156
