time,NumDofs,NumElems,area,gradPx_avg,gradPy_avg,integral_in,integral_out,mem,product_avg,product_int,velx_avg,velx_int,vely_avg,vely_int,vol,M0_ps,M1_ps,M3_ps,Tau_ps,M0_eff_ps,M1_eff_ps,M3_eff_ps
0,0,0,100.34294613193,-1.0,-4.44631475938e-18,0.0,0.0,7109,0.0,0.0,0.0,0.0,0.0,0.0,0.91495860946578,0.9147292581154293,88.29613214911785,7117,1.2437811811905775,0.9147292581154293,88.29613214911785,7117
1,22808265,4900986,100.34294613193,-0.37904801575846,-0.17537045487812,6.3570739721276e-06,6.3608459823817e-06,11877,-6.8231338152064e-06,-5.0489061357647e-06,7.012264939886e-06,5.1888572669782e-06,1.1370121040303e-06,8.4135348125278e-07,0.91495860946578,0.9147292581154293,88.29613214911785,7117,1.2437811811905775,0.9147292581154293,88.29613214911785,7117
