time,NumDofs,NumElems,area,gradPx_avg,gradPy_avg,integral_in,integral_out,mem,product_avg,product_int,velx_avg,velx_int,vely_avg,vely_int,vol,M0_ps,M1_ps,M3_ps,Tau_ps,M0_eff_ps,M1_eff_ps,M3_eff_ps
0,0,0,99.433770218705,-1.0,6.3772694104227e-17,0.0,0.0,4841,0.0,0.0,0.0,0.0,0.0,0.0,0.78818524309801,0.7876564752751997,98.99039283808837,3600,1.2880073649460495,0.7876564752751997,98.99039283808837,3600
1,15008040,3208986,99.433770218705,-0.48987942769938,0.0002269274068524,4.7820164574818e-06,4.7824783182486e-06,7877,-5.9806035852083e-06,-3.8182585797524e-06,6.0503092517381e-06,3.8627614891148e-06,-2.5212428197966e-09,-1.609663120314e-09,0.78818524309801,0.7876564752751997,98.99039283808837,3600,1.2880073649460495,0.7876564752751997,98.99039283808837,3600
