time,NumDofs,NumElems,area,gradPx_avg,gradPy_avg,integral_in,integral_out,mem,product_avg,product_int,velx_avg,velx_int,vely_avg,vely_int,vol,M0_ps,M1_ps,M3_ps,Tau_ps,M0_eff_ps,M1_eff_ps,M3_eff_ps
0,0,0,48.828185067158,-1.0,3.5375703500068e-17,0.0,0.0,5303,0.0,0.0,0.0,0.0,0.0,0.0,0.9450627230649,0.9448787354267654,44.87943296512134,2473,1.1171814705502394,0.9448787354267654,44.87943296512134,2473
1,16239342,3526742,48.828185067158,-0.38854639168083,-0.10523257050524,2.3296802854828e-05,2.3298102811449e-05,8770,-2.4573827830349e-05,-1.8789151857921e-05,2.4877380259516e-05,1.9021248083541e-05,1.8950986215423e-06,1.448992645009e-06,0.9450627230649,0.9448787354267654,44.87943296512134,2473,1.1171814705502394,0.9448787354267654,44.87943296512134,2473
