time,NumDofs,NumElems,area,gradPx_avg,gradPy_avg,integral_in,integral_out,mem,product_avg,product_int,velx_avg,velx_int,vely_avg,vely_int,vol,M0_ps,M1_ps,M3_ps,Tau_ps,M0_eff_ps,M1_eff_ps,M3_eff_ps
0,0,0,167.46360297082,-1.0,-2.1141713860833998e-17,0.0,0.0,9067,0.0,0.0,0.0,0.0,0.0,0.0,0.75035999999988,0.7504909618836872,151.5494016231121,6241,1.8645376830582556,0.7504909618836872,151.5494016231121,6241
1,30124902,6414324,167.46360297082,-0.73247164143893,-7.7721343696721e-05,3.8567001846195e-06,3.8569576525149e-06,15477,-5.0913667027809e-06,-3.0970578032593e-06,5.1307900205397e-06,3.1210388482366e-06,-2.6929220733705004e-10,-1.6380936215704001e-10,0.75035999999988,0.7504909618836872,151.5494016231121,6241,1.8645376830582556,0.7504909618836872,151.5494016231121,6241
