time,NumDofs,NumElems,area,gradPx_avg,gradPy_avg,integral_in,integral_out,mem,product_avg,product_int,velx_avg,velx_int,vely_avg,vely_int,vol,M0_ps,M1_ps,M3_ps,Tau_ps,M0_eff_ps,M1_eff_ps,M3_eff_ps
0,0,0,137.1999999999,-1.0,1.7105487701932e-17,0.0,0.0,7887,0.0,0.0,0.0,0.0,0.0,0.0,0.76480000000019,0.7642057662419026,131.16045714012424,4900,1.3922399143994038,0.7642057662419026,131.16045714012424,4900
1,25658865,5475236,137.1999999999,-0.39181052186572,-0.0011967221618907,2.39810164208e-06,2.3973540097292e-06,12955,-3.031550214982e-06,-1.877993409049e-06,3.1190426087672e-06,1.9321934477153e-06,1.0280611590347e-09,6.368662710005601e-10,0.76480000000019,0.7642057662419026,131.16045714012424,4900,1.3922399143994038,0.7642057662419026,131.16045714012424,4900
