time,NumDofs,NumElems,area,gradPx_avg,gradPy_avg,integral_in,integral_out,mem,product_avg,product_int,velx_avg,velx_int,vely_avg,vely_int,vol,M0_ps,M1_ps,M3_ps,Tau_ps,M0_eff_ps,M1_eff_ps,M3_eff_ps
0,0,0,148.1657111108,-1.0,-1.5165602141718998e-17,0.0,0.0,5891,0.0,0.0,0.0,0.0,0.0,0.0,0.70874982007106,0.7081798868277638,147.29010466492997,5625,1.211415143721314,0.7081798868277638,147.29010466492997,5625
1,17900991,3785414,148.1657111108,-0.31197133510004,-0.0004372387336577,7.6137111439957e-07,7.5940554523388e-07,9648,-1.009179737356e-06,-5.8176613484754e-07,1.0584258930361e-06,6.1015527563742e-07,-7.8642825901075e-11,-4.5335564284934e-11,0.70874982007106,0.7081798868277638,147.29010466492997,5625,1.211415143721314,0.7081798868277638,147.29010466492997,5625
