time,NumDofs,NumElems,area,gradPx_avg,gradPy_avg,integral_in,integral_out,mem,product_avg,product_int,velx_avg,velx_int,vely_avg,vely_int,vol,M0_ps,M1_ps,M3_ps,Tau_ps,M0_eff_ps,M1_eff_ps,M3_eff_ps
0,0,0,77.834671724625,-1.0,-3.3432707074035e-17,0.0,0.0,6166,0.0,0.0,0.0,0.0,0.0,0.0,0.87085957091113,0.870418191091602,70.64280282422502,2809,1.1119794298030308,0.870418191091602,70.64280282422502,2809
1,19361583,4172026,77.834671724625,-0.37894833474877,6.7089734249626e-05,7.7878507134618e-06,7.7874481770874e-06,10242,-8.8492972704198e-06,-6.2636765673602e-06,9.0281921686445e-06,6.3903012865654e-06,4.3246217001839006e-10,3.0610375918419003e-10,0.87085957091113,0.870418191091602,70.64280282422502,2809,1.1119794298030308,0.870418191091602,70.64280282422502,2809
