time,NumDofs,NumElems,area,gradPx_avg,gradPy_avg,integral_in,integral_out,mem,product_avg,product_int,velx_avg,velx_int,vely_avg,vely_int,vol,M0_ps,M1_ps,M3_ps,Tau_ps,M0_eff_ps,M1_eff_ps,M3_eff_ps
0,0,0,98.204074136935,-1.0,-1.0784381039902e-17,0.0,0.0,6948,0.0,0.0,0.0,0.0,0.0,0.0,0.88402411533092,0.8838237597439368,90.30804697688434,3844,1.3059155933078663,0.8838237597439368,90.30804697688434,3844
1,22148499,4756544,98.204074136935,-0.45989234370146,0.0001924349913559,8.026630555724e-06,8.1198014897468e-06,11504,-9.0093141516073e-06,-6.4448492946321e-06,9.1889586189514e-06,6.5733586904822e-06,-2.7238867161796e-09,-1.9485433725602e-09,0.88402411533092,0.8838237597439368,90.30804697688434,3844,1.3059155933078663,0.8838237597439368,90.30804697688434,3844
