time,NumDofs,NumElems,area,gradPx_avg,gradPy_avg,integral_in,integral_out,mem,product_avg,product_int,velx_avg,velx_int,vely_avg,vely_int,vol,M0_ps,M1_ps,M3_ps,Tau_ps,M0_eff_ps,M1_eff_ps,M3_eff_ps
0,0,0,53.64468652861,-1.0,-1.9562451782562e-17,0.0,0.0,5458,0.0,0.0,0.0,0.0,0.0,0.0,0.91099470604632,0.9110726462945932,48.57461741554303,1936,1.1690843085028573,0.9110726462945932,48.57461741554303,1936
1,16699536,3620618,53.64468652861,-0.52882606531102,0.0006740449406437,2.4111912987099e-05,2.4112891165521e-05,8890,-2.6577664461974e-05,-1.957190536554e-05,2.6664343541968e-05,1.9635736209414e-05,-1.7204168948193e-09,-1.2669223325795e-09,0.91099470604632,0.9110726462945932,48.57461741554303,1936,1.1690843085028573,0.9110726462945932,48.57461741554303,1936
