time,NumDofs,NumElems,area,gradPx_avg,gradPy_avg,integral_in,integral_out,mem,product_avg,product_int,velx_avg,velx_int,vely_avg,vely_int,vol,M0_ps,M1_ps,M3_ps,Tau_ps,M0_eff_ps,M1_eff_ps,M3_eff_ps
0,0,0,129.0687972343,-1.0,-2.6636653093706e-17,0.0,0.0,5607,0.0,0.0,0.0,0.0,0.0,0.0,0.74628873215084,0.7457871655133915,128.30659128089616,4900,1.3708975191933124,0.7457871655133915,128.30659128089616,4900
1,16810794,3567798,129.0687972343,-0.49477038371037,-0.10043224178585,2.6432239814881e-06,2.643095210026e-06,9602,-3.4805819446781e-06,-2.1039726926845e-06,3.5345504420961e-06,2.1365960432154e-06,3.0900688428797e-07,1.8679119087758e-07,0.74628873215084,0.7457871655133915,128.30659128089616,4900,1.3708975191933124,0.7457871655133915,128.30659128089616,4900
