time,NumDofs,NumElems,area,gradPx_avg,gradPy_avg,integral_in,integral_out,mem,product_avg,product_int,velx_avg,velx_int,vely_avg,vely_int,vol,M0_ps,M1_ps,M3_ps,Tau_ps,M0_eff_ps,M1_eff_ps,M3_eff_ps
0,0,0,183.70799999976,-1.0,-7.9300075965821e-17,0.0,0.0,9257,0.0,0.0,0.0,0.0,0.0,0.0,0.68507200000029,0.6838084987610491,166.8786665117946,6561,1.6317617698101994,0.6838084987610491,166.8786665117946,6561
1,30786129,6538222,183.70799999976,-0.62179884814316,0.0004032640768959,1.9558932718011e-06,1.9564231200474e-06,15961,-2.7868243219733e-06,-1.5446641785048e-06,2.8181849438067e-06,1.5620465548461e-06,-8.550783573659601e-11,-4.7394767514540006e-11,0.68507200000029,0.6838084987610491,166.8786665117946,6561,1.6317617698101994,0.6838084987610491,166.8786665117946,6561
