time,NumDofs,NumElems,area,gradPx_avg,gradPy_avg,integral_in,integral_out,mem,product_avg,product_int,velx_avg,velx_int,vely_avg,vely_int,vol,M0_ps,M1_ps,M3_ps,Tau_ps,M0_eff_ps,M1_eff_ps,M3_eff_ps
0,0,0,148.16571111081,-1.0,-2.4438242394905e-17,0.0,0.0,5853,0.0,0.0,0.0,0.0,0.0,0.0,0.70874982007115,0.708195951020277,147.34036357504658,5625,1.4461971714635398,0.708195951020277,147.34036357504658,5625
1,17693415,3739286,148.16571111081,-0.45801654761166,0.0003585648668814,1.6740940427902e-06,1.6423618009222e-06,9693,-2.2378395825925e-06,-1.2898971832608e-06,2.2995771185568e-06,1.325482876874e-06,2.3034107074626003e-10,1.327692568565e-10,0.70874982007115,0.708195951020277,147.34036357504658,5625,1.4461971714635398,0.708195951020277,147.34036357504658,5625
