time,NumDofs,NumElems,area,gradPx_avg,gradPy_avg,integral_in,integral_out,mem,product_avg,product_int,velx_avg,velx_int,vely_avg,vely_int,vol,M0_ps,M1_ps,M3_ps,Tau_ps,M0_eff_ps,M1_eff_ps,M3_eff_ps
0,0,0,53.339655999882,-1.0,-3.1375130992280004e-17,0.0,0.0,4290,0.0,0.0,0.0,0.0,0.0,0.0,0.89514993522521,0.8949933936008289,53.044620284136926,2025,1.1470533428291254,0.8949933936008289,53.044620284136926,2025
1,13103280,2841656,53.339655999882,-0.49687215808714,-0.0004046995075195,1.8148984971594e-05,1.7978074474658e-05,7350,-2.0290233938889e-05,-1.4669071237172e-05,2.0310507570486e-05,1.4683728305544e-05,4.933257603273e-09,3.5665585439619e-09,0.89514993522521,0.8949933936008289,53.044620284136926,2025,1.1470533428291254,0.8949933936008289,53.044620284136926,2025
