time,NumDofs,NumElems,area,gradPx_avg,gradPy_avg,integral_in,integral_out,mem,product_avg,product_int,velx_avg,velx_int,vely_avg,vely_int,vol,M0_ps,M1_ps,M3_ps,Tau_ps,M0_eff_ps,M1_eff_ps,M3_eff_ps
0,0,0,151.12500893006,-1.0,-6.1751163374609e-17,0.0,0.0,6295,0.0,0.0,0.0,0.0,0.0,0.0,0.755144536876,0.7546425516363389,149.74315107581515,6241,1.4253482887814115,0.7546425516363389,149.74315107581515,6241
1,19400706,4103981,151.12500893006,-0.48285636763408,-0.14055862388684,2.0408891655078e-06,2.0417424690416e-06,10535,-2.6366379962961e-06,-1.6141862072328e-06,2.6914063955194e-06,1.6477161778783e-06,3.2509237816019e-07,1.9902604515291e-07,0.755144536876,0.7546425516363389,149.74315107581515,6241,1.4253482887814115,0.7546425516363389,149.74315107581515,6241
