time,NumDofs,NumElems,area,gradPx_avg,gradPy_avg,integral_in,integral_out,mem,product_avg,product_int,velx_avg,velx_int,vely_avg,vely_int,vol,M0_ps,M1_ps,M3_ps,Tau_ps,M0_eff_ps,M1_eff_ps,M3_eff_ps
0,0,0,59.374524338386,-1.0,3.112849646526e-17,0.0,0.0,5677,0.0,0.0,0.0,0.0,0.0,0.0,0.94967965057143,0.9496628527596275,51.90638128605238,2500,1.0455299038907762,0.9496628527596275,51.90638128605238,2500
1,17659212,3824602,59.374524338386,-0.22841766912299,0.0005071550180753,1.027225824387e-05,1.0270860357376e-05,9990,-1.0621513043082e-05,-8.1704488301667e-06,1.0936021019646e-05,8.4123796472525e-06,-3.9510074759068e-10,-3.0392566745026e-10,0.94967965057143,0.9496628527596275,51.90638128605238,2500,1.0455299038907762,0.9496628527596275,51.90638128605238,2500
