time,NumDofs,NumElems,area,gradPx_avg,gradPy_avg,integral_in,integral_out,mem,product_avg,product_int,velx_avg,velx_int,vely_avg,vely_int,vol,M0_ps,M1_ps,M3_ps,Tau_ps,M0_eff_ps,M1_eff_ps,M3_eff_ps
0,0,0,103.10530918024,-1.0,-2.0512735228906998e-17,0.0,0.0,6946,0.0,0.0,0.0,0.0,0.0,0.0,0.8289314572305,0.8285528973779221,94.72955485845276,3721,1.2982361002472993,0.8285528973779221,94.72955485845276,3721
1,22230774,4767672,103.10530918024,-0.33411232426695,-0.065731126547318,4.5973281271852e-06,4.5976168223826e-06,12518,-5.4256854935705e-06,-3.6402834650583e-06,5.5742359595029e-06,3.7399512039092e-06,2.8401378776515e-07,1.9055485185701e-07,0.8289314572305,0.8285528973779221,94.72955485845276,3721,1.2982361002472993,0.8285528973779221,94.72955485845276,3721
