time,NumDofs,NumElems,area,gradPx_avg,gradPy_avg,integral_in,integral_out,mem,product_avg,product_int,velx_avg,velx_int,vely_avg,vely_int,vol,M0_ps,M1_ps,M3_ps,Tau_ps,M0_eff_ps,M1_eff_ps,M3_eff_ps
0,0,0,82.673087688801,-1.0,-5.5860739306169e-17,0.0,0.0,6544,0.0,0.0,0.0,0.0,0.0,0.0,0.92993394545576,0.9298416472223003,72.69017038001202,5861,1.1973776473254407,0.9298416472223003,72.69017038001202,5861
1,20913504,4509192,82.673087688801,-0.3844355653207,-0.16927412560391,9.2374638658159e-06,9.2393441763484e-06,10837,-9.7996422734405e-06,-7.3842322996672e-06,1.0072811863095e-05,7.5900712120408e-06,1.5322549502747e-06,1.1545856654185e-06,0.92993394545576,0.9298416472223003,72.69017038001202,5861,1.1973776473254407,0.9298416472223003,72.69017038001202,5861
