time,NumDofs,NumElems,area,gradPx_avg,gradPy_avg,integral_in,integral_out,mem,product_avg,product_int,velx_avg,velx_int,vely_avg,vely_int,vol,M0_ps,M1_ps,M3_ps,Tau_ps,M0_eff_ps,M1_eff_ps,M3_eff_ps
0,0,0,24.796027743051,-1.0,4.6599650319083996e-17,0.0,0.0,3944,0.0,0.0,0.0,0.0,0.0,0.0,0.95982502896281,0.9597401215256164,24.585635713371627,1024,1.0286284972258282,0.9597401215256164,24.585635713371627,1024
1,11888109,2606676,24.796027743051,-0.33403130918998,0.000419149419081,5.2086828910548e-05,5.2076393354668e-05,6784,-5.4839630412244e-05,-4.271715592223e-05,5.5710555274368e-05,4.3395560077259e-05,-3.9191985787406e-09,-3.0528472843404e-09,0.95982502896281,0.9597401215256164,24.585635713371627,1024,1.0286284972258282,0.9597401215256164,24.585635713371627,1024
