time,NumDofs,NumElems,area,gradPx_avg,gradPy_avg,integral_in,integral_out,mem,product_avg,product_int,velx_avg,velx_int,vely_avg,vely_int,vol,M0_ps,M1_ps,M3_ps,Tau_ps,M0_eff_ps,M1_eff_ps,M3_eff_ps
0,0,0,154.97517339407,-1.0,7.218152941237801e-18,0.0,0.0,6368,0.0,0.0,0.0,0.0,0.0,0.0,0.74890643102175,0.7483795245802226,153.56664363907032,6400,1.4374680122739265,0.7483795245802226,153.56664363907032,6400
1,19676106,4159934,154.97517339407,-0.48234830918327,-0.14103803114063,1.9112829063066e-06,1.9119863144958e-06,10668,-2.4856606426118e-06,-1.5078308677902e-06,2.5356419305418e-06,1.538150102629e-06,3.0594526707499e-07,1.855899834602e-07,0.74890643102175,0.7483795245802226,153.56664363907032,6400,1.4374680122739265,0.7483795245802226,153.56664363907032,6400
