time,NumDofs,NumElems,area,gradPx_avg,gradPy_avg,integral_in,integral_out,mem,product_avg,product_int,velx_avg,velx_int,vely_avg,vely_int,vol,M0_ps,M1_ps,M3_ps,Tau_ps,M0_eff_ps,M1_eff_ps,M3_eff_ps
0,0,0,99.433770218703,-1.0,7.7824830385729e-17,0.0,0.0,4820,0.0,0.0,0.0,0.0,0.0,0.0,0.78818524309802,0.7877629005506002,98.93877257249083,3600,1.2881401896518059,0.7877629005506002,98.93877257249083,3600
1,14906898,3186510,99.433770218703,-0.499205600832,-0.066299179384035,4.8643777986304e-06,4.864031865064e-06,8037,-6.1215046499797e-06,-3.9081679746618e-06,6.1913298981336e-06,3.952746687619e-06,3.4040847894112e-07,2.173278616566e-07,0.78818524309802,0.7877629005506002,98.93877257249083,3600,1.2881401896518059,0.7877629005506002,98.93877257249083,3600
