time,NumDofs,NumElems,area,gradPx_avg,gradPy_avg,integral_in,integral_out,mem,product_avg,product_int,velx_avg,velx_int,vely_avg,vely_int,vol,M0_ps,M1_ps,M3_ps,Tau_ps,M0_eff_ps,M1_eff_ps,M3_eff_ps
0,0,0,107.89097825953,-1.0,-7.9867738989742e-17,0.0,0.0,5325,0.0,0.0,0.0,0.0,0.0,0.0,0.78791809120202,0.7875118975425801,107.25019689362715,4096,1.4832745034841681,0.7875118975425801,107.25019689362715,4096
1,15911118,3395206,107.89097825953,-0.64618629278956,2.3808574059154e-05,6.1617624781803e-06,6.1625737695657e-06,8777,-7.7983702854102e-06,-4.9581642015226e-06,7.8256492295171e-06,4.975508015573e-06,-4.8561303309106e-10,-3.0875029888867e-10,0.78791809120202,0.7875118975425801,107.25019689362715,4096,1.4832745034841681,0.7875118975425801,107.25019689362715,4096
