time,NumDofs,NumElems,area,gradPx_avg,gradPy_avg,integral_in,integral_out,mem,product_avg,product_int,velx_avg,velx_int,vely_avg,vely_int,vol,M0_ps,M1_ps,M3_ps,Tau_ps,M0_eff_ps,M1_eff_ps,M3_eff_ps
0,0,0,68.198043606206,-1.0,-1.0368600664204999e-17,0.0,0.0,5938,0.0,0.0,0.0,0.0,0.0,0.0,0.92326942312376,0.9231127585832989,62.433725124094586,2704,1.2178418593785547,0.9231127585832989,62.433725124094586,2704
1,18595902,4018422,68.198043606206,-0.51994216767074,0.0002399683272799,1.6890457338822e-05,1.7026569273129e-05,9799,-1.8388563517164e-05,-1.3775410342858e-05,1.8663712125975e-05,1.3981532207032e-05,-2.4608231185604e-09,-1.8434745165233e-09,0.92326942312376,0.9231127585832989,62.433725124094586,2704,1.2178418593785547,0.9231127585832989,62.433725124094586,2704
