time,NumDofs,NumElems,area,gradPx_avg,gradPy_avg,integral_in,integral_out,mem,product_avg,product_int,velx_avg,velx_int,vely_avg,vely_int,vol,M0_ps,M1_ps,M3_ps,Tau_ps,M0_eff_ps,M1_eff_ps,M3_eff_ps
0,0,0,36.830818551935,-1.0,2.4357468036346e-17,0.0,0.0,4160,0.0,0.0,0.0,0.0,0.0,0.0,0.94032604399679,0.9401377906112827,36.55129819009951,1521,1.0954439534754212,0.9401377906112827,36.55129819009951,1521
1,12671748,2764417,36.830818551935,-0.48506651836174,0.0024236013061034,3.394723795351e-05,3.4176701767023e-05,7339,-3.6822425083399e-05,-2.8056537667113e-05,3.7096592882132e-05,2.8265437519712e-05,-7.5802105261539e-08,-5.7756777743453e-08,0.94032604399679,0.9401377906112827,36.55129819009951,1521,1.0954439534754212,0.9401377906112827,36.55129819009951,1521
