time,NumDofs,NumElems,area,gradPx_avg,gradPy_avg,integral_in,integral_out,mem,product_avg,product_int,velx_avg,velx_int,vely_avg,vely_int,vol,M0_ps,M1_ps,M3_ps,Tau_ps,M0_eff_ps,M1_eff_ps,M3_eff_ps
0,0,0,16.770509831248,-1.0,-2.7748188517669e-17,0.0,0.0,4128,0.0,0.0,0.0,0.0,0.0,0.0,0.97499999999989,0.9748113461391721,15.23319828358389,625,1.0183519005963764,0.9748113461391721,15.23319828358389,625
1,12603441,2771514,16.770509831248,-0.3197353318567,0.0003224175662614,0.0001094132803117,0.0001094156726008,6899,-0.0001155583014779,-9.1155235863136e-05,0.0001147799014359,9.0541214728187e-05,4.5644196651418e-09,3.6005267110459e-09,0.97499999999989,0.9748113461391721,15.23319828358389,625,1.0183519005963764,0.9748113461391721,15.23319828358389,625
