time,NumDofs,NumElems,area,gradPx_avg,gradPy_avg,integral_in,integral_out,mem,product_avg,product_int,velx_avg,velx_int,vely_avg,vely_int,vol,M0_ps,M1_ps,M3_ps,Tau_ps,M0_eff_ps,M1_eff_ps,M3_eff_ps
0,0,0,107.63199999998,-1.0,-2.9302313469073e-17,0.0,0.0,6986,0.0,0.0,0.0,0.0,0.0,0.0,0.8154880000002,0.8152497379528596,98.89466689297878,3844,1.315656785543627,0.8152497379528596,98.89466689297878,3844
1,22406139,4800984,107.63199999998,-0.32458735346296,-0.051957706778245,3.9825654218546e-06,3.9816504031671e-06,11751,-4.7631627121336e-06,-3.1412788889379e-06,4.9088744052626e-06,3.2373749270455e-06,2.1826075690083e-07,1.4394173564335e-07,0.8154880000002,0.8152497379528596,98.89466689297878,3844,1.315656785543627,0.8152497379528596,98.89466689297878,3844
