time,NumDofs,NumElems,area,gradPx_avg,gradPy_avg,integral_in,integral_out,mem,product_avg,product_int,velx_avg,velx_int,vely_avg,vely_int,vol,M0_ps,M1_ps,M3_ps,Tau_ps,M0_eff_ps,M1_eff_ps,M3_eff_ps
0,0,0,95.061748143486,-1.0,4.0878443621002e-17,0.0,0.0,6823,0.0,0.0,0.0,0.0,0.0,0.0,0.8877351022753,0.8873076814952551,87.51856509509867,3721,1.2953311564810095,0.8873076814952551,87.51856509509867,3721
1,21836010,4692350,95.061748143486,-0.46202463720947,0.0003950973363143,8.5791371037987e-06,8.6700079842641e-06,11289,-9.5807833704291e-06,-6.886191346362e-06,9.7694986590505e-06,7.0218305250373e-06,-1.7189210809013e-09,-1.2354751187586e-09,0.8877351022753,0.8873076814952551,87.51856509509867,3721,1.2953311564810095,0.8873076814952551,87.51856509509867,3721
