time,NumDofs,NumElems,area,gradPx_avg,gradPy_avg,integral_in,integral_out,mem,product_avg,product_int,velx_avg,velx_int,vely_avg,vely_int,vol,M0_ps,M1_ps,M3_ps,Tau_ps,M0_eff_ps,M1_eff_ps,M3_eff_ps
0,0,0,44.278499622618,-1.0,-3.8001902012882e-17,0.0,0.0,4169,0.0,0.0,0.0,0.0,0.0,0.0,0.91296150178424,0.9127874988453861,44.02612769384852,1681,1.0747210650651347,0.9127874988453861,44.02612769384852,1681
1,12645495,2751622,44.278499622618,-0.3930904402361,-0.0008991126354099,2.0718112781459e-05,2.0725514151603e-05,7043,-2.2812176609954e-05,-1.6860885487843e-05,2.2957294256775e-05,1.6968144521785e-05,-2.0019212381439e-09,-1.4796555948675e-09,0.91296150178424,0.9127874988453861,44.02612769384852,1681,1.0747210650651347,0.9127874988453861,44.02612769384852,1681
