time,NumDofs,NumElems,area,gradPx_avg,gradPy_avg,integral_in,integral_out,mem,product_avg,product_int,velx_avg,velx_int,vely_avg,vely_int,vol,M0_ps,M1_ps,M3_ps,Tau_ps,M0_eff_ps,M1_eff_ps,M3_eff_ps
0,0,0,174.74799999982,-1.0,-3.8977456767728e-17,0.0,0.0,9002,0.0,0.0,0.0,0.0,0.0,0.0,0.70043200000023,0.6992301235738009,158.7394844840893,6241,1.2507586559038928,0.6992301235738009,158.7394844840893,6241
1,29820321,6338318,174.74799999982,-0.40276531137795,-5.2418628555806e-05,9.4751895453799e-07,9.4764461456185e-07,15334,-1.3003765567653e-06,-7.3858504987189e-07,1.3353508082183e-06,7.5844964918293e-07,-9.524748377934601e-11,-5.4098458782072e-11,0.70043200000023,0.6992301235738009,158.7394844840893,6241,1.2507586559038928,0.6992301235738009,158.7394844840893,6241
