time,NumDofs,NumElems,area,gradPx_avg,gradPy_avg,integral_in,integral_out,mem,product_avg,product_int,velx_avg,velx_int,vely_avg,vely_int,vol,M0_ps,M1_ps,M3_ps,Tau_ps,M0_eff_ps,M1_eff_ps,M3_eff_ps
0,0,0,114.68799999995,-1.0,-3.7416090674402e-17,0.0,0.0,7214,0.0,0.0,0.0,0.0,0.0,0.0,0.80339200000019,0.8026032023967775,104.18152995462745,4096,1.1841177473834283,0.8026032023967775,104.18152995462745,4096
1,23259834,4979102,114.68799999995,-0.4104610392866,-0.0002110383106782,3.3619465937344e-06,3.3623866211246e-06,12081,-4.1087556662709e-06,-2.6650360667749e-06,4.171067989088e-06,2.7054533125789e-06,-3.2776277679228e-10,-2.125946861889e-10,0.80339200000019,0.8026032023967775,104.18152995462745,4096,1.1841177473834283,0.8026032023967775,104.18152995462745,4096
