time,NumDofs,NumElems,area,gradPx_avg,gradPy_avg,integral_in,integral_out,mem,product_avg,product_int,velx_avg,velx_int,vely_avg,vely_int,vol,M0_ps,M1_ps,M3_ps,Tau_ps,M0_eff_ps,M1_eff_ps,M3_eff_ps
0,0,0,66.713215546625,-1.0,-8.7653646539439e-18,0.0,0.0,5986,0.0,0.0,0.0,0.0,0.0,0.0,0.94346005538211,0.9433476170778431,58.37533407934933,2809,1.2432424500328847,0.9433476170778431,58.37533407934933,2809
1,18812544,4068744,66.713215546625,-0.66277725454822,-0.0002871574803305,2.1929594355705e-05,2.2072390333621e-05,9866,-2.3376728618544e-05,-1.788880498393e-05,2.3631912130355e-05,1.808408158368e-05,-1.9556902620779e-09,-1.4965721798871e-09,0.94346005538211,0.9433476170778431,58.37533407934933,2809,1.2432424500328847,0.9433476170778431,58.37533407934933,2809
