time,NumDofs,NumElems,area,gradPx_avg,gradPy_avg,integral_in,integral_out,mem,product_avg,product_int,velx_avg,velx_int,vely_avg,vely_int,vol,M0_ps,M1_ps,M3_ps,Tau_ps,M0_eff_ps,M1_eff_ps,M3_eff_ps
0,0,0,69.272580744594,-1.0,2.3635947531573e-18,0.0,0.0,5937,0.0,0.0,0.0,0.0,0.0,0.0,0.88506547784907,0.8849502612439307,66.12064896177768,2500,1.1846148400124723,0.8849502612439307,66.12064896177768,2500
1,18517320,3998626,69.272580744594,-0.40524796761002,-0.001825867049121,1.1901106589503e-05,1.178538759935e-05,9880,-1.3365525866054e-05,-9.5818775731636e-06,1.3581620671594e-05,9.7367980747316e-06,3.2005521023601e-08,2.2945074304361e-08,0.88506547784907,0.8849502612439307,66.12064896177768,2500,1.1846148400124723,0.8849502612439307,66.12064896177768,2500
