time,NumDofs,NumElems,area,gradPx_avg,gradPy_avg,integral_in,integral_out,mem,product_avg,product_int,velx_avg,velx_int,vely_avg,vely_int,vol,M0_ps,M1_ps,M3_ps,Tau_ps,M0_eff_ps,M1_eff_ps,M3_eff_ps
0,0,0,135.77425825937,-1.0,-5.1036963182524e-17,0.0,0.0,7958,0.0,0.0,0.0,0.0,0.0,0.0,0.77472833658407,0.7736715916803547,123.30394157068102,4900,1.176111769026483,0.7736715916803547,123.30394157068102,4900
1,25932942,5536142,135.77425825937,-0.37584983312057,-9.2781662887007e-05,1.8408009616276e-06,1.8405123495738e-06,13273,-2.3104567350109e-06,-1.4499195307579e-06,2.3655652680076e-06,1.4845027095261e-06,-2.0063166539598003e-10,-1.2590574224483002e-10,0.77472833658407,0.7736715916803547,123.30394157068102,4900,1.176111769026483,0.7736715916803547,123.30394157068102,4900
