time,NumDofs,NumElems,area,gradPx_avg,gradPy_avg,integral_in,integral_out,mem,product_avg,product_int,velx_avg,velx_int,vely_avg,vely_int,vol,M0_ps,M1_ps,M3_ps,Tau_ps,M0_eff_ps,M1_eff_ps,M3_eff_ps
0,0,0,80.116539150215,-1.0,5.2963568595240997e-17,0.0,0.0,6350,0.0,0.0,0.0,0.0,0.0,0.0,0.90538491823039,0.9051469672812559,73.70624697519645,3136,1.1372692501920874,0.9051469672812559,73.70624697519645,3136
1,20132211,4338688,80.116539150215,-0.32540189002708,0.0009315847107448,7.3749357248512e-06,7.3762843286568e-06,10478,-8.0055356342514e-06,-5.8808980942603e-06,8.2416457438285e-06,6.0543455132571e-06,3.6477168619842e-09,2.6796272132327e-09,0.90538491823039,0.9051469672812559,73.70624697519645,3136,1.1372692501920874,0.9051469672812559,73.70624697519645,3136
