time,NumDofs,NumElems,area,gradPx_avg,gradPy_avg,integral_in,integral_out,mem,product_avg,product_int,velx_avg,velx_int,vely_avg,vely_int,vol,M0_ps,M1_ps,M3_ps,Tau_ps,M0_eff_ps,M1_eff_ps,M3_eff_ps
0,0,0,3.0912312618556,-1.0,-8.5927620593299e-19,0.0,0.0,3640,0.0,0.0,0.0,0.0,0.0,0.0,0.99634935430605,0.996368488479966,2.8385289772093336,147,1.007055253323705,0.996368488479966,2.8385289772093336,147
1,10872048,2409514,3.0912312618556,-0.42625850128132,-0.059156558648693,0.001133129292079,0.0011331807498597,6668,-0.0011815186473177,-0.0009541474683179,0.0012217238155836,0.000986615563173,2.6467846791342e-05,2.1374380391811e-05,0.99634935430605,0.996368488479966,2.8385289772093336,147,1.007055253323705,0.996368488479966,2.8385289772093336,147
