time,NumDofs,NumElems,area,gradPx_avg,gradPy_avg,integral_in,integral_out,mem,product_avg,product_int,velx_avg,velx_int,vely_avg,vely_int,vol,M0_ps,M1_ps,M3_ps,Tau_ps,M0_eff_ps,M1_eff_ps,M3_eff_ps
0,0,0,14.811999999999,-1.0,-8.113327980897701e-18,0.0,0.0,4037,0.0,0.0,0.0,0.0,0.0,0.0,0.97460799999976,0.9746025116364995,13.622322004177713,529,1.0387435600472417,0.9746025116364995,13.622322004177713,529
1,12277467,2702658,14.811999999999,-0.39589677997416,-0.03458823330408,0.000150323229958,0.0001503221540358,7615,-0.0001595896874895,-0.0001258886386189,0.0001589146111424,0.000125356120236,3.4914760039566e-06,2.7541701962253e-06,0.97460799999976,0.9746025116364995,13.622322004177713,529,1.0387435600472417,0.9746025116364995,13.622322004177713,529
