time,NumDofs,NumElems,area,gradPx_avg,gradPy_avg,integral_in,integral_out,mem,product_avg,product_int,velx_avg,velx_int,vely_avg,vely_int,vol,M0_ps,M1_ps,M3_ps,Tau_ps,M0_eff_ps,M1_eff_ps,M3_eff_ps
0,0,0,147.18960041539,-1.0,7.738667920910401e-18,0.0,0.0,5659,0.0,0.0,0.0,0.0,0.0,0.0,0.6864553223526,0.6858697354629097,146.4255428448635,5329,1.4516743098439753,0.6858697354629097,146.4255428448635,5329
1,16979421,3587132,147.18960041539,-0.4695518673384,0.0001874624678176,1.5522140966807e-06,1.5668493266489e-06,9864,-2.2278293420062e-06,-1.243309597838e-06,2.2822037687771e-06,1.2736549413553e-06,-2.1039768998139e-09,-1.1741898824316e-09,0.6864553223526,0.6858697354629097,146.4255428448635,5329,1.4516743098439753,0.6858697354629097,146.4255428448635,5329
