time,NumDofs,NumElems,area,gradPx_avg,gradPy_avg,integral_in,integral_out,mem,product_avg,product_int,velx_avg,velx_int,vely_avg,vely_int,vol,M0_ps,M1_ps,M3_ps,Tau_ps,M0_eff_ps,M1_eff_ps,M3_eff_ps
0,0,0,28.11502050574,-1.0,1.5194177810082e-17,0.0,0.0,4466,0.0,0.0,0.0,0.0,0.0,0.0,0.97302009851742,0.973007136517524,25.124579050120047,1406,1.0629903187725602,0.973007136517524,25.124579050120047,1406
1,13956132,3053018,28.11502050574,-0.41518417451229,-0.0067187449591214,5.6616306971362e-05,5.6621836297034e-05,7746,-5.8733256000037e-05,-4.6341154677458e-05,5.9949583053793e-05,4.7300849473478e-05,3.867579531174e-07,3.0515607934522e-07,0.97302009851742,0.973007136517524,25.124579050120047,1406,1.0629903187725602,0.973007136517524,25.124579050120047,1406
