time,NumDofs,NumElems,area,gradPx_avg,gradPy_avg,integral_in,integral_out,mem,product_avg,product_int,velx_avg,velx_int,vely_avg,vely_int,vol,M0_ps,M1_ps,M3_ps,Tau_ps,M0_eff_ps,M1_eff_ps,M3_eff_ps
0,0,0,49.035113456722,-1.0,5.0833237530284e-17,0.0,0.0,4375,0.0,0.0,0.0,0.0,0.0,0.0,0.92055242544006,0.9204009220846503,48.58844776673086,2025,1.1290766772606344,0.9204009220846503,48.58844776673086,2025
1,13460940,2923161,49.035113456722,-0.48985606865143,-0.13231546742553,2.1334635669466e-05,2.133487879345e-05,7558,-2.3327378324637e-05,-1.7356635151e-05,2.3384278080194e-05,1.7398971168517e-05,2.1284386450177e-06,1.5836555865279e-06,0.92055242544006,0.9204009220846503,48.58844776673086,2025,1.1290766772606344,0.9204009220846503,48.58844776673086,2025
