time,NumDofs,NumElems,area,gradPx_avg,gradPy_avg,integral_in,integral_out,mem,product_avg,product_int,velx_avg,velx_int,vely_avg,vely_int,vol,M0_ps,M1_ps,M3_ps,Tau_ps,M0_eff_ps,M1_eff_ps,M3_eff_ps
0,0,0,58.186321038882,-1.0,5.5646610235235e-17,0.0,0.0,4365,0.0,0.0,0.0,0.0,0.0,0.0,0.88562281822853,0.8853839944417894,57.85238680129808,2209,1.0970743085755483,0.8853839944417894,57.85238680129808,2209
1,13374675,2895710,58.186321038882,-0.38920529575371,-0.000445671336163,1.1877965316294e-05,1.1881643884521e-05,7472,-1.3555534548785e-05,-9.6916967705273e-06,1.3607821953598e-05,9.7290802960933e-06,-1.3040097975374e-09,-9.3231790292344e-10,0.88562281822853,0.8853839944417894,57.85238680129808,2209,1.0970743085755483,0.8853839944417894,57.85238680129808,2209
