time,NumDofs,NumElems,area,gradPx_avg,gradPy_avg,integral_in,integral_out,mem,product_avg,product_int,velx_avg,velx_int,vely_avg,vely_int,vol,M0_ps,M1_ps,M3_ps,Tau_ps,M0_eff_ps,M1_eff_ps,M3_eff_ps
0,0,0,32.686636284625,-1.0,-4.024510953791e-17,0.0,0.0,4560,0.0,0.0,0.0,0.0,0.0,0.0,0.96322380634917,0.9630895056646359,29.952949036810924,1296,1.0473983767323762,0.9630895056646359,29.952949036810924,1296
1,14254389,3112308,32.686636284625,-0.30845158745987,0.0011764066398907,3.7869461318446e-05,3.7867582629977e-05,7945,-3.9347473135175e-05,-3.0728447625559e-05,4.028289769246e-05,3.1458968348388e-05,7.2782531401808e-10,5.6839589077368e-10,0.96322380634917,0.9630895056646359,29.952949036810924,1296,1.0473983767323762,0.9630895056646359,29.952949036810924,1296
