time,NumDofs,NumElems,area,gradPx_avg,gradPy_avg,integral_in,integral_out,mem,product_avg,product_int,velx_avg,velx_int,vely_avg,vely_int,vol,M0_ps,M1_ps,M3_ps,Tau_ps,M0_eff_ps,M1_eff_ps,M3_eff_ps
0,0,0,15.134294276765,-1.0,-6.1745142533004e-18,0.0,0.0,3774,0.0,0.0,0.0,0.0,0.0,0.0,0.97547914365339,0.9754408616832864,14.989930327017989,625,1.0174738739123441,0.9754408616832864,14.989930327017989,625
1,11344941,2499139,15.134294276765,-0.33020806221275,0.0006947940070666,0.0001131561691913,0.0001131394927877,6616,-0.0001197810611774,-9.4536695439893e-05,0.0001187075607326,9.3689439758488e-05,-6.7165598977388e-09,-5.3010164646609e-09,0.97547914365339,0.9754408616832864,14.989930327017989,625,1.0174738739123441,0.9754408616832864,14.989930327017989,625
