time,NumDofs,NumElems,area,gradPx_avg,gradPy_avg,integral_in,integral_out,mem,product_avg,product_int,velx_avg,velx_int,vely_avg,vely_int,vol,M0_ps,M1_ps,M3_ps,Tau_ps,M0_eff_ps,M1_eff_ps,M3_eff_ps
0,0,0,119.17266477343,-1.0,-9.950697106839e-18,0.0,0.0,7675,0.0,0.0,0.0,0.0,0.0,0.0,0.8856388258962,0.8853137135995438,106.70253928991691,4900,1.4833012673501924,0.8853137135995438,106.70253928991691,4900
1,24916476,5336394,119.17266477343,-0.60783679027394,-0.0001136187914732,8.0879411001478e-06,8.1660094609374e-06,13242,-9.073312375645e-06,-6.5089169801778e-06,9.203397286467e-06,6.6022359192664e-06,-6.279845690359501e-10,-4.5049693600979003e-10,0.8856388258962,0.8853137135995438,106.70253928991691,4900,1.4833012673501924,0.8853137135995438,106.70253928991691,4900
