time,NumDofs,NumElems,area,gradPx_avg,gradPy_avg,integral_in,integral_out,mem,product_avg,product_int,velx_avg,velx_int,vely_avg,vely_int,vol,M0_ps,M1_ps,M3_ps,Tau_ps,M0_eff_ps,M1_eff_ps,M3_eff_ps
0,0,0,127.1399178326,-1.0,-3.5197468136708e-17,0.0,0.0,7771,0.0,0.0,0.0,0.0,0.0,0.0,0.85695309244348,0.856532704687933,116.46147690733433,5041,1.4566309642406168,0.856532704687933,116.46147690733433,5041
1,25238802,5397247,127.1399178326,-0.49743317335164,-0.0009519695220163,5.4777890274717e-06,5.5541308425643e-06,13275,-6.3282314727629e-06,-4.3991037759793e-06,6.469997485853e-06,4.4976531742075e-06,-1.9293453122859e-09,-1.3411946584089e-09,0.85695309244348,0.856532704687933,116.46147690733433,5041,1.4566309642406168,0.856532704687933,116.46147690733433,5041
