time,NumDofs,NumElems,area,gradPx_avg,gradPy_avg,integral_in,integral_out,mem,product_avg,product_int,velx_avg,velx_int,vely_avg,vely_int,vol,M0_ps,M1_ps,M3_ps,Tau_ps,M0_eff_ps,M1_eff_ps,M3_eff_ps
0,0,0,76.294039167446,-1.0,3.6159033858677005e-18,0.0,0.0,6187,0.0,0.0,0.0,0.0,0.0,0.0,0.9141605047891,0.9138286593226533,69.52272225780868,3334,1.1809677478798917,0.9138286593226533,69.52272225780868,3334
1,19538958,4214615,76.294039167446,-0.38725706199173,0.0008795503527951,1.0251827505903e-05,1.0168212080511e-05,10444,-1.1086551295857e-05,-8.2246890010033e-06,1.1358266073532e-05,8.4262638175282e-06,6.3276064073475e-09,4.6942095366156e-09,0.9141605047891,0.9138286593226533,69.52272225780868,3334,1.1809677478798917,0.9138286593226533,69.52272225780868,3334
