time,NumDofs,NumElems,area,gradPx_avg,gradPy_avg,integral_in,integral_out,mem,product_avg,product_int,velx_avg,velx_int,vely_avg,vely_int,vol,M0_ps,M1_ps,M3_ps,Tau_ps,M0_eff_ps,M1_eff_ps,M3_eff_ps
0,0,0,107.9376205069,-1.0,-1.184792733031e-18,0.0,0.0,7258,0.0,0.0,0.0,0.0,0.0,0.0,0.8725291069909,0.872356938325549,98.79300494065586,4590,1.2675086465805494,0.872356938325549,98.79300494065586,4590
1,23281023,4991960,107.9376205069,-0.3724290419539,-0.0001774992123632,4.944865334012e-06,4.971341397245e-06,12536,-5.5608891019374e-06,-3.9204649220745e-06,5.7004732019899e-06,4.0188726690918e-06,5.309914585705e-09,3.7435261683631e-09,0.8725291069909,0.872356938325549,98.79300494065586,4590,1.2675086465805494,0.872356938325549,98.79300494065586,4590
