time,NumDofs,NumElems,area,gradPx_avg,gradPy_avg,integral_in,integral_out,mem,product_avg,product_int,velx_avg,velx_int,vely_avg,vely_int,vol,M0_ps,M1_ps,M3_ps,Tau_ps,M0_eff_ps,M1_eff_ps,M3_eff_ps
0,0,0,30.779753417018,-1.0,3.7927171281218996e-17,0.0,0.0,4529,0.0,0.0,0.0,0.0,0.0,0.0,0.97391393085565,0.9738645627929206,26.93133541752064,1296,1.023827055336924,0.9738645627929206,26.93133541752064,1296
1,14170257,3096636,30.779753417018,-0.23994666792068,0.0004210877906445,3.6154220791003e-05,3.6154577919315e-05,7816,-3.7099105533576e-05,-2.9285789802887e-05,3.805732375e-05,3.0042200958032e-05,-5.763595128097501e-10,-4.5497440707201005e-10,0.97391393085565,0.9738645627929206,26.93133541752064,1296,1.023827055336924,0.9738645627929206,26.93133541752064,1296
