time,NumDofs,NumElems,area,gradPx_avg,gradPy_avg,integral_in,integral_out,mem,product_avg,product_int,velx_avg,velx_int,vely_avg,vely_int,vol,M0_ps,M1_ps,M3_ps,Tau_ps,M0_eff_ps,M1_eff_ps,M3_eff_ps
0,0,0,118.65286712982,-1.0,1.8849279966895e-17,0.0,0.0,5883,0.0,0.0,0.0,0.0,0.0,0.0,0.80775648625119,0.807366235476966,117.59319619254397,4900,1.116106358663356,0.807366235476966,117.59319619254397,4900
1,17991549,3835088,118.65286712982,-0.27119494777605,0.0006050355639941,1.49160916059e-06,1.4905016993876e-06,9831,-1.774932147862e-06,-1.1613064324915e-06,1.838876093137e-06,1.2031438148704e-06,-4.2340013447191005e-10,-2.7702315284122004e-10,0.80775648625119,0.807366235476966,117.59319619254397,4900,1.116106358663356,0.807366235476966,117.59319619254397,4900
