time,NumDofs,NumElems,area,gradPx_avg,gradPy_avg,integral_in,integral_out,mem,product_avg,product_int,velx_avg,velx_int,vely_avg,vely_int,vol,M0_ps,M1_ps,M3_ps,Tau_ps,M0_eff_ps,M1_eff_ps,M3_eff_ps
0,0,0,66.529386547109,-1.0,6.9294858850603e-17,0.0,0.0,5856,0.0,0.0,0.0,0.0,0.0,0.0,0.88961688492631,0.8894000425701102,63.55896127718431,2401,1.1760029958327316,0.8894000425701102,63.55896127718431,2401
1,18210393,3934974,66.529386547109,-0.4039241677491,0.0009676468648494,1.2806975075755e-05,1.284448047793e-05,9528,-1.4437191493845e-05,-1.039022962473e-05,1.4594627449023e-05,1.0503533914292e-05,-3.2886704010341e-08,-2.3668066355818e-08,0.88961688492631,0.8894000425701102,63.55896127718431,2401,1.1760029958327316,0.8894000425701102,63.55896127718431,2401
