time,NumDofs,NumElems,area,gradPx_avg,gradPy_avg,integral_in,integral_out,mem,product_avg,product_int,velx_avg,velx_int,vely_avg,vely_int,vol,M0_ps,M1_ps,M3_ps,Tau_ps,M0_eff_ps,M1_eff_ps,M3_eff_ps
0,0,0,81.16926758319,-1.0,1.0788286439505999e-17,0.0,0.0,6346,0.0,0.0,0.0,0.0,0.0,0.0,0.87899999999989,0.8789342211477063,74.46225655009907,3025,1.226637722312455,0.8789342211477063,74.46225655009907,3025
1,20084871,4326854,81.16926758319,-0.36102084521255,-0.087538610342479,8.3734838987676e-06,8.3733873968571e-06,10518,-9.4563242577217e-06,-6.7512460952695e-06,9.6919290734829e-06,6.9194537464756e-06,7.6628274891884e-07,5.4707974002544e-07,0.87899999999989,0.8789342211477063,74.46225655009907,3025,1.226637722312455,0.8789342211477063,74.46225655009907,3025
