time,NumDofs,NumElems,area,gradPx_avg,gradPy_avg,integral_in,integral_out,mem,product_avg,product_int,velx_avg,velx_int,vely_avg,vely_int,vol,M0_ps,M1_ps,M3_ps,Tau_ps,M0_eff_ps,M1_eff_ps,M3_eff_ps
0,0,0,91.691527178084,-1.0,-9.7865770475003e-17,0.0,0.0,4874,0.0,0.0,0.0,0.0,0.0,0.0,0.81976144420763,0.8194344601025698,91.13344414883764,3481,1.1465800508785875,0.8194344601025698,91.13344414883764,3481
1,15170688,3251576,91.691527178084,-0.36864252074537,-0.0002177438753731,3.9733029783791e-06,3.9727706754459e-06,8007,-4.7872778024935e-06,-3.1814167979152e-06,4.8786175856341e-06,3.2421172486495e-06,6.1335072033584e-10,4.0760623577631e-10,0.81976144420763,0.8194344601025698,91.13344414883764,3481,1.1465800508785875,0.8194344601025698,91.13344414883764,3481
