time,NumDofs,NumElems,area,gradPx_avg,gradPy_avg,integral_in,integral_out,mem,product_avg,product_int,velx_avg,velx_int,vely_avg,vely_int,vol,M0_ps,M1_ps,M3_ps,Tau_ps,M0_eff_ps,M1_eff_ps,M3_eff_ps
0,0,0,36.656415536702,-1.0,4.5347736959165e-18,0.0,0.0,4690,0.0,0.0,0.0,0.0,0.0,0.0,0.93520000000019,0.9352251597383143,33.23672833350927,1296,1.0830676586124577,0.9352251597383143,33.23672833350927,1296
1,14740830,3213062,36.656415536702,-0.43987584685965,0.0002964934932208,3.8631001243801e-05,3.8630726747286e-05,7771,-4.1644992434446e-05,-3.1600952098816e-05,4.2320974188243e-05,3.2113898932822e-05,3.0740554215908e-10,2.3326472751727003e-10,0.93520000000019,0.9352251597383143,33.23672833350927,1296,1.0830676586124577,0.9352251597383143,33.23672833350927,1296
