time,NumDofs,NumElems,area,gradPx_avg,gradPy_avg,integral_in,integral_out,mem,product_avg,product_int,velx_avg,velx_int,vely_avg,vely_int,vol,M0_ps,M1_ps,M3_ps,Tau_ps,M0_eff_ps,M1_eff_ps,M3_eff_ps
0,0,0,14.194559521168,-1.0,-5.2837449833054996e-17,0.0,0.0,4050,0.0,0.0,0.0,0.0,0.0,0.0,0.97883999999987,0.9788173541471721,13.030436315257269,529,1.0370921392825085,0.9788173541471721,13.030436315257269,529
1,12288621,2705842,14.194559521168,-0.39831721697312,-0.079754025790855,0.0001574180111729,0.000157418121665,7677,-0.000166437275153,-0.0001318782848124,0.0001657735205384,0.0001313523520246,8.350035551935e-06,6.616236451236e-06,0.97883999999987,0.9788173541471721,13.030436315257269,529,1.0370921392825085,0.9788173541471721,13.030436315257269,529
