time,NumDofs,NumElems,area,gradPx_avg,gradPy_avg,integral_in,integral_out,mem,product_avg,product_int,velx_avg,velx_int,vely_avg,vely_int,vol,M0_ps,M1_ps,M3_ps,Tau_ps,M0_eff_ps,M1_eff_ps,M3_eff_ps
0,0,0,81.648000000037,-1.0,-1.286763963639e-17,0.0,0.0,6242,0.0,0.0,0.0,0.0,0.0,0.0,0.86003200000019,0.8598057839125144,75.05610771780731,2916,1.2306262425384913,0.8598057839125144,75.05610771780731,2916
1,19636650,4228230,81.648000000037,-0.34721280516453,-0.041855083678946,7.8292611769703e-06,7.8281022487595e-06,10244,-8.9627720537778e-06,-6.267221723406e-06,9.2214934902569e-06,6.4481327849931e-06,3.5959825090186e-07,2.5144921194342e-07,0.86003200000019,0.8598057839125144,75.05610771780731,2916,1.2306262425384913,0.8598057839125144,75.05610771780731,2916
