time,NumDofs,NumElems,area,gradPx_avg,gradPy_avg,integral_in,integral_out,mem,product_avg,product_int,velx_avg,velx_int,vely_avg,vely_int,vol,M0_ps,M1_ps,M3_ps,Tau_ps,M0_eff_ps,M1_eff_ps,M3_eff_ps
0,0,0,159.09902576685,-1.0,-4.3226675294430003e-17,0.0,0.0,8496,0.0,0.0,0.0,0.0,0.0,0.0,0.71874999999973,0.7183746250015061,146.21557085319083,5625,1.529305732664398,0.7183746250015061,146.21557085319083,5625
1,27857133,5922890,159.09902576685,-0.26622918463976,-0.0005529543101509,1.0835628056029e-06,1.0837253228965e-06,14530,-1.3981769757856e-06,-8.1725401839909e-07,1.4961157563159e-06,8.745006068723e-07,-5.320206804585501e-10,-3.1097353661677005e-10,0.71874999999973,0.7183746250015061,146.21557085319083,5625,1.529305732664398,0.7183746250015061,146.21557085319083,5625
