time,NumDofs,NumElems,area,gradPx_avg,gradPy_avg,integral_in,integral_out,mem,product_avg,product_int,velx_avg,velx_int,vely_avg,vely_int,vol,M0_ps,M1_ps,M3_ps,Tau_ps,M0_eff_ps,M1_eff_ps,M3_eff_ps
0,0,0,166.0119999998,-1.0,1.9759096235547e-17,0.0,0.0,8741,0.0,0.0,0.0,0.0,0.0,0.0,0.71540800000025,0.7142662077662338,150.80378200707668,5929,1.5535228884400984,0.7142662077662338,150.80378200707668,5929
1,28850949,6137254,166.0119999998,-0.60588854062242,0.00033054439402,2.4718555789348e-06,2.4726132326804e-06,15215,-3.4081373493014e-06,-1.9814024544023e-06,3.4556269806931e-06,2.0090116915175e-06,-3.2591634339342004e-10,-1.8947928928449003e-10,0.71540800000025,0.7142662077662338,150.80378200707668,5929,1.5535228884400984,0.7142662077662338,150.80378200707668,5929
