time,NumDofs,NumElems,area,gradPx_avg,gradPy_avg,integral_in,integral_out,mem,product_avg,product_int,velx_avg,velx_int,vely_avg,vely_int,vol,M0_ps,M1_ps,M3_ps,Tau_ps,M0_eff_ps,M1_eff_ps,M3_eff_ps
0,0,0,3.3527929080398,-1.0,1.986896372499e-19,0.0,0.0,3652,0.0,0.0,0.0,0.0,0.0,0.0,0.99443716912721,0.9944106650174096,3.2088929158055954,121,1.0083186749857465,0.9944106650174096,3.2088929158055954,121
1,10909098,2417344,3.3527929080398,-0.42601113839486,-0.0039423742903273,0.0010708075181329,0.0010708033786258,6894,-0.0011231922318618,-0.0009056043770211,0.0011565606473465,0.0009325085722781,6.282874020315e-07,5.0657385723172e-07,0.99443716912721,0.9944106650174096,3.2088929158055954,121,1.0083186749857465,0.9944106650174096,3.2088929158055954,121
