time,NumDofs,NumElems,area,gradPx_avg,gradPy_avg,integral_in,integral_out,mem,product_avg,product_int,velx_avg,velx_int,vely_avg,vely_int,vol,M0_ps,M1_ps,M3_ps,Tau_ps,M0_eff_ps,M1_eff_ps,M3_eff_ps
0,0,0,143.64362343195,-1.0,2.5822941414513e-17,0.0,0.0,8172,0.0,0.0,0.0,0.0,0.0,0.0,0.76167177486775,0.7609326870173212,132.01716921305754,5184,1.4457843183773567,0.7609326870173212,132.01716921305754,5184
1,26732574,5700774,143.64362343195,-0.31304461357823,-0.08850290020538,1.8216430675712e-06,1.8207067976423e-06,13499,-2.2751593452977e-06,-1.4055433365465e-06,2.3785069676898e-06,1.4693892215837e-06,1.7269503698279e-07,1.0668719049832e-07,0.76167177486775,0.7609326870173212,132.01716921305754,5184,1.4457843183773567,0.7609326870173212,132.01716921305754,5184
