time,NumDofs,NumElems,area,gradPx_avg,gradPy_avg,integral_in,integral_out,mem,product_avg,product_int,velx_avg,velx_int,vely_avg,vely_int,vol,M0_ps,M1_ps,M3_ps,Tau_ps,M0_eff_ps,M1_eff_ps,M3_eff_ps
0,0,0,34.137379839925,-1.0,-4.0425616368845e-18,0.0,0.0,4034,0.0,0.0,0.0,0.0,0.0,0.0,0.93289595854359,0.9327462540311083,33.94435448604168,1296,1.0580356671269089,0.9327462540311083,33.94435448604168,1296
1,12112209,2646204,34.137379839925,-0.39958503111621,0.0002582824866259,3.3352993327806e-05,3.3349745465896e-05,7262,-3.6112854518198e-05,-2.7336591951548e-05,3.6623842160537e-05,2.7723397726314e-05,-2.1222026163107e-09,-1.6064580807745e-09,0.93289595854359,0.9327462540311083,33.94435448604168,1296,1.0580356671269089,0.9327462540311083,33.94435448604168,1296
