time,NumDofs,NumElems,area,gradPx_avg,gradPy_avg,integral_in,integral_out,mem,product_avg,product_int,velx_avg,velx_int,vely_avg,vely_int,vol,M0_ps,M1_ps,M3_ps,Tau_ps,M0_eff_ps,M1_eff_ps,M3_eff_ps
0,0,0,152.1431373113,-1.0,-2.6921713177455e-17,0.0,0.0,5894,0.0,0.0,0.0,0.0,0.0,0.0,0.70093137079662,0.7004560222649708,151.24519190968257,5776,1.4641584859011711,0.7004560222649708,151.24519190968257,5776
1,17879571,3775520,152.1431373113,-0.4606855019945,0.0013547129495835,1.5326261666872e-06,1.5130239717379e-06,9753,-2.1063771077149e-06,-1.2013106596234e-06,2.1477181596672e-06,1.2248883211013e-06,-3.6000982588595e-10,-2.0532108890755003e-10,0.70093137079662,0.7004560222649708,151.24519190968257,5776,1.4641584859011711,0.7004560222649708,151.24519190968257,5776
