time,NumDofs,NumElems,area,gradPx_avg,gradPy_avg,integral_in,integral_out,mem,product_avg,product_int,velx_avg,velx_int,vely_avg,vely_int,vol,M0_ps,M1_ps,M3_ps,Tau_ps,M0_eff_ps,M1_eff_ps,M3_eff_ps
0,0,0,146.93649893737,-1.0,1.0151543375933e-17,0.0,0.0,8394,0.0,0.0,0.0,0.0,0.0,0.0,0.78095999999992,0.7808020851321882,134.80017569690082,5476,1.4465386694501674,0.7808020851321882,134.80017569690082,5476
1,27588954,5884950,146.93649893737,-0.33937154904927,-0.12227804524721,2.0266890601763e-06,2.0266417567019e-06,13703,-2.5062208843861e-06,-1.5912337351159e-06,2.6066203044756e-06,1.6549786928041e-06,2.5851944282785e-07,1.6413751125205e-07,0.78095999999992,0.7808020851321882,134.80017569690082,5476,1.4465386694501674,0.7808020851321882,134.80017569690082,5476
