time,NumDofs,NumElems,area,gradPx_avg,gradPy_avg,integral_in,integral_out,mem,product_avg,product_int,velx_avg,velx_int,vely_avg,vely_int,vol,M0_ps,M1_ps,M3_ps,Tau_ps,M0_eff_ps,M1_eff_ps,M3_eff_ps
0,0,0,197.56799999976,-1.0,-2.0986279733955998e-17,0.0,0.0,10125,0.0,0.0,0.0,0.0,0.0,0.0,0.66131200000024,0.6604893153039546,188.8389463053285,7056,1.6258324674494316,0.6604893153039546,188.8389463053285,7056
1,32242797,6839156,197.56799999976,-0.35924106753106,0.0001144858052194,6.8472038495755e-07,6.985911684535e-07,17059,-9.8654941707967e-07,-5.2575154675078e-07,1.0309363387512e-06,5.4940620846391e-07,-1.6386504600381e-09,-8.732689909230501e-10,0.66131200000024,0.6604893153039546,188.8389463053285,7056,1.6258324674494316,0.6604893153039546,188.8389463053285,7056
