time,NumDofs,NumElems,area,gradPx_avg,gradPy_avg,integral_in,integral_out,mem,product_avg,product_int,velx_avg,velx_int,vely_avg,vely_int,vol,M0_ps,M1_ps,M3_ps,Tau_ps,M0_eff_ps,M1_eff_ps,M3_eff_ps
0,0,0,46.879989951707,-1.0,-2.8777398144936002e-18,0.0,0.0,4325,0.0,0.0,0.0,0.0,0.0,0.0,0.92404419538337,0.9238828358119043,46.469066830791576,1936,1.0528185028787445,0.9238828358119043,46.469066830791576,1936
1,13260402,2881534,46.879989951707,-0.32048297406385,0.0002743575769089,1.662767628647e-05,1.6623818874547e-05,7410,-1.7985040475305e-05,-1.3439069009783e-05,1.8089664507102e-05,1.3517247848765e-05,-1.9741059135823e-09,-1.4751229301753e-09,0.92404419538337,0.9238828358119043,46.469066830791576,1936,1.0528185028787445,0.9238828358119043,46.469066830791576,1936
