time,NumDofs,NumElems,area,gradPx_avg,gradPy_avg,integral_in,integral_out,mem,product_avg,product_int,velx_avg,velx_int,vely_avg,vely_int,vol,M0_ps,M1_ps,M3_ps,Tau_ps,M0_eff_ps,M1_eff_ps,M3_eff_ps
0,0,0,106.55944313481,-1.0,7.0059358921037e-17,0.0,0.0,7161,0.0,0.0,0.0,0.0,0.0,0.0,0.880108473631,0.879946265276043,97.83447434105709,5399,1.2703154392197438,0.879946265276043,97.83447434105709,5399
1,22903977,4912397,106.55944313481,-0.37078711818705,-0.11603191072186,5.2079026385676e-06,5.2101446862508e-06,11931,-5.7931143614902e-06,-4.1205707938631e-06,5.9478437018753e-06,4.2306278652689e-06,5.6906541209416e-07,4.0476920884912e-07,0.880108473631,0.879946265276043,97.83447434105709,5399,1.2703154392197438,0.879946265276043,97.83447434105709,5399
