time,NumDofs,NumElems,area,gradPx_avg,gradPy_avg,integral_in,integral_out,mem,product_avg,product_int,velx_avg,velx_int,vely_avg,vely_int,vol,M0_ps,M1_ps,M3_ps,Tau_ps,M0_eff_ps,M1_eff_ps,M3_eff_ps
0,0,0,76.480669453085,-1.0,-3.8297006994613e-17,0.0,0.0,6157,0.0,0.0,0.0,0.0,0.0,0.0,0.86479999999987,0.864032674567572,69.56487359565132,2704,1.1755374895897084,0.864032674567572,69.56487359565132,2704
1,19320351,4164088,76.480669453085,-0.46723072285824,0.000304618142256,1.0368907867678e-05,1.0368240829241e-05,10158,-1.2001368060115e-05,-8.4272701881793e-06,1.2164544920893e-05,8.5418517498266e-06,6.7140738800378e-11,4.7145720693722e-11,0.86479999999987,0.864032674567572,69.56487359565132,2704,1.1755374895897084,0.864032674567572,69.56487359565132,2704
