time,NumDofs,NumElems,area,gradPx_avg,gradPy_avg,integral_in,integral_out,mem,product_avg,product_int,velx_avg,velx_int,vely_avg,vely_int,vol,M0_ps,M1_ps,M3_ps,Tau_ps,M0_eff_ps,M1_eff_ps,M3_eff_ps
0,0,0,89.318887022143,-1.0,1.2270957766677e-17,0.0,0.0,6602,0.0,0.0,0.0,0.0,0.0,0.0,0.90607787144847,0.9060465620619997,80.99535026929779,3600,1.3153533357031066,0.9060465620619997,80.99535026929779,3600
1,21082293,4536020,89.318887022143,-0.56074812422735,-0.0001463040337251,1.1780043525064e-05,1.1888583145598e-05,11106,-1.2945142664742e-05,-9.5010573576654e-06,1.3139565542559e-05,9.6437535767513e-06,-4.7822107418843e-10,-3.509892454012e-10,0.90607787144847,0.9060465620619997,80.99535026929779,3600,1.3153533357031066,0.9060465620619997,80.99535026929779,3600
