time,NumDofs,NumElems,area,gradPx_avg,gradPy_avg,integral_in,integral_out,mem,product_avg,product_int,velx_avg,velx_int,vely_avg,vely_int,vol,M0_ps,M1_ps,M3_ps,Tau_ps,M0_eff_ps,M1_eff_ps,M3_eff_ps
0,0,0,113.13353411549,-1.0,-2.2433447429258e-17,0.0,0.0,5279,0.0,0.0,0.0,0.0,0.0,0.0,0.75900187659148,0.7585300862245533,112.56088910258121,4096,1.3309393225531096,0.7585300862245533,112.56088910258121,4096
1,15707154,3347150,113.13353411549,-0.49663838631004,-0.070361572228737,3.50346970554e-06,3.5028215596197e-06,8608,-4.5641218054368e-06,-2.793404925602e-06,4.6090955278444e-06,2.8209304437744e-06,2.6739106056007e-07,1.636528422052e-07,0.75900187659148,0.7585300862245533,112.56088910258121,4096,1.3309393225531096,0.7585300862245533,112.56088910258121,4096
