time,NumDofs,NumElems,area,gradPx_avg,gradPy_avg,integral_in,integral_out,mem,product_avg,product_int,velx_avg,velx_int,vely_avg,vely_int,vol,M0_ps,M1_ps,M3_ps,Tau_ps,M0_eff_ps,M1_eff_ps,M3_eff_ps
0,0,0,69.693542679204,-1.0,7.2964450322585e-18,0.0,0.0,5982,0.0,0.0,0.0,0.0,0.0,0.0,0.92671465024958,0.9265223834442432,63.27739084862583,2809,1.0845638881021038,0.9265223834442432,63.27739084862583,2809
1,18738702,4047653,69.693542679204,-0.27822334269907,0.0011280670717151,8.4624742472074e-06,8.4645890019894e-06,10104,-8.9141256410652e-06,-6.7031904039943e-06,9.2342943214062e-06,6.9439489160613e-06,-4.9022268091838e-10,-3.686346931677e-10,0.92671465024958,0.9265223834442432,63.27739084862583,2809,1.0845638881021038,0.9265223834442432,63.27739084862583,2809
