time,NumDofs,NumElems,area,gradPx_avg,gradPy_avg,integral_in,integral_out,mem,product_avg,product_int,velx_avg,velx_int,vely_avg,vely_int,vol,M0_ps,M1_ps,M3_ps,Tau_ps,M0_eff_ps,M1_eff_ps,M3_eff_ps
0,0,0,51.733415745923,-1.0,-8.3346043257151e-17,0.0,0.0,5417,0.0,0.0,0.0,0.0,0.0,0.0,0.93890448323237,0.9387853864040707,47.58283174887604,2025,1.1504186457097916,0.9387853864040707,47.58283174887604,2025
1,16648884,3612018,51.733415745923,-0.47935366783189,-0.0008653831893441,2.496301885594e-05,2.5121225835769e-05,8903,-2.6649262735316e-05,-2.0233949291122e-05,2.6865831898323e-05,2.0398383463498e-05,-7.604772801967e-09,-5.7740654506584e-09,0.93890448323237,0.9387853864040707,47.58283174887604,2025,1.1504186457097916,0.9387853864040707,47.58283174887604,2025
