time,NumDofs,NumElems,area,gradPx_avg,gradPy_avg,integral_in,integral_out,mem,product_avg,product_int,velx_avg,velx_int,vely_avg,vely_int,vol,M0_ps,M1_ps,M3_ps,Tau_ps,M0_eff_ps,M1_eff_ps,M3_eff_ps
0,0,0,104.82563824133,-1.0,-5.0397532771921e-17,0.0,0.0,7207,0.0,0.0,0.0,0.0,0.0,0.0,0.8897719463529,0.8895245400620881,95.15298132798164,4225,1.1263041189064604,0.8895245400620881,95.15298132798164,4225
1,23101488,4959105,104.82563824133,-0.26595895694803,0.0012728635668407,3.1278727535878e-06,3.1260960761378e-06,12050,-3.3831259555806e-06,-2.4332176439093e-06,3.5126462478913e-06,2.5263714503689e-06,-1.2666555546953e-10,-9.1100617739529e-11,0.8897719463529,0.8895245400620881,95.15298132798164,4225,1.1263041189064604,0.8895245400620881,95.15298132798164,4225
