time,NumDofs,NumElems,area,gradPx_avg,gradPy_avg,integral_in,integral_out,mem,product_avg,product_int,velx_avg,velx_int,vely_avg,vely_int,vol,M0_ps,M1_ps,M3_ps,Tau_ps,M0_eff_ps,M1_eff_ps,M3_eff_ps
0,0,0,189.33234779092,-1.0,-6.1482537304406e-17,0.0,0.0,10151,0.0,0.0,0.0,0.0,0.0,0.0,0.7177599999999,0.7168686069533857,171.50526433956563,7056,2.0794947099634005,0.7168686069533857,171.50526433956563,7056
1,32374287,6877784,189.33234779092,-0.76467308279436,-8.105559574836e-07,3.0004846341865e-06,3.000821078731e-06,17349,-4.1260423260057e-06,-2.3900829815281e-06,4.1482846450381e-06,2.4029672381567e-06,-1.0349732085284001e-10,-5.9952653331989e-11,0.7177599999999,0.7168686069533857,171.50526433956563,7056,2.0794947099634005,0.7168686069533857,171.50526433956563,7056
