time,NumDofs,NumElems,area,gradPx_avg,gradPy_avg,integral_in,integral_out,mem,product_avg,product_int,velx_avg,velx_int,vely_avg,vely_int,vol,M0_ps,M1_ps,M3_ps,Tau_ps,M0_eff_ps,M1_eff_ps,M3_eff_ps
0,0,0,73.249984299542,-1.0,2.9361570537313e-17,0.0,0.0,4811,0.0,0.0,0.0,0.0,0.0,0.0,0.88131905528761,0.881071762764005,72.58077432874026,3025,1.1957538792530513,0.881071762764005,72.58077432874026,3025
1,15024474,3237613,73.249984299542,-0.48861790407709,-0.12582666733575,1.0213262074727e-05,1.0212963977545e-05,7894,-1.1609944423048e-05,-8.3108047711882e-06,1.1796387091926e-05,8.4442669623586e-06,1.1475021365161e-06,8.2142221216617e-07,0.88131905528761,0.881071762764005,72.58077432874026,3025,1.1957538792530513,0.881071762764005,72.58077432874026,3025
