time,NumDofs,NumElems,area,gradPx_avg,gradPy_avg,integral_in,integral_out,mem,product_avg,product_int,velx_avg,velx_int,vely_avg,vely_int,vol,M0_ps,M1_ps,M3_ps,Tau_ps,M0_eff_ps,M1_eff_ps,M3_eff_ps
0,0,0,111.13199999995,-1.0,-2.2320015869726e-17,0.0,0.0,7099,0.0,0.0,0.0,0.0,0.0,0.0,0.80948800000021,0.8087236597443384,100.95129208738192,3969,1.1793061468745363,0.8087236597443384,100.95129208738192,3969
1,22822065,4887662,111.13199999995,-0.41110855751351,-0.0002063757275984,3.6335358032736e-06,3.6342639514117e-06,11779,-4.40347307498e-06,-2.8803904534217e-06,4.4702661350505e-06,2.9240809879852e-06,-3.0828606541457e-10,-2.0165542621084003e-10,0.80948800000021,0.8087236597443384,100.95129208738192,3969,1.1793061468745363,0.8087236597443384,100.95129208738192,3969
