time,NumDofs,NumElems,area,gradPx_avg,gradPy_avg,integral_in,integral_out,mem,product_avg,product_int,velx_avg,velx_int,vely_avg,vely_int,vol,M0_ps,M1_ps,M3_ps,Tau_ps,M0_eff_ps,M1_eff_ps,M3_eff_ps
0,0,0,60.802379986446,-1.0,7.8959854842792e-17,0.0,0.0,5761,0.0,0.0,0.0,0.0,0.0,0.0,0.94165246219191,0.9415303552997779,54.29777969190907,3030,1.13719037473793,0.9415303552997779,54.29777969190907,3030
1,17963499,3888888,60.802379986446,-0.38740552659605,0.0018791235118271,1.5729436073734e-05,1.5513268472511e-05,9884,-1.6518426644356e-05,-1.2599526696793e-05,1.6784128924207e-05,1.2802192667376e-05,-2.2914957843181e-08,-1.747851834301e-08,0.94165246219191,0.9415303552997779,54.29777969190907,3030,1.13719037473793,0.9415303552997779,54.29777969190907,3030
