time,NumDofs,NumElems,area,gradPx_avg,gradPy_avg,integral_in,integral_out,mem,product_avg,product_int,velx_avg,velx_int,vely_avg,vely_int,vol,M0_ps,M1_ps,M3_ps,Tau_ps,M0_eff_ps,M1_eff_ps,M3_eff_ps
0,0,0,11.048196690966,-1.0,-3.202234885885e-17,0.0,0.0,3673,0.0,0.0,0.0,0.0,0.0,0.0,0.97646502700976,0.9764177653905004,11.000925187870278,400,1.038158767049077,0.9764177653905004,11.000925187870278,400
1,10941978,2416350,11.048196690966,-0.58106929304052,4.5665742605908e-05,0.0002337372600182,0.0002337236941467,6405,-0.0002483119768862,-0.000196399169851,0.00024893274476,0.0001968901582302,1.6483958855719e-09,1.3037775606792e-09,0.97646502700976,0.9764177653905004,11.000925187870278,400,1.038158767049077,0.9764177653905004,11.000925187870278,400
