time,NumDofs,NumElems,area,gradPx_avg,gradPy_avg,integral_in,integral_out,mem,product_avg,product_int,velx_avg,velx_int,vely_avg,vely_int,vol,M0_ps,M1_ps,M3_ps,Tau_ps,M0_eff_ps,M1_eff_ps,M3_eff_ps
0,0,0,14.843631084598,-1.0,-3.7326861306334e-17,0.0,0.0,4043,0.0,0.0,0.0,0.0,0.0,0.0,0.98741991264251,0.9873876008530086,13.017521302768825,829,1.0320571827192282,0.9873876008530086,13.017521302768825,829
1,12348375,2718166,14.843631084598,-0.41808963663408,0.0092025550505728,0.0001427617257513,0.0001429035094526,7659,-0.0001496831538864,-0.0001196486979088,0.0001486787420057,0.0001188458248362,-1.0560197336226e-06,-8.4412562678811e-07,0.98741991264251,0.9873876008530086,13.017521302768825,829,1.0320571827192282,0.9873876008530086,13.017521302768825,829
