time,NumDofs,NumElems,area,gradPx_avg,gradPy_avg,integral_in,integral_out,mem,product_avg,product_int,velx_avg,velx_int,vely_avg,vely_int,vol,M0_ps,M1_ps,M3_ps,Tau_ps,M0_eff_ps,M1_eff_ps,M3_eff_ps
0,0,0,113.36864645916,-1.0,-3.0960960244224e-17,0.0,0.0,7357,0.0,0.0,0.0,0.0,0.0,0.0,0.83099999999989,0.8311251762041116,102.53272857490983,4225,1.4811111546472695,0.8311251762041116,102.53272857490983,4225
1,23843163,5108430,113.36864645916,-0.65829139636612,-0.0003718013049808,7.823572323053e-06,7.8238911789747e-06,12277,-9.3799111050779e-06,-6.2942196095936e-06,9.4470184441971e-06,6.3392507751452e-06,1.6526322927185002e-10,1.1089689942419e-10,0.83099999999989,0.8311251762041116,102.53272857490983,4225,1.4811111546472695,0.8311251762041116,102.53272857490983,4225
