time,NumDofs,NumElems,area,gradPx_avg,gradPy_avg,integral_in,integral_out,mem,product_avg,product_int,velx_avg,velx_int,vely_avg,vely_int,vol,M0_ps,M1_ps,M3_ps,Tau_ps,M0_eff_ps,M1_eff_ps,M3_eff_ps
0,0,0,109.81912021634,-1.0,2.2625382818353e-17,0.0,0.0,7412,0.0,0.0,0.0,0.0,0.0,0.0,0.9069274816971,0.9067082059911405,96.11542974047435,4624,1.081931546854041,0.9067082059911405,96.11542974047435,4624
1,23897517,5127348,109.81912021634,-0.21316325782817,0.0006357218687855,2.1414187467808e-06,2.1441097921545e-06,12803,-2.2541933518225e-06,-1.6544171791717e-06,2.3733543856252e-06,1.7418728808983e-06,-4.2103272938337005e-10,-3.0900800054361e-10,0.9069274816971,0.9067082059911405,96.11542974047435,4624,1.081931546854041,0.9067082059911405,96.11542974047435,4624
