time,NumDofs,NumElems,area,gradPx_avg,gradPy_avg,integral_in,integral_out,mem,product_avg,product_int,velx_avg,velx_int,vely_avg,vely_int,vol,M0_ps,M1_ps,M3_ps,Tau_ps,M0_eff_ps,M1_eff_ps,M3_eff_ps
0,0,0,42.14543812502,-1.0,4.6558968940793997e-17,0.0,0.0,4867,0.0,0.0,0.0,0.0,0.0,0.0,0.93007383672335,0.9299561045939575,38.24285775331935,1521,1.062385359815374,0.9299561045939575,38.24285775331935,1521
1,15383484,3347252,42.14543812502,-0.37307063670474,0.0003486748951823,2.6227854998737e-05,2.6227667710009e-05,8554,-2.8440169521653e-05,-2.1435749827227e-05,2.8807458071146e-05,2.1712580296023e-05,1.4703725931429e-09,1.1082401965089e-09,0.93007383672335,0.9299561045939575,38.24285775331935,1521,1.062385359815374,0.9299561045939575,38.24285775331935,1521
