time,NumDofs,NumElems,area,gradPx_avg,gradPy_avg,integral_in,integral_out,mem,product_avg,product_int,velx_avg,velx_int,vely_avg,vely_int,vol,M0_ps,M1_ps,M3_ps,Tau_ps,M0_eff_ps,M1_eff_ps,M3_eff_ps
0,0,0,92.320994058177,-1.0,-2.6970677172093e-17,0.0,0.0,6748,0.0,0.0,0.0,0.0,0.0,0.0,0.90292104435015,0.9025766964791306,83.8645576578914,3721,1.1116712367977657,0.9025766964791306,83.8645576578914,3721
1,21553020,4635665,92.320994058177,-0.27100570283104,0.001278738956983,4.3792075358765e-06,4.3828603120407e-06,11027,-4.6960909005013e-06,-3.4332684707155e-06,4.8671676654698e-06,3.5583411057397e-06,-2.8967902953486e-10,-2.1178164984484002e-10,0.90292104435015,0.9025766964791306,83.8645576578914,3721,1.1116712367977657,0.9025766964791306,83.8645576578914,3721
