time,NumDofs,NumElems,area,gradPx_avg,gradPy_avg,integral_in,integral_out,mem,product_avg,product_int,velx_avg,velx_int,vely_avg,vely_int,vol,M0_ps,M1_ps,M3_ps,Tau_ps,M0_eff_ps,M1_eff_ps,M3_eff_ps
0,0,0,151.24981269932,-1.0,-1.6972065665810002e-17,0.0,0.0,5713,0.0,0.0,0.0,0.0,0.0,0.0,0.6778062197791,0.6771388468319405,150.50533678191132,5476,1.467181517313604,0.6771388468319405,150.50533678191132,5476
1,17146596,3619186,151.24981269932,-0.46657638281612,-0.0008715857948541,1.4434885396606e-06,1.4529367340714e-06,9979,-2.0631663422792e-06,-1.1391864056912e-06,2.1177270483583e-06,1.1693123404627e-06,2.8909627964458e-09,1.5962578729507e-09,0.6778062197791,0.6771388468319405,150.50533678191132,5476,1.467181517313604,0.6771388468319405,150.50533678191132,5476
