time,NumDofs,NumElems,area,gradPx_avg,gradPy_avg,integral_in,integral_out,mem,product_avg,product_int,velx_avg,velx_int,vely_avg,vely_int,vol,M0_ps,M1_ps,M3_ps,Tau_ps,M0_eff_ps,M1_eff_ps,M3_eff_ps
0,0,0,63.60384165903,-1.0,4.2706734220141005e-18,0.0,0.0,4276,0.0,0.0,0.0,0.0,0.0,0.0,0.84109091872475,0.8408038521933647,63.35453613167051,2025,1.1983625875497665,0.8408038521933647,63.35453613167051,2025
1,12990519,2806473,63.60384165903,-0.5037343305844,-0.000408649379125,1.2617559642485e-05,1.2613742567697e-05,7106,-1.5056582733156e-05,-1.0209445856534e-05,1.5062489187275e-05,1.0213450857177e-05,1.8178016861692002e-10,1.2326002667254002e-10,0.84109091872475,0.8408038521933647,63.35453613167051,2025,1.1983625875497665,0.8408038521933647,63.35453613167051,2025
