time,NumDofs,NumElems,area,gradPx_avg,gradPy_avg,integral_in,integral_out,mem,product_avg,product_int,velx_avg,velx_int,vely_avg,vely_int,vol,M0_ps,M1_ps,M3_ps,Tau_ps,M0_eff_ps,M1_eff_ps,M3_eff_ps
0,0,0,139.86509398815,-1.0,-1.4367801152716e-17,0.0,0.0,6198,0.0,0.0,0.0,0.0,0.0,0.0,0.77338805399713,0.7729065345119096,138.6310563711809,5776,1.1280628253347926,0.7729065345119096,138.6310563711809,5776
1,19113804,4055570,139.86509398815,-0.2492585759593,0.0008229724361818,7.5375973280372e-07,7.53051652504e-07,10324,-9.2151777477181e-07,-5.7897679040371e-07,9.7361350681606e-07,6.117078136769e-07,-8.2505020366137e-10,-5.1836755829922e-10,0.77338805399713,0.7729065345119096,138.6310563711809,5776,1.1280628253347926,0.7729065345119096,138.6310563711809,5776
