time,NumDofs,NumElems,area,gradPx_avg,gradPy_avg,integral_in,integral_out,mem,product_avg,product_int,velx_avg,velx_int,vely_avg,vely_int,vol,M0_ps,M1_ps,M3_ps,Tau_ps,M0_eff_ps,M1_eff_ps,M3_eff_ps
0,0,0,42.902159318445,-1.0,6.0338566573291004e-18,0.0,0.0,5063,0.0,0.0,0.0,0.0,0.0,0.0,0.95882997732226,0.9586748647595793,38.42715324759626,1764,1.1454641003872768,0.9586748647595793,38.42715324759626,1764
1,15620769,3398212,42.902159318445,-0.61096677265954,-0.0006023670267531,3.9388999193682e-05,3.961904136094e-05,8779,-4.1486487187524e-05,-3.2205741380655e-05,4.1754631888745e-05,3.241390069916e-05,5.8401905030749e-10,4.5337091112489003e-10,0.95882997732226,0.9586748647595793,38.42715324759626,1764,1.1454641003872768,0.9586748647595793,38.42715324759626,1764
