time,NumDofs,NumElems,area,gradPx_avg,gradPy_avg,integral_in,integral_out,mem,product_avg,product_int,velx_avg,velx_int,vely_avg,vely_int,vol,M0_ps,M1_ps,M3_ps,Tau_ps,M0_eff_ps,M1_eff_ps,M3_eff_ps
0,0,0,111.96956277722,-1.0,3.9924021925291e-17,0.0,0.0,5720,0.0,0.0,0.0,0.0,0.0,0.0,0.81858489641311,0.8182517339287794,110.92006263224891,4624,1.3065125079814601,0.8182517339287794,110.92006263224891,4624
1,17388981,3710292,111.96956277722,-0.48488487419131,-0.13347317967675,4.2155649196732e-06,4.2156539427772e-06,9376,-5.1040596467336e-06,-3.3813845622156e-06,5.1777998488755e-06,3.4302366521979e-06,5.5715520333858e-07,3.6910932350346e-07,0.81858489641311,0.8182517339287794,110.92006263224891,4624,1.3065125079814601,0.8182517339287794,110.92006263224891,4624
