time,NumDofs,NumElems,area,gradPx_avg,gradPy_avg,integral_in,integral_out,mem,product_avg,product_int,velx_avg,velx_int,vely_avg,vely_int,vol,M0_ps,M1_ps,M3_ps,Tau_ps,M0_eff_ps,M1_eff_ps,M3_eff_ps
0,0,0,54.208000000008,-1.0,4.2330511530911996e-17,0.0,0.0,5455,0.0,0.0,0.0,0.0,0.0,0.0,0.90707200000012,0.9068728639644017,51.80132841913797,1936,1.141392992868713,0.9068728639644017,51.80132841913797,1936
1,16667271,3613448,54.208000000008,-0.40558543242915,-0.0006460943152275,1.8922054028664e-05,1.8950871283668e-05,9462,-2.0895916283271e-05,-1.5320641890185e-05,2.1043132151604e-05,1.5428578846321e-05,1.9714483900511e-08,1.4454429458609e-08,0.90707200000012,0.9068728639644017,51.80132841913797,1936,1.141392992868713,0.9068728639644017,51.80132841913797,1936
