time,NumDofs,NumElems,area,gradPx_avg,gradPy_avg,integral_in,integral_out,mem,product_avg,product_int,velx_avg,velx_int,vely_avg,vely_int,vol,M0_ps,M1_ps,M3_ps,Tau_ps,M0_eff_ps,M1_eff_ps,M3_eff_ps
0,0,0,150.93458848113,-1.0,2.2904886049928e-17,0.0,0.0,8504,0.0,0.0,0.0,0.0,0.0,0.0,0.7749999999999,0.7744597411255376,144.09448942809632,5625,1.4544185440709652,0.7744597411255376,144.09448942809632,5625
1,28007892,5971392,150.93458848113,-0.3664185429878,0.0003668055286657,1.8935603712827e-06,1.8478996324646e-06,15726,-2.3516761631855e-06,-1.4806503414797e-06,2.434598998856e-06,1.532859793986e-06,1.8773563934148e-09,1.1820115492532e-09,0.7749999999999,0.7744597411255376,144.09448942809632,5625,1.4544185440709652,0.7744597411255376,144.09448942809632,5625
