time,NumDofs,NumElems,area,gradPx_avg,gradPy_avg,integral_in,integral_out,mem,product_avg,product_int,velx_avg,velx_int,vely_avg,vely_int,vol,M0_ps,M1_ps,M3_ps,Tau_ps,M0_eff_ps,M1_eff_ps,M3_eff_ps
0,0,0,100.79999999999,-1.0,-7.4266708693781e-17,0.0,0.0,6789,0.0,0.0,0.0,0.0,0.0,0.0,0.82720000000021,0.8265749936747242,92.69471078792648,3600,1.2922544406791117,0.8265749936747242,92.69471078792648,3600
1,21753720,4667226,100.79999999999,-0.3322699498868,-0.048941514014686,4.7408736296699e-06,4.7396885816446e-06,11526,-5.5929668669664e-06,-3.7474488726891e-06,5.7526169550709e-06,3.8544190294812e-06,2.4965919764096e-07,1.6727885235328e-07,0.82720000000021,0.8265749936747242,92.69471078792648,3600,1.2922544406791117,0.8265749936747242,92.69471078792648,3600
