time,NumDofs,NumElems,area,gradPx_avg,gradPy_avg,integral_in,integral_out,mem,product_avg,product_int,velx_avg,velx_int,vely_avg,vely_int,vol,M0_ps,M1_ps,M3_ps,Tau_ps,M0_eff_ps,M1_eff_ps,M3_eff_ps
0,0,0,124.38584598495,-1.0,-3.1360589397736e-17,0.0,0.0,7589,0.0,0.0,0.0,0.0,0.0,0.0,0.79362357202571,0.7938321532845249,112.6529832884616,4489,1.4388855987341547,0.7938321532845249,112.6529832884616,4489
1,24595650,5257872,124.38584598495,-0.6049769885071,0.0006531303308013,5.3421369783631e-06,5.3421023019029e-06,12876,-6.6671139229953e-06,-4.2749919024254e-06,6.7345401723759e-06,4.3182260024337e-06,-5.8734355227331e-10,-3.7660807343489e-10,0.79362357202571,0.7938321532845249,112.6529832884616,4489,1.4388855987341547,0.7938321532845249,112.6529832884616,4489
