time,NumDofs,NumElems,area,gradPx_avg,gradPy_avg,integral_in,integral_out,mem,product_avg,product_int,velx_avg,velx_int,vely_avg,vely_int,vol,M0_ps,M1_ps,M3_ps,Tau_ps,M0_eff_ps,M1_eff_ps,M3_eff_ps
0,0,0,107.93762050691,-1.0,-3.5189431175186e-17,0.0,0.0,7284,0.0,0.0,0.0,0.0,0.0,0.0,0.87252910699089,0.8723770185661905,99.49179437216041,5100,1.2755257757850054,0.8723770185661905,99.49179437216041,5100
1,23403783,5019240,107.93762050691,-0.36701108898081,-0.096301657781409,4.9808361437244e-06,4.9823256399899e-06,12466,-5.5826381811785e-06,-3.9360686277427e-06,5.7312914285247e-06,4.0408773873832e-06,4.48760918913e-07,3.1640126351831e-07,0.87252910699089,0.8723770185661905,99.49179437216041,5100,1.2755257757850054,0.8723770185661905,99.49179437216041,5100
