time,NumDofs,NumElems,area,gradPx_avg,gradPy_avg,integral_in,integral_out,mem,product_avg,product_int,velx_avg,velx_int,vely_avg,vely_int,vol,M0_ps,M1_ps,M3_ps,Tau_ps,M0_eff_ps,M1_eff_ps,M3_eff_ps
0,0,0,188.27199999978,-1.0,3.6634484593428e-17,0.0,0.0,9384,0.0,0.0,0.0,0.0,0.0,0.0,0.67724800000026,0.6759531086220537,171.02456235715698,6724,1.2617382448400665,0.6759531086220537,171.02456235715698,6724
1,31250385,6633892,188.27199999978,-0.39735939992156,-4.4281240083294e-05,7.1135076927817e-07,7.1153468023325e-07,16220,-1.0012777135073e-06,-5.4797140868237e-07,1.0277538737454e-06,5.6246107386361e-07,-1.732924357663e-10,-9.4838124188576e-11,0.67724800000026,0.6759531086220537,171.02456235715698,6724,1.2617382448400665,0.6759531086220537,171.02456235715698,6724
