time,NumDofs,NumElems,area,gradPx_avg,gradPy_avg,integral_in,integral_out,mem,product_avg,product_int,velx_avg,velx_int,vely_avg,vely_int,vol,M0_ps,M1_ps,M3_ps,Tau_ps,M0_eff_ps,M1_eff_ps,M3_eff_ps
0,0,0,176.05010400446,-1.0,1.8787122487509e-17,0.0,0.0,9257,0.0,0.0,0.0,0.0,0.0,0.0,0.73755999999988,0.7371275617366998,167.94604195422946,6561,1.555020596696947,0.7371275617366998,167.94604195422946,6561
1,30830625,6556858,176.05010400446,-0.34455699484794,-0.0001361247483346,1.1971821335653e-06,1.1857536081293e-06,16541,-1.4724744172943e-06,-8.7881685404497e-07,1.5323472812804e-06,9.1455077332593e-07,1.0731154307948e-09,6.404674443520201e-10,0.73755999999988,0.7371275617366998,167.94604195422946,6561,1.555020596696947,0.7371275617366998,167.94604195422946,6561
