time,NumDofs,NumElems,area,gradPx_avg,gradPy_avg,integral_in,integral_out,mem,product_avg,product_int,velx_avg,velx_int,vely_avg,vely_int,vol,M0_ps,M1_ps,M3_ps,Tau_ps,M0_eff_ps,M1_eff_ps,M3_eff_ps
0,0,0,90.796211901791,-1.0,-1.7506313530388e-17,0.0,0.0,6629,0.0,0.0,0.0,0.0,0.0,0.0,0.89784390652595,0.8974903715246123,83.19182287865574,3600,1.302590632589924,0.8974903715246123,83.19182287865574,3600
1,21199824,4559738,90.796211901791,-0.5106857363743,-0.0001324048303423,1.0371657011749e-05,1.0470006156115e-05,10865,-1.1474624404804e-05,-8.3448867302332e-06,1.1672803718395e-05,8.4890120511024e-06,-1.2507196253672e-09,-9.095821559614e-10,0.89784390652595,0.8974903715246123,83.19182287865574,3600,1.302590632589924,0.8974903715246123,83.19182287865574,3600
