time,NumDofs,NumElems,area,gradPx_avg,gradPy_avg,integral_in,integral_out,mem,product_avg,product_int,velx_avg,velx_int,vely_avg,vely_int,vol,M0_ps,M1_ps,M3_ps,Tau_ps,M0_eff_ps,M1_eff_ps,M3_eff_ps
0,0,0,181.21804622353,-1.0,6.8757514142632e-17,0.0,0.0,6183,0.0,0.0,0.0,0.0,0.0,0.0,0.6139676055461,0.6132194248215871,180.303808484703,6561,1.5680286268749253,0.6132194248215871,180.303808484703,6561
1,18807219,3950600,181.21804622353,-0.4751911501986,-0.080037283329999,8.1103571616063e-07,8.1134255826361e-07,10257,-1.2560046799402e-06,-6.2343327310876e-07,1.2864903476723e-06,6.385652068672e-07,7.3682347114352e-08,3.6573133496624e-08,0.6139676055461,0.6132194248215871,180.303808484703,6561,1.5680286268749253,0.6132194248215871,180.303808484703,6561
