time,NumDofs,NumElems,area,gradPx_avg,gradPy_avg,integral_in,integral_out,mem,product_avg,product_int,velx_avg,velx_int,vely_avg,vely_int,vol,M0_ps,M1_ps,M3_ps,Tau_ps,M0_eff_ps,M1_eff_ps,M3_eff_ps
0,0,0,16.462856790088,-1.0,5.634318975881e-17,0.0,0.0,3758,0.0,0.0,0.0,0.0,0.0,0.0,0.96763886889566,0.9675764354360022,16.3592259259293,625,1.0281562712475514,0.9675764354360022,16.3592259259293,625
1,11247003,2476750,16.462856790088,-0.39720853016711,-0.0001195394418116,0.0001092534617877,0.0001092465890726,6461,-0.0001166985257746,-9.1329145889956e-05,0.000115539014964,9.0421703989738e-05,-5.1962670081703e-09,-4.0666377276162e-09,0.96763886889566,0.9675764354360022,16.3592259259293,625,1.0281562712475514,0.9675764354360022,16.3592259259293,625
