time,NumDofs,NumElems,area,gradPx_avg,gradPy_avg,integral_in,integral_out,mem,product_avg,product_int,velx_avg,velx_int,vely_avg,vely_int,vol,M0_ps,M1_ps,M3_ps,Tau_ps,M0_eff_ps,M1_eff_ps,M3_eff_ps
0,0,0,61.209252345916,-1.0,3.7054017918220005e-17,0.0,0.0,5685,0.0,0.0,0.0,0.0,0.0,0.0,0.89844385622742,0.8984582391235376,55.472850229378615,2209,1.1958692771480393,0.8984582391235376,55.472850229378615,2209
1,17561475,3799602,61.209252345916,-0.53245666137782,0.0007673386805544,1.9313061554908e-05,1.9312823734774e-05,9687,-2.1600683277144e-05,-1.5672737090629e-05,2.1786502857904e-05,1.5807561595862e-05,-1.8145153820023e-09,-1.3165519888491e-09,0.89844385622742,0.8984582391235376,55.472850229378615,2209,1.1958692771480393,0.8984582391235376,55.472850229378615,2209
