time,NumDofs,NumElems,area,gradPx_avg,gradPy_avg,integral_in,integral_out,mem,product_avg,product_int,velx_avg,velx_int,vely_avg,vely_int,vol,M0_ps,M1_ps,M3_ps,Tau_ps,M0_eff_ps,M1_eff_ps,M3_eff_ps
0,0,0,113.21783200763,-1.0,1.6827629211989e-17,0.0,0.0,7362,0.0,0.0,0.0,0.0,0.0,0.0,0.87261702677621,0.8722806334111108,103.22078211385912,4994,1.2825710188067443,0.8722806334111108,103.22078211385912,4994
1,23728359,5084593,113.21783200763,-0.36980620518973,0.0007692457536438,4.5200139594283e-06,4.4395808514299e-06,12324,-4.9812598104348e-06,-3.5137917029111e-06,5.1244718528745e-06,3.614813794838e-06,6.3457156801325e-09,4.4762818954301e-09,0.87261702677621,0.8722806334111108,103.22078211385912,4994,1.2825710188067443,0.8722806334111108,103.22078211385912,4994
