time,NumDofs,NumElems,area,gradPx_avg,gradPy_avg,integral_in,integral_out,mem,product_avg,product_int,velx_avg,velx_int,vely_avg,vely_int,vol,M0_ps,M1_ps,M3_ps,Tau_ps,M0_eff_ps,M1_eff_ps,M3_eff_ps
0,0,0,61.20925234593,-1.0,-2.1483732979662e-17,0.0,0.0,5683,0.0,0.0,0.0,0.0,0.0,0.0,0.89844385622753,0.8982835410299557,56.26659481629115,2209,1.1681768617596293,0.8982835410299557,56.26659481629115,2209
1,17549235,3796882,61.20925234593,-0.36387728184769,-0.054704555587087,1.4424906113342e-05,1.4424750200616e-05,9379,-1.6128708128106e-05,-1.1702649158204e-05,1.6300500207808e-05,1.182729785424e-05,7.632435145493e-07,5.5379333559147e-07,0.89844385622753,0.8982835410299557,56.26659481629115,2209,1.1681768617596293,0.8982835410299557,56.26659481629115,2209
