time,NumDofs,NumElems,area,gradPx_avg,gradPy_avg,integral_in,integral_out,mem,product_avg,product_int,velx_avg,velx_int,vely_avg,vely_int,vol,M0_ps,M1_ps,M3_ps,Tau_ps,M0_eff_ps,M1_eff_ps,M3_eff_ps
0,0,0,111.13199999997,-1.0,-9.8816216741133e-17,0.0,0.0,7095,0.0,0.0,0.0,0.0,0.0,0.0,0.80948800000021,0.8090208473058341,102.19880783790545,3969,1.3282675810591624,0.8090208473058341,102.19880783790545,3969
1,22821390,4887512,111.13199999997,-0.32220745066952,-0.053317794579069,3.6520612198944e-06,3.6516372062317e-06,12164,-4.3690127712414e-06,-2.8576023703939e-06,4.5022170911406e-06,2.9447261670548e-06,2.0224571062221e-07,1.3228110155233e-07,0.80948800000021,0.8090208473058341,102.19880783790545,3969,1.3282675810591624,0.8090208473058341,102.19880783790545,3969
