time,NumDofs,NumElems,area,gradPx_avg,gradPy_avg,integral_in,integral_out,mem,product_avg,product_int,velx_avg,velx_int,vely_avg,vely_int,vol,M0_ps,M1_ps,M3_ps,Tau_ps,M0_eff_ps,M1_eff_ps,M3_eff_ps
0,0,0,90.103534406141,-1.0,-8.8309456620913e-18,0.0,0.0,5366,0.0,0.0,0.0,0.0,0.0,0.0,0.85401262966106,0.853728499082333,89.29386298088652,3721,1.0944982342653569,0.853728499082333,89.29386298088652,3721
1,16147782,3464269,90.103534406141,-0.29609986293907,-0.000590669756154,3.6099262112433e-06,3.6076976211961e-06,8578,-4.1465873458927e-06,-2.8666527929366e-06,4.2374697615712e-06,2.9294823703701e-06,-1.2021553742583e-09,-8.310839188217701e-10,0.85401262966106,0.853728499082333,89.29386298088652,3721,1.0944982342653569,0.853728499082333,89.29386298088652,3721
