time,NumDofs,NumElems,area,gradPx_avg,gradPy_avg,integral_in,integral_out,mem,product_avg,product_int,velx_avg,velx_int,vely_avg,vely_int,vol,M0_ps,M1_ps,M3_ps,Tau_ps,M0_eff_ps,M1_eff_ps,M3_eff_ps
0,0,0,39.923430165131,-1.0,-3.9219194711974e-17,0.0,0.0,4822,0.0,0.0,0.0,0.0,0.0,0.0,0.96616459704398,0.9660402970269196,34.95986153111102,1681,1.1377636377655072,0.9660402970269196,34.95986153111102,1681
1,15280404,3328192,39.923430165131,-0.65663767371038,-0.0009043342624365,4.5952478822748e-05,4.6156594542088e-05,8021,-4.8028719667098e-05,-3.7579969821435e-05,4.8386293265957e-05,3.785975252535e-05,-1.6296071779923e-09,-1.2750826795763e-09,0.96616459704398,0.9660402970269196,34.95986153111102,1681,1.1377636377655072,0.9660402970269196,34.95986153111102,1681
