time,NumDofs,NumElems,area,gradPx_avg,gradPy_avg,integral_in,integral_out,mem,product_avg,product_int,velx_avg,velx_int,vely_avg,vely_int,vol,M0_ps,M1_ps,M3_ps,Tau_ps,M0_eff_ps,M1_eff_ps,M3_eff_ps
0,0,0,129.06879723431,-1.0,2.7799632052683e-17,0.0,0.0,5602,0.0,0.0,0.0,0.0,0.0,0.0,0.74628873215077,0.7457700973088461,128.3185213128865,4900,1.6259732556121265,0.7457700973088461,128.3185213128865,4900
1,16798563,3565080,129.06879723431,-0.65304194031853,-0.000250514477423,4.215680781728e-06,4.215267672952e-06,9649,-5.5987900977999e-06,-3.3845028440669e-06,5.6430532491836e-06,3.411260189695e-06,-1.5683814966302e-10,-9.4809620350165e-11,0.74628873215077,0.7457700973088461,128.3185213128865,4900,1.6259732556121265,0.7457700973088461,128.3185213128865,4900
