time,NumDofs,NumElems,area,gradPx_avg,gradPy_avg,integral_in,integral_out,mem,product_avg,product_int,velx_avg,velx_int,vely_avg,vely_int,vol,M0_ps,M1_ps,M3_ps,Tau_ps,M0_eff_ps,M1_eff_ps,M3_eff_ps
0,0,0,181.21804622355,-1.0,-2.0892598168827e-17,0.0,0.0,6085,0.0,0.0,0.0,0.0,0.0,0.0,0.61396760554617,0.6132134007493946,180.29924864077213,6561,1.3079740923319778,0.6132134007493946,180.29924864077213,6561
1,18406161,3861476,181.21804622355,-0.3096475974915,-6.4023092043238e-05,3.2986950092971e-07,3.2979260088903e-07,10084,-4.8541340120946e-07,-2.4097564116314e-07,5.137681649789e-07,2.5505190556447e-07,3.6506880779061003e-10,1.8123251193069003e-10,0.61396760554617,0.6132134007493946,180.29924864077213,6561,1.3079740923319778,0.6132134007493946,180.29924864077213,6561
