time,NumDofs,NumElems,area,gradPx_avg,gradPy_avg,integral_in,integral_out,mem,product_avg,product_int,velx_avg,velx_int,vely_avg,vely_int,vol,M0_ps,M1_ps,M3_ps,Tau_ps,M0_eff_ps,M1_eff_ps,M3_eff_ps
0,0,0,62.02700487647,-1.0,-4.3151681200004e-17,0.0,0.0,5763,0.0,0.0,0.0,0.0,0.0,0.0,0.93477629961699,0.9345223513158581,56.353533002652156,2500,1.208064080956281,0.9345223513158581,56.353533002652156,2500
1,17967123,3888860,62.02700487647,-0.56465686707084,0.0008197850259163,2.121527497501e-05,2.1366080015206e-05,9482,-2.2773683811885e-05,-1.7243436371663e-05,2.3059944842563e-05,1.7460183205814e-05,-1.1211169155051e-09,-8.4887049268766e-10,0.93477629961699,0.9345223513158581,56.353533002652156,2500,1.208064080956281,0.9345223513158581,56.353533002652156,2500
