time,NumDofs,NumElems,area,gradPx_avg,gradPy_avg,integral_in,integral_out,mem,product_avg,product_int,velx_avg,velx_int,vely_avg,vely_int,vol,M0_ps,M1_ps,M3_ps,Tau_ps,M0_eff_ps,M1_eff_ps,M3_eff_ps
0,0,0,34.527781692632,-1.0,8.9478791625911e-17,0.0,0.0,4614,0.0,0.0,0.0,0.0,0.0,0.0,0.96115230778699,0.9609710402769467,31.65772853747976,1369,1.05014572686243,0.9609710402769467,31.65772853747976,1369
1,14495277,3162797,34.527781692632,-0.3065650838824,0.0015200028970415,3.4416224355156e-05,3.4418598257093e-05,8527,-3.5844733065544e-05,-2.7927414409382e-05,3.666319449844e-05,2.8565095587613e-05,4.6533963580723e-09,3.6255627365214e-09,0.96115230778699,0.9609710402769467,31.65772853747976,1369,1.05014572686243,0.9609710402769467,31.65772853747976,1369
