time,NumDofs,NumElems,area,gradPx_avg,gradPy_avg,integral_in,integral_out,mem,product_avg,product_int,velx_avg,velx_int,vely_avg,vely_int,vol,M0_ps,M1_ps,M3_ps,Tau_ps,M0_eff_ps,M1_eff_ps,M3_eff_ps
0,0,0,129.0687972343,-1.0,-2.6636653093706e-17,0.0,0.0,5603,0.0,0.0,0.0,0.0,0.0,0.0,0.74628873215084,0.7457871655133915,128.30659128089616,4900,1.3708975191933124,0.7457871655133915,128.30659128089616,4900
1,16810794,3567798,129.0687972343,-0.49476939500627,-0.10042777400601,2.6432212987272e-06,2.6430924272176e-06,9790,-3.4805780160817e-06,-2.1039703178921e-06,3.5345470912146e-06,2.1365940176452e-06,3.0897500901295e-07,1.8677192263184e-07,0.74628873215084,0.7457871655133915,128.30659128089616,4900,1.3708975191933124,0.7457871655133915,128.30659128089616,4900
