time,NumDofs,NumElems,area,gradPx_avg,gradPy_avg,integral_in,integral_out,mem,product_avg,product_int,velx_avg,velx_int,vely_avg,vely_int,vol,M0_ps,M1_ps,M3_ps,Tau_ps,M0_eff_ps,M1_eff_ps,M3_eff_ps
0,0,0,2.9299993719816,-1.0,-2.4565912985595e-17,0.0,0.0,3568,0.0,0.0,0.0,0.0,0.0,0.0,0.99525276221009,0.9952520271002928,2.898480810152615,121,1.00336518328322,0.9952520271002928,2.898480810152615,121
1,10580850,2345973,2.9299993719816,-0.37187457531591,0.0002497475565417,0.0010429643335657,0.0010429042383068,6014,-0.0010914956702703,-0.0008806468755888,0.0011256405317823,0.0009081958310515,-2.5774846436971e-08,-2.0795811290649e-08,0.99525276221009,0.9952520271002928,2.898480810152615,121,1.00336518328322,0.9952520271002928,2.898480810152615,121
