time,NumDofs,NumElems,area,gradPx_avg,gradPy_avg,integral_in,integral_out,mem,product_avg,product_int,velx_avg,velx_int,vely_avg,vely_int,vol,M0_ps,M1_ps,M3_ps,Tau_ps,M0_eff_ps,M1_eff_ps,M3_eff_ps
0,0,0,188.27199999978,-1.0,1.8790614583537e-17,0.0,0.0,9349,0.0,0.0,0.0,0.0,0.0,0.0,0.67724800000022,0.6765755960819434,173.04523036218166,6724,1.6765188554728057,0.6765755960819434,173.04523036218166,6724
1,31131846,6607550,188.27199999978,-0.26267182693544,-0.083511191394238,6.1164264860915e-07,6.1180297575531e-07,15893,-8.266046859214e-07,-4.5227454393852e-07,8.8508948940307e-07,4.8427434780187e-07,2.9126878466063e-08,1.5936693680737e-08,0.67724800000022,0.6765755960819434,173.04523036218166,6724,1.6765188554728057,0.6765755960819434,173.04523036218166,6724
