time,NumDofs,NumElems,area,gradPx_avg,gradPy_avg,integral_in,integral_out,mem,product_avg,product_int,velx_avg,velx_int,vely_avg,vely_int,vol,M0_ps,M1_ps,M3_ps,Tau_ps,M0_eff_ps,M1_eff_ps,M3_eff_ps
0,0,0,94.262994839669,-1.0,-3.0537164777355e-17,0.0,0.0,6904,0.0,0.0,0.0,0.0,0.0,0.0,0.9201114132473,0.9199340564897329,82.92638581902987,6686,1.2276831027832118,0.9199340564897329,82.92638581902987,6686
1,22103460,4754432,94.262994839669,-0.38218732119589,-0.17114498726344,7.1758694456838e-06,7.1789539468334e-06,11588,-7.6566208687412e-06,-5.700788601091e-06,7.8579995330731e-06,5.8507264410085e-06,1.2526670166315e-06,9.3268165837102e-07,0.9201114132473,0.9199340564897329,82.92638581902987,6686,1.2276831027832118,0.9199340564897329,82.92638581902987,6686
