time,NumDofs,NumElems,area,gradPx_avg,gradPy_avg,integral_in,integral_out,mem,product_avg,product_int,velx_avg,velx_int,vely_avg,vely_int,vol,M0_ps,M1_ps,M3_ps,Tau_ps,M0_eff_ps,M1_eff_ps,M3_eff_ps
0,0,0,51.948331253257,-1.0,2.5879070055355e-17,0.0,0.0,5468,0.0,0.0,0.0,0.0,0.0,0.0,0.92256000000011,0.9224661748346392,47.07289124837691,1936,1.1920729355977684,0.9224661748346392,47.07289124837691,1936
1,16749975,3634408,51.948331253257,-0.57656716785588,-0.0003628134021591,2.7944576050649e-05,2.7943497434113e-05,9063,-3.0457086924716e-05,-2.2721165678604e-05,3.0539747220235e-05,2.2782830744412e-05,-1.3887424432145e-09,-1.0360100168208e-09,0.92256000000011,0.9224661748346392,47.07289124837691,1936,1.1920729355977684,0.9224661748346392,47.07289124837691,1936
