time,NumDofs,NumElems,area,gradPx_avg,gradPy_avg,integral_in,integral_out,mem,product_avg,product_int,velx_avg,velx_int,vely_avg,vely_int,vol,M0_ps,M1_ps,M3_ps,Tau_ps,M0_eff_ps,M1_eff_ps,M3_eff_ps
0,0,0,176.52213685542,-1.0,-4.3371722025211e-17,0.0,0.0,9205,0.0,0.0,0.0,0.0,0.0,0.0,0.68794999999978,0.687386797643383,160.23741841345958,6241,1.3983685065881477,0.687386797643383,160.23741841345958,6241
1,30538176,6489520,176.52213685542,-0.50623192884113,0.0002206231101969,1.4313645429304e-06,1.4318599839329e-06,15692,-2.0195725735465e-06,-1.1268704587393e-06,2.0579491197436e-06,1.1482836016907e-06,5.6360675874394e-11,3.1447832828264e-11,0.68794999999978,0.687386797643383,160.23741841345958,6241,1.3983685065881477,0.687386797643383,160.23741841345958,6241
