time,NumDofs,NumElems,area,gradPx_avg,gradPy_avg,integral_in,integral_out,mem,product_avg,product_int,velx_avg,velx_int,vely_avg,vely_int,vol,M0_ps,M1_ps,M3_ps,Tau_ps,M0_eff_ps,M1_eff_ps,M3_eff_ps
0,0,0,88.930380351369,-1.0,-1.4824856493088998e-17,0.0,0.0,6609,0.0,0.0,0.0,0.0,0.0,0.0,0.89497605241076,0.8949261247946796,81.77864491471594,3505,1.1528225545313242,0.8949261247946796,81.77864491471594,3505
1,21107055,4540600,88.930380351369,-0.32205082666814,0.0011083831258134,5.8407696771663e-06,5.8448049599112e-06,10871,-6.3883334517224e-06,-4.6327435392534e-06,6.5807735429942e-06,4.772298807661e-06,1.0736959851554e-09,7.786315751896201e-10,0.89497605241076,0.8949261247946796,81.77864491471594,3505,1.1528225545313242,0.8949261247946796,81.77864491471594,3505
