time,NumDofs,NumElems,area,gradPx_avg,gradPy_avg,integral_in,integral_out,mem,product_avg,product_int,velx_avg,velx_int,vely_avg,vely_int,vol,M0_ps,M1_ps,M3_ps,Tau_ps,M0_eff_ps,M1_eff_ps,M3_eff_ps
0,0,0,99.184110972208,-1.0,2.3221964650361e-18,0.0,0.0,5467,0.0,0.0,0.0,0.0,0.0,0.0,0.8393001158539,0.8389634981385617,98.3667072786101,4096,1.2717453139964987,0.8389634981385617,98.3667072786101,4096
1,16518276,3534226,99.184110972208,-0.45762614317106,-0.0008430952411299,5.1896055338066e-06,5.0653906602458e-06,9201,-6.0527668280788e-06,-4.1038789365047e-06,6.1250585800198e-06,4.1528939748335e-06,5.1026353179334e-09,3.4596735999789e-09,0.8393001158539,0.8389634981385617,98.3667072786101,4096,1.2717453139964987,0.8389634981385617,98.3667072786101,4096
