time,NumDofs,NumElems,area,gradPx_avg,gradPy_avg,integral_in,integral_out,mem,product_avg,product_int,velx_avg,velx_int,vely_avg,vely_int,vol,M0_ps,M1_ps,M3_ps,Tau_ps,M0_eff_ps,M1_eff_ps,M3_eff_ps
0,0,0,19.067626363753,-1.0,4.7724551277483996e-17,0.0,0.0,4156,0.0,0.0,0.0,0.0,0.0,0.0,0.98170221214248,0.9816787884386007,17.05897321700878,784,1.0618958913296495,0.9816787884386007,17.05897321700878,784
1,12708975,2791000,19.067626363753,-0.60767560588907,-0.0005936683986674,0.0001230544178619,0.0001230914384728,6882,-0.0001280125067158,-0.0001016772394181,0.0001283656828742,0.0001019577587028,1.3147872994158e-10,1.0443037673135001e-10,0.98170221214248,0.9816787884386007,17.05897321700878,784,1.0618958913296495,0.9816787884386007,17.05897321700878,784
