time,NumDofs,NumElems,area,gradPx_avg,gradPy_avg,integral_in,integral_out,mem,product_avg,product_int,velx_avg,velx_int,vely_avg,vely_int,vol,M0_ps,M1_ps,M3_ps,Tau_ps,M0_eff_ps,M1_eff_ps,M3_eff_ps
0,0,0,63.868414501135,-1.0,-9.8573720270584e-17,0.0,0.0,5823,0.0,0.0,0.0,0.0,0.0,0.0,0.9245734360894,0.9243386572744687,58.512499111481596,2689,1.1511427192057708,0.9243386572744687,58.512499111481596,2689
1,18173469,3930548,63.868414501135,-0.38832904280064,0.000724619537931,1.4313649347177e-05,1.4272053150763e-05,9957,-1.5355740823584e-05,-1.1499575310212e-05,1.5647657835428e-05,1.1718185516036e-05,5.3560778035449e-09,4.0110484265677e-09,0.9245734360894,0.9243386572744687,58.512499111481596,2689,1.1511427192057708,0.9243386572744687,58.512499111481596,2689
