time,NumDofs,NumElems,area,gradPx_avg,gradPy_avg,integral_in,integral_out,mem,product_avg,product_int,velx_avg,velx_int,vely_avg,vely_int,vol,M0_ps,M1_ps,M3_ps,Tau_ps,M0_eff_ps,M1_eff_ps,M3_eff_ps
0,0,0,81.458825515262,-1.0,-4.5261153561419004e-18,0.0,0.0,5123,0.0,0.0,0.0,0.0,0.0,0.0,0.86801894280577,0.8677384829779801,80.71661365514254,3364,1.2189217939765755,0.8677384829779801,80.71661365514254,3364
1,15623064,3359446,81.458825515262,-0.48722563237349,-0.12788203688834,8.2605896392779e-06,8.2602542359815e-06,8399,-9.5329928167172e-06,-6.710329598896e-06,9.6725638632243e-06,6.8085744777638e-06,9.6353032748653e-07,6.7823465309117e-07,0.86801894280577,0.8677384829779801,80.71661365514254,3364,1.2189217939765755,0.8677384829779801,80.71661365514254,3364
