time,NumDofs,NumElems,area,gradPx_avg,gradPy_avg,integral_in,integral_out,mem,product_avg,product_int,velx_avg,velx_int,vely_avg,vely_int,vol,M0_ps,M1_ps,M3_ps,Tau_ps,M0_eff_ps,M1_eff_ps,M3_eff_ps
0,0,0,25.82647805205,-1.0,-3.2592682444196e-17,0.0,0.0,4341,0.0,0.0,0.0,0.0,0.0,0.0,0.97094226674482,0.9709860602969466,23.59444359671082,1024,1.076968293215165,0.9709860602969466,23.59444359671082,1024
1,13406448,2935210,25.82647805205,-0.5319456880251,-0.0013970739293227,7.5578381054961e-05,7.5663372909958e-05,7412,-7.9205752382654e-05,-6.238067024638e-05,8.0079946257033e-05,6.3069165692337e-05,-1.0759713023951e-08,-8.4741081285378e-09,0.97094226674482,0.9709860602969466,23.59444359671082,1024,1.076968293215165,0.9709860602969466,23.59444359671082,1024
