time,NumDofs,NumElems,area,gradPx_avg,gradPy_avg,integral_in,integral_out,mem,product_avg,product_int,velx_avg,velx_int,vely_avg,vely_int,vol,M0_ps,M1_ps,M3_ps,Tau_ps,M0_eff_ps,M1_eff_ps,M3_eff_ps
0,0,0,102.30782931094,-1.0,-5.5121907531334e-18,0.0,0.0,5599,0.0,0.0,0.0,0.0,0.0,0.0,0.8342390111042,0.8339364098939361,101.37600612452943,4225,1.517111087291407,0.8339364098939361,101.37600612452943,4225
1,17010198,3639285,102.30782931094,-0.71864579659898,0.0001872434334876,8.5920408374885e-06,8.5936422237004e-06,9052,-1.0315154167872e-05,-6.949050275577e-06,1.0339012939161e-05,6.9651233073997e-06,1.5910063444517e-11,1.0718194703082e-11,0.8342390111042,0.8339364098939361,101.37600612452943,4225,1.517111087291407,0.8339364098939361,101.37600612452943,4225
