time,NumDofs,NumElems,area,gradPx_avg,gradPy_avg,integral_in,integral_out,mem,product_avg,product_int,velx_avg,velx_int,vely_avg,vely_int,vol,M0_ps,M1_ps,M3_ps,Tau_ps,M0_eff_ps,M1_eff_ps,M3_eff_ps
0,0,0,55.71356446971,-1.0,1.4532206016036e-17,0.0,0.0,5514,0.0,0.0,0.0,0.0,0.0,0.0,0.93731588597637,0.9371488467917799,51.01989090562016,2209,1.1744377183306824,0.9371488467917799,51.01989090562016,2209
1,17031747,3691457,55.71356446971,-0.51572931862927,-0.0010534588036099,2.3528041295758e-05,2.3698336684565e-05,9311,-2.5197732374109e-05,-1.9095081502675e-05,2.553765370855e-05,1.9352677126332e-05,-5.7392362866811e-09,-4.3492479017633e-09,0.93731588597637,0.9371488467917799,51.01989090562016,2209,1.1744377183306824,0.9371488467917799,51.01989090562016,2209
