time,NumDofs,NumElems,area,gradPx_avg,gradPy_avg,integral_in,integral_out,mem,product_avg,product_int,velx_avg,velx_int,vely_avg,vely_int,vol,M0_ps,M1_ps,M3_ps,Tau_ps,M0_eff_ps,M1_eff_ps,M3_eff_ps
0,0,0,111.96956277721,-1.0,6.2198228736903e-17,0.0,0.0,5781,0.0,0.0,0.0,0.0,0.0,0.0,0.81858489641331,0.8182105694354641,110.97571066651179,4624,1.590490268509553,0.8182105694354641,110.97571066651179,4624
1,17640918,3766278,111.96956277721,-0.72084515373063,6.1983503294617e-05,7.3487221710669e-06,7.3472419162192e-06,9767,-8.9636718431846e-06,-5.9359110893732e-06,9.0096763157936e-06,5.9663761112858e-06,-4.3816427455641e-11,-2.9016057501973e-11,0.81858489641331,0.8182105694354641,110.97571066651179,4624,1.590490268509553,0.8182105694354641,110.97571066651179,4624
