time,NumDofs,NumElems,area,gradPx_avg,gradPy_avg,integral_in,integral_out,mem,product_avg,product_int,velx_avg,velx_int,vely_avg,vely_int,vol,M0_ps,M1_ps,M3_ps,Tau_ps,M0_eff_ps,M1_eff_ps,M3_eff_ps
0,0,0,40.8835203029,-1.0,3.1099142378482e-17,0.0,0.0,4884,0.0,0.0,0.0,0.0,0.0,0.0,0.96076711557781,0.9606045758852374,36.507519524611695,2042,1.0911893137804716,0.9606045758852374,36.507519524611695,2042
1,15515364,3378164,40.8835203029,-0.40253251125561,-0.0045520479924773,3.1147786260665e-05,3.1316944585496e-05,8361,-3.2503098914673e-05,-2.5289576221074e-05,3.3038628734427e-05,2.570625409634e-05,1.1273585950052e-07,8.7716008838768e-08,0.96076711557781,0.9606045758852374,36.507519524611695,2042,1.0911893137804716,0.9606045758852374,36.507519524611695,2042
