time,NumDofs,NumElems,area,gradPx_avg,gradPy_avg,integral_in,integral_out,mem,product_avg,product_int,velx_avg,velx_int,vely_avg,vely_int,vol,M0_ps,M1_ps,M3_ps,Tau_ps,M0_eff_ps,M1_eff_ps,M3_eff_ps
0,0,0,25.199999999998,-1.0,2.4390546824971e-17,0.0,0.0,4343,0.0,0.0,0.0,0.0,0.0,0.0,0.95679999999988,0.9566266802141357,22.891449452921073,900,1.0433813208496958,0.9566266802141357,22.891449452921073,900
1,13412475,2937816,25.199999999998,-0.38576357322132,-0.000497342603159,6.4593734506679e-05,6.4588942719165e-05,7197,-6.8721209463693e-05,-5.3259230869378e-05,6.9275094916702e-05,5.368849446132e-05,-3.3882448437085e-09,-2.6259042263857e-09,0.95679999999988,0.9566266802141357,22.891449452921073,900,1.0433813208496958,0.9566266802141357,22.891449452921073,900
