time,NumDofs,NumElems,area,gradPx_avg,gradPy_avg,integral_in,integral_out,mem,product_avg,product_int,velx_avg,velx_int,vely_avg,vely_int,vol,M0_ps,M1_ps,M3_ps,Tau_ps,M0_eff_ps,M1_eff_ps,M3_eff_ps
0,0,0,106.51352015287,-1.0,3.4233127053737003e-18,0.0,0.0,7004,0.0,0.0,0.0,0.0,0.0,0.0,0.82327667874069,0.8227557319046912,97.89714254616233,3844,1.309826504898146,0.8227557319046912,97.89714254616233,3844
1,22488426,4819270,106.51352015287,-0.33117924488696,-0.067590771498827,4.2153159460462e-06,4.2145121233888e-06,12380,-5.0069227796057e-06,-3.333670053209e-06,5.1495964320453e-06,3.4286639054124e-06,2.6726261039833e-07,1.779466949753e-07,0.82327667874069,0.8227557319046912,97.89714254616233,3844,1.309826504898146,0.8227557319046912,97.89714254616233,3844
