time,NumDofs,NumElems,area,gradPx_avg,gradPy_avg,integral_in,integral_out,mem,product_avg,product_int,velx_avg,velx_int,vely_avg,vely_int,vol,M0_ps,M1_ps,M3_ps,Tau_ps,M0_eff_ps,M1_eff_ps,M3_eff_ps
0,0,0,99.433770218706,-1.0,-4.727114229969e-19,0.0,0.0,4808,0.0,0.0,0.0,0.0,0.0,0.0,0.78818524309807,0.7877578804904398,98.94893863302217,3600,1.3998719013450673,0.7877578804904398,98.94893863302217,3600
1,14864985,3177196,99.433770218706,-0.60040573560893,-0.0005356769818861,6.4229737032003e-06,6.4217179788253e-06,7927,-8.1099567073652e-06,-5.1776436418545e-06,8.1716872746376e-06,5.2170543182217e-06,-7.5154519966641e-10,-4.798093707559701e-10,0.78818524309807,0.7877578804904398,98.94893863302217,3600,1.3998719013450673,0.7877578804904398,98.94893863302217,3600
