time,NumDofs,NumElems,area,gradPx_avg,gradPy_avg,integral_in,integral_out,mem,product_avg,product_int,velx_avg,velx_int,vely_avg,vely_int,vol,M0_ps,M1_ps,M3_ps,Tau_ps,M0_eff_ps,M1_eff_ps,M3_eff_ps
0,0,0,14.611240123802,-1.0,-1.2327708775517e-17,0.0,0.0,3709,0.0,0.0,0.0,0.0,0.0,0.0,0.96887499822076,0.9688083581993646,14.544034573551146,529,1.0507090983507532,0.9688083581993646,14.544034573551146,529
1,11081685,2442924,14.611240123802,-0.58398899541271,-0.0002607995967255,0.0001585392137452,0.0001585308743037,6583,-0.0001701286203727,-0.000133389667794,0.0001686342075423,0.0001322179705771,8.694352056108501e-10,6.816823235898e-10,0.96887499822076,0.9688083581993646,14.544034573551146,529,1.0507090983507532,0.9688083581993646,14.544034573551146,529
