time,NumDofs,NumElems,area,gradPx_avg,gradPy_avg,integral_in,integral_out,mem,product_avg,product_int,velx_avg,velx_int,vely_avg,vely_int,vol,M0_ps,M1_ps,M3_ps,Tau_ps,M0_eff_ps,M1_eff_ps,M3_eff_ps
0,0,0,35.79615727873,-1.0,-5.5215079817314e-18,0.0,0.0,4033,0.0,0.0,0.0,0.0,0.0,0.0,0.92374668751461,0.9235645639977349,35.62565610689605,1296,1.0996284578846156,0.9235645639977349,35.62565610689605,1296
1,12117060,2646418,35.79615727873,-0.5016327815109,0.0001341791662387,3.6549187883125e-05,3.6685693912507e-05,6735,-4.0109037845092e-05,-3.0071848903379e-05,4.0610967711041e-05,3.0448172043994e-05,-2.3217333440758e-08,-1.7407252347124e-08,0.92374668751461,0.9235645639977349,35.62565610689605,1296,1.0996284578846156,0.9235645639977349,35.62565610689605,1296
