time,NumDofs,NumElems,area,gradPx_avg,gradPy_avg,integral_in,integral_out,mem,product_avg,product_int,velx_avg,velx_int,vely_avg,vely_int,vol,M0_ps,M1_ps,M3_ps,Tau_ps,M0_eff_ps,M1_eff_ps,M3_eff_ps
0,0,0,53.473271984272,-1.0,-6.2267924442318e-17,0.0,0.0,4242,0.0,0.0,0.0,0.0,0.0,0.0,0.88609073073233,0.8858609001570275,53.214216080745636,1936,1.1499488512682035,0.8858609001570275,53.214216080745636,1936
1,12923607,2803464,53.473271984272,-0.4990240373968,0.0004772775473832,1.7990150432808e-05,1.7901607556431e-05,6989,-2.0351975323192e-05,-1.4569201528967e-05,2.0346353790738e-05,1.456517728867e-05,-9.2643472611535e-09,-6.6319922336126e-09,0.88609073073233,0.8858609001570275,53.214216080745636,1936,1.1499488512682035,0.8858609001570275,53.214216080745636,1936
