time,NumDofs,NumElems,area,gradPx_avg,gradPy_avg,integral_in,integral_out,mem,product_avg,product_int,velx_avg,velx_int,vely_avg,vely_int,vol,M0_ps,M1_ps,M3_ps,Tau_ps,M0_eff_ps,M1_eff_ps,M3_eff_ps
0,0,0,84.70000000003,-1.0,3.4251775207021997e-17,0.0,0.0,6350,0.0,0.0,0.0,0.0,0.0,0.0,0.85480000000019,0.8544564078055912,77.84023846574605,3025,1.240072536419141,0.8544564078055912,77.84023846574605,3025
1,20055168,4316220,84.70000000003,-0.34779412733058,-0.042393300255226,7.1794682429955e-06,7.1791109798902e-06,10531,-8.3058675740802e-06,-5.7702429009449e-06,8.5313401154153e-06,5.926882929141e-06,3.3716343347303e-07,2.3423379810765e-07,0.85480000000019,0.8544564078055912,77.84023846574605,3025,1.240072536419141,0.8544564078055912,77.84023846574605,3025
