time,NumDofs,NumElems,area,gradPx_avg,gradPy_avg,integral_in,integral_out,mem,product_avg,product_int,velx_avg,velx_int,vely_avg,vely_int,vol,M0_ps,M1_ps,M3_ps,Tau_ps,M0_eff_ps,M1_eff_ps,M3_eff_ps
0,0,0,53.490649691797,-1.0,-1.3960050563975e-17,0.0,0.0,4437,0.0,0.0,0.0,0.0,0.0,0.0,0.9133334853317,0.9131439231167746,53.01351709930826,2209,1.0596580050600661,0.9131439231167746,53.01351709930826,2209
1,13678758,2965493,53.490649691797,-0.32151021318445,0.0002492567331087,1.2635969017877e-05,1.2632262599224e-05,7901,-1.394919526411e-05,-1.0293374473404e-05,1.4028829940563e-05,1.0352138404246e-05,-1.8150186986622e-09,-1.3393365558248e-09,0.9133334853317,0.9131439231167746,53.01351709930826,2209,1.0596580050600661,0.9131439231167746,53.01351709930826,2209
