time,NumDofs,NumElems,area,gradPx_avg,gradPy_avg,integral_in,integral_out,mem,product_avg,product_int,velx_avg,velx_int,vely_avg,vely_int,vol,M0_ps,M1_ps,M3_ps,Tau_ps,M0_eff_ps,M1_eff_ps,M3_eff_ps
0,0,0,11.048196690966,-1.0,5.8564628878616e-17,0.0,0.0,3675,0.0,0.0,0.0,0.0,0.0,0.0,0.97646502700978,0.9764127453303401,10.990570682122643,400,1.0303305214281535,0.9764127453303401,10.990570682122643,400
1,10939251,2415744,11.048196690966,-0.50625034642258,-0.0017202000423283,0.0002193986105051,0.0002192573026576,7035,-0.0002328007595976,-0.0001841303684505,0.0002336118304726,0.0001847718731402,5.2291873763417e-07,4.1359495560365e-07,0.97646502700978,0.9764127453303401,10.990570682122643,400,1.0303305214281535,0.9764127453303401,10.990570682122643,400
