time,NumDofs,NumElems,area,gradPx_avg,gradPy_avg,integral_in,integral_out,mem,product_avg,product_int,velx_avg,velx_int,vely_avg,vely_int,vol,M0_ps,M1_ps,M3_ps,Tau_ps,M0_eff_ps,M1_eff_ps,M3_eff_ps
0,0,0,21.793383758541,-1.0,2.8211022325308e-17,0.0,0.0,3898,0.0,0.0,0.0,0.0,0.0,0.0,0.96468996686162,0.9645995397608845,21.613547937053426,900,1.0874031885774187,0.9645995397608845,21.613547937053426,900
1,11724174,2574338,21.793383758541,-0.67767679197696,-6.2495494526692e-05,9.3874681922358e-05,9.3863317769765e-05,6798,-9.9574339970518e-05,-7.780703368384e-05,9.9971206915933e-05,7.8117144097819e-05,9.6494797734085e-10,7.540069037700101e-10,0.96468996686162,0.9645995397608845,21.613547937053426,900,1.0874031885774187,0.9645995397608845,21.613547937053426,900
