time,NumDofs,NumElems,area,gradPx_avg,gradPy_avg,integral_in,integral_out,mem,product_avg,product_int,velx_avg,velx_int,vely_avg,vely_int,vol,M0_ps,M1_ps,M3_ps,Tau_ps,M0_eff_ps,M1_eff_ps,M3_eff_ps
0,0,0,118.13101946129,-1.0,1.0372504474682001e-16,0.0,0.0,7608,0.0,0.0,0.0,0.0,0.0,0.0,0.86049102739072,0.8603168260368432,108.8980125638906,5583,1.3051513565083095,0.8603168260368432,108.8980125638906,5583
1,24575709,5262644,118.13101946129,-0.36599328828174,-0.098378970595367,4.0820816225969e-06,4.0816317413607e-06,12609,-4.6275576729851e-06,-3.2217344500331e-06,4.7668034873023e-06,3.3186782525118e-06,3.981191888841e-07,2.7717305686647e-07,0.86049102739072,0.8603168260368432,108.8980125638906,5583,1.3051513565083095,0.8603168260368432,108.8980125638906,5583
