time,NumDofs,NumElems,area,gradPx_avg,gradPy_avg,integral_in,integral_out,mem,product_avg,product_int,velx_avg,velx_int,vely_avg,vely_int,vol,M0_ps,M1_ps,M3_ps,Tau_ps,M0_eff_ps,M1_eff_ps,M3_eff_ps
0,0,0,121.79879967581,-1.0,-7.6808826515315e-17,0.0,0.0,5479,0.0,0.0,0.0,0.0,0.0,0.0,0.76057940764597,0.7601053811028872,121.08003454935925,4624,1.5738314599414938,0.7601053811028872,121.08003454935925,4624
1,16375329,3480412,121.79879967581,-0.6499583891158,-3.6061428671056e-05,4.7869100567428e-06,4.7872270848036e-06,9772,-6.2668550182684e-06,-3.8560375687538e-06,6.3089296714716e-06,3.8819263826758e-06,2.1357564667102e-10,1.3141451572337e-10,0.76057940764597,0.7601053811028872,121.08003454935925,4624,1.5738314599414938,0.7601053811028872,121.08003454935925,4624
