time,NumDofs,NumElems,area,gradPx_avg,gradPy_avg,integral_in,integral_out,mem,product_avg,product_int,velx_avg,velx_int,vely_avg,vely_int,vol,M0_ps,M1_ps,M3_ps,Tau_ps,M0_eff_ps,M1_eff_ps,M3_eff_ps
0,0,0,69.254445188306,-1.0,-1.8598204584742e-17,0.0,0.0,6045,0.0,0.0,0.0,0.0,0.0,0.0,0.9413063444266,0.941231159714218,60.89202426437386,4909,1.1632712040907798,0.941231159714218,60.89202426437386,4909
1,19010421,4108508,69.254445188306,-0.39243214840671,-0.16295517806705,1.2842751373098e-05,1.2848174914776e-05,9882,-1.3520806568742e-05,-1.0322195178156e-05,1.3908149260056e-05,1.0617904375699e-05,1.9918291119174e-06,1.5206229561982e-06,0.9413063444266,0.941231159714218,60.89202426437386,4909,1.1632712040907798,0.941231159714218,60.89202426437386,4909
