time,NumDofs,NumElems,area,gradPx_avg,gradPy_avg,integral_in,integral_out,mem,product_avg,product_int,velx_avg,velx_int,vely_avg,vely_int,vol,M0_ps,M1_ps,M3_ps,Tau_ps,M0_eff_ps,M1_eff_ps,M3_eff_ps
0,0,0,91.294268622756,-1.0,-2.0474955838179e-17,0.0,0.0,6782,0.0,0.0,0.0,0.0,0.0,0.0,0.92262743071866,0.9224059341127144,79.92511017835358,3844,1.354083541080194,0.9224059341127144,79.92511017835358,3844
1,21718500,4673802,91.294268622756,-0.66486289439402,-0.0003266151697996,1.370801659352e-05,1.380825703442e-05,11360,-1.4881483258348e-05,-1.1114677233217e-05,1.5026418996934e-05,1.1222926789123e-05,-1.481535787894e-09,-1.1065289531985e-09,0.92262743071866,0.9224059341127144,79.92511017835358,3844,1.354083541080194,0.9224059341127144,79.92511017835358,3844
