time,NumDofs,NumElems,area,gradPx_avg,gradPy_avg,integral_in,integral_out,mem,product_avg,product_int,velx_avg,velx_int,vely_avg,vely_int,vol,M0_ps,M1_ps,M3_ps,Tau_ps,M0_eff_ps,M1_eff_ps,M3_eff_ps
0,0,0,37.933665215748,-1.0,4.7506937683823e-17,0.0,0.0,4732,0.0,0.0,0.0,0.0,0.0,0.0,0.93706185567012,0.9369159160003373,34.39949971693458,1369,1.0567913078814477,0.9369159160003373,34.39949971693458,1369
1,14892615,3245162,37.933665215748,-0.373815835736,0.0003525750707602,3.1498553929009e-05,3.1499758442442e-05,7994,-3.3869473832866e-05,-2.5737212989313e-05,3.4416413320012e-05,2.6152829073059e-05,1.09303929211e-09,8.3059409796396e-10,0.93706185567012,0.9369159160003373,34.39949971693458,1369,1.0567913078814477,0.9369159160003373,34.39949971693458,1369
