time,NumDofs,NumElems,area,gradPx_avg,gradPy_avg,integral_in,integral_out,mem,product_avg,product_int,velx_avg,velx_int,vely_avg,vely_int,vol,M0_ps,M1_ps,M3_ps,Tau_ps,M0_eff_ps,M1_eff_ps,M3_eff_ps
0,0,0,148.1657111108,-1.0,-3.4426606191110005e-17,0.0,0.0,5897,0.0,0.0,0.0,0.0,0.0,0.0,0.7087498200711,0.7081728587435392,147.29177074603177,5625,1.7860395682616466,0.7081728587435392,147.29177074603177,5625
1,17904177,3786122,148.1657111108,-0.66109412308467,-5.0644755105042e-05,3.0676692331746e-06,3.0668086329701e-06,10028,-4.2714415282795e-06,-2.4625164625135e-06,4.3190752671849e-06,2.4899776522427e-06,-1.5535456766786e-10,-8.9563014704984e-11,0.7087498200711,0.7081728587435392,147.29177074603177,5625,1.7860395682616466,0.7081728587435392,147.29177074603177,5625
