time,NumDofs,NumElems,area,gradPx_avg,gradPy_avg,integral_in,integral_out,mem,product_avg,product_int,velx_avg,velx_int,vely_avg,vely_int,vol,M0_ps,M1_ps,M3_ps,Tau_ps,M0_eff_ps,M1_eff_ps,M3_eff_ps
0,0,0,71.224903616632,-1.0,2.1943427161094e-17,0.0,0.0,4537,0.0,0.0,0.0,0.0,0.0,0.0,0.859992802395,0.8597174308536913,70.85249294836585,2704,1.1990040737420715,0.8597174308536913,70.85249294836585,2704
1,13966083,3010304,71.224903616632,-0.49209025240734,0.0016560295296283,1.0226501850527e-05,1.0267712136212e-05,7838,-1.1949047417804e-05,-8.3461927455455e-06,1.2103129027998e-05,8.4538159536772e-06,-3.1433627036967e-08,-2.1955817963465e-08,0.859992802395,0.8597174308536913,70.85249294836585,2704,1.1990040737420715,0.8597174308536913,70.85249294836585,2704
