time,NumDofs,NumElems,area,gradPx_avg,gradPy_avg,integral_in,integral_out,mem,product_avg,product_int,velx_avg,velx_int,vely_avg,vely_int,vol,M0_ps,M1_ps,M3_ps,Tau_ps,M0_eff_ps,M1_eff_ps,M3_eff_ps
0,0,0,87.794892675018,-1.0,-2.7902797914882e-17,0.0,0.0,6539,0.0,0.0,0.0,0.0,0.0,0.0,0.90122073294909,0.9010174657933101,80.10808282289864,3873,1.213493420877608,0.9010174657933101,80.10808282289864,3873
1,20867826,4490919,87.794892675018,-0.38359583735799,-0.0016634825871959,7.8125959025549e-06,7.6894482779172e-06,11192,-8.5001435468237e-06,-6.2075791449528e-06,8.7186794146241e-06,6.3671739433123e-06,1.1999444772934e-08,8.7630876717739e-09,0.90122073294909,0.9010174657933101,80.10808282289864,3873,1.213493420877608,0.9010174657933101,80.10808282289864,3873
