time,NumDofs,NumElems,area,gradPx_avg,gradPy_avg,integral_in,integral_out,mem,product_avg,product_int,velx_avg,velx_int,vely_avg,vely_int,vol,M0_ps,M1_ps,M3_ps,Tau_ps,M0_eff_ps,M1_eff_ps,M3_eff_ps
0,0,0,31.929288436891,-1.0,-2.4874464381294e-17,0.0,0.0,3963,0.0,0.0,0.0,0.0,0.0,0.0,0.93198392806083,0.9318496712864607,31.764822450934567,1156,1.0651520941747308,0.9318496712864607,31.764822450934567,1156
1,11932158,2610182,31.929288436891,-0.43341038764388,-0.0001720224785102,3.9628198390902e-05,3.9627403666345e-05,6730,-4.3118301330143e-05,-3.2643178672156e-05,4.3726417827721e-05,3.3103559876228e-05,-3.0849331556775e-10,-2.3354821754548e-10,0.93198392806083,0.9318496712864607,31.764822450934567,1156,1.0651520941747308,0.9318496712864607,31.764822450934567,1156
