time,NumDofs,NumElems,area,gradPx_avg,gradPy_avg,integral_in,integral_out,mem,product_avg,product_int,velx_avg,velx_int,vely_avg,vely_int,vol,M0_ps,M1_ps,M3_ps,Tau_ps,M0_eff_ps,M1_eff_ps,M3_eff_ps
0,0,0,3.0912312618555,-1.0,7.6083384873195e-18,0.0,0.0,3635,0.0,0.0,0.0,0.0,0.0,0.0,0.99634935430588,0.9963403761430677,2.824949975557338,128,1.0070704935257229,0.9963403761430677,2.824949975557338,128
1,10851852,2405026,3.0912312618555,-0.42797503859602,-0.0018487830353888,0.0011357251102206,0.0011357381202421,6655,-0.001183196548216,-0.0009554859009579,0.001224440767313,0.0009887925142189,-2.5843364925635e-07,-2.086971167807e-07,0.99634935430588,0.9963403761430677,2.824949975557338,128,1.0070704935257229,0.9963403761430677,2.824949975557338,128
