time,NumDofs,NumElems,area,gradPx_avg,gradPy_avg,integral_in,integral_out,mem,product_avg,product_int,velx_avg,velx_int,vely_avg,vely_int,vol,M0_ps,M1_ps,M3_ps,Tau_ps,M0_eff_ps,M1_eff_ps,M3_eff_ps
0,0,0,116.88374531979,-1.0,-2.4031843604254e-17,0.0,0.0,7468,0.0,0.0,0.0,0.0,0.0,0.0,0.8257599999999,0.8258440729153698,105.78886146158419,4356,1.5033072018052838,0.8258440729153698,105.78886146158419,4356
1,24243498,5191542,116.88374531979,-0.66118083065709,-0.000299298739351,7.3899197259888e-06,7.3902125432968e-06,12696,-8.9272809014019e-06,-5.9514249219881e-06,8.9974329440684e-06,5.9981921985715e-06,3.2694668980771e-10,2.1796095579087002e-10,0.8257599999999,0.8258440729153698,105.78886146158419,4356,1.5033072018052838,0.8258440729153698,105.78886146158419,4356
