time,NumDofs,NumElems,area,gradPx_avg,gradPy_avg,integral_in,integral_out,mem,product_avg,product_int,velx_avg,velx_int,vely_avg,vely_int,vol,M0_ps,M1_ps,M3_ps,Tau_ps,M0_eff_ps,M1_eff_ps,M3_eff_ps
0,0,0,40.705197886787,-1.0,-4.9392350027919996e-18,0.0,0.0,4220,0.0,0.0,0.0,0.0,0.0,0.0,0.93404870477228,0.9339309882289629,40.33096448676396,1681,1.0460711713830044,0.9339309882289629,40.33096448676396,1681
1,12880575,2805543,40.705197886787,-0.32649719696519,0.0002931717686213,2.1856486481099e-05,2.1852920927349e-05,6963,-2.3480839550636e-05,-1.7758316271047e-05,2.3672940109558e-05,1.7903599938346e-05,-2.4095307872374e-09,-1.8223032312074e-09,0.93404870477228,0.9339309882289629,40.33096448676396,1681,1.0460711713830044,0.9339309882289629,40.33096448676396,1681
