time,NumDofs,NumElems,area,gradPx_avg,gradPy_avg,integral_in,integral_out,mem,product_avg,product_int,velx_avg,velx_int,vely_avg,vely_int,vol,M0_ps,M1_ps,M3_ps,Tau_ps,M0_eff_ps,M1_eff_ps,M3_eff_ps
0,0,0,6.2261637106131,-1.0,-2.6077381051776e-17,0.0,0.0,3722,0.0,0.0,0.0,0.0,0.0,0.0,0.99402521212726,0.9940301444572511,5.563751377383214,256,1.0061361835925777,0.9940301444572511,5.563751377383214,256
1,11163018,2468926,6.2261637106131,-0.2713745094747,0.0003845718198899,0.0004049324036817,0.0004048966640859,6692,-0.0004176423372098,-0.0003363805483794,0.0004308910933503,0.000347051458531,-7.0926441843251e-09,-5.7126093971279e-09,0.99402521212726,0.9940301444572511,5.563751377383214,256,1.0061361835925777,0.9940301444572511,5.563751377383214,256
