time,NumDofs,NumElems,area,gradPx_avg,gradPy_avg,integral_in,integral_out,mem,product_avg,product_int,velx_avg,velx_int,vely_avg,vely_int,vol,M0_ps,M1_ps,M3_ps,Tau_ps,M0_eff_ps,M1_eff_ps,M3_eff_ps
0,0,0,76.294039167447,-1.0,-6.8590425372044e-17,0.0,0.0,6195,0.0,0.0,0.0,0.0,0.0,0.0,0.91416050478901,0.9140294617290694,69.8757827563309,3025,1.1113090855477836,0.9140294617290694,69.8757827563309,3025
1,19568784,4221243,76.294039167447,-0.30248812587782,0.0009213445483657,7.5357487241763e-06,7.5365227099038e-06,10084,-8.1205306394437e-06,-6.0243271156907e-06,8.3806075854276e-06,6.2172687678343e-06,2.0886490621466e-09,1.549492975143e-09,0.91416050478901,0.9140294617290694,69.8757827563309,3025,1.1113090855477836,0.9140294617290694,69.8757827563309,3025
