time,NumDofs,NumElems,area,gradPx_avg,gradPy_avg,integral_in,integral_out,mem,product_avg,product_int,velx_avg,velx_int,vely_avg,vely_int,vol,M0_ps,M1_ps,M3_ps,Tau_ps,M0_eff_ps,M1_eff_ps,M3_eff_ps
0,0,0,64.219485524406,-1.0,1.0645825411103e-18,0.0,0.0,5888,0.0,0.0,0.0,0.0,0.0,0.0,0.94557351005816,0.9454219059361207,56.400600993357905,3583,1.143565652976651,0.9454219059361207,56.400600993357905,3583
1,18440943,3990296,64.219485524406,-0.3889254461751,0.0028392261344,1.4386544273982e-05,1.4192944944533e-05,9729,-1.5025365946676e-05,-1.1521471256287e-05,1.533154688215e-05,1.1756251218373e-05,-4.6835200994862e-09,-3.5913296485408e-09,0.94557351005816,0.9454219059361207,56.400600993357905,3583,1.143565652976651,0.9454219059361207,56.400600993357905,3583
