time,NumDofs,NumElems,area,gradPx_avg,gradPy_avg,integral_in,integral_out,mem,product_avg,product_int,velx_avg,velx_int,vely_avg,vely_int,vol,M0_ps,M1_ps,M3_ps,Tau_ps,M0_eff_ps,M1_eff_ps,M3_eff_ps
0,0,0,118.65286712984,-1.0,-2.1980477824596e-17,0.0,0.0,5810,0.0,0.0,0.0,0.0,0.0,0.0,0.80775648625104,0.8074053919462171,117.69423667657888,4900,1.3365043844050073,0.8074053919462171,117.69423667657888,4900
1,17706213,3771680,118.65286712984,-0.45175816941339,-0.0027079959083716,3.3661246576882e-06,3.3728769927289e-06,9453,-4.1316440437382e-06,-2.7032064262295e-06,4.1823245861385e-06,2.7363651316869e-06,1.3122187641325e-08,8.5854399804794e-09,0.80775648625104,0.8074053919462171,117.69423667657888,4900,1.3365043844050073,0.8074053919462171,117.69423667657888,4900
