time,NumDofs,NumElems,area,gradPx_avg,gradPy_avg,integral_in,integral_out,mem,product_avg,product_int,velx_avg,velx_int,vely_avg,vely_int,vol,M0_ps,M1_ps,M3_ps,Tau_ps,M0_eff_ps,M1_eff_ps,M3_eff_ps
0,0,0,29.155672488446,-1.0,-2.6147662973837e-17,0.0,0.0,4475,0.0,0.0,0.0,0.0,0.0,0.0,0.96719654331762,0.9671196099614058,26.567592086418088,1303,1.066292662603097,0.9671196099614058,26.567592086418088,1303
1,13951506,3050834,29.155672488446,-0.40513059419227,-0.002360582522223,5.3725542136718e-05,5.3742143507364e-05,7833,-5.6062998546343e-05,-4.3979543513697e-05,5.7133568308385e-05,4.4819369613887e-05,7.7071949282349e-08,6.0460361290639e-08,0.96719654331762,0.9671196099614058,26.567592086418088,1303,1.066292662603097,0.9671196099614058,26.567592086418088,1303
