time,NumDofs,NumElems,area,gradPx_avg,gradPy_avg,integral_in,integral_out,mem,product_avg,product_int,velx_avg,velx_int,vely_avg,vely_int,vol,M0_ps,M1_ps,M3_ps,Tau_ps,M0_eff_ps,M1_eff_ps,M3_eff_ps
0,0,0,159.53596021754,-1.0,7.3631159459413e-17,0.0,0.0,5782,0.0,0.0,0.0,0.0,0.0,0.0,0.66015499003723,0.6594612069831045,158.7395206519984,5776,1.4862970178894896,0.6594612069831045,158.7395206519984,5776
1,17375439,3659640,159.53596021754,-0.48398432609976,-0.076439206776088,1.2561850618409e-06,1.2565800578944e-06,9475,-1.8574013212652e-06,-9.9872320088901e-07,1.8992602171222e-06,1.0212306956223e-06,1.1352559808415e-07,6.1042623047242e-08,0.66015499003723,0.6594612069831045,158.7395206519984,5776,1.4862970178894896,0.6594612069831045,158.7395206519984,5776
