time,NumDofs,NumElems,area,gradPx_avg,gradPy_avg,integral_in,integral_out,mem,product_avg,product_int,velx_avg,velx_int,vely_avg,vely_int,vol,M0_ps,M1_ps,M3_ps,Tau_ps,M0_eff_ps,M1_eff_ps,M3_eff_ps
0,0,0,64.219485524411,-1.0,-2.6322748702105e-17,0.0,0.0,5884,0.0,0.0,0.0,0.0,0.0,0.0,0.94557351005809,0.9455604595965478,56.13280274158367,2704,1.2322362872922554,0.9455604595965478,56.13280274158367,2704
1,18431907,3988288,64.219485524411,-0.66402416274253,-0.0002684202423304,2.3100991117128e-05,2.3265100027416e-05,10182,-2.4677167193695e-05,-1.892476887187e-05,2.4926457857223e-05,1.9115948359862e-05,-1.4113955248582e-09,-1.0823906117376e-09,0.94557351005809,0.9455604595965478,56.13280274158367,2704,1.2322362872922554,0.9455604595965478,56.13280274158367,2704
