time,NumDofs,NumElems,area,gradPx_avg,gradPy_avg,integral_in,integral_out,mem,product_avg,product_int,velx_avg,velx_int,vely_avg,vely_int,vol,M0_ps,M1_ps,M3_ps,Tau_ps,M0_eff_ps,M1_eff_ps,M3_eff_ps
0,0,0,24.149534156998,-1.0,-7.358140880948e-18,0.0,0.0,4335,0.0,0.0,0.0,0.0,0.0,0.0,0.96399999999995,0.9638957273263963,23.042318463784436,900,1.0613772102298344,0.9638957273263963,23.042318463784436,900
1,13407192,2937842,24.149534156998,-0.4082634283805,-0.002179018996602,7.2169748546092e-05,7.2288612124831e-05,7513,-7.6390126003898e-05,-5.9648251149633e-05,7.7028834396943e-05,6.0146978414958e-05,1.42989682008e-07,1.1165166115558e-07,0.96399999999995,0.9638957273263963,23.042318463784436,900,1.0613772102298344,0.9638957273263963,23.042318463784436,900
