time,NumDofs,NumElems,area,gradPx_avg,gradPy_avg,integral_in,integral_out,mem,product_avg,product_int,velx_avg,velx_int,vely_avg,vely_int,vol,M0_ps,M1_ps,M3_ps,Tau_ps,M0_eff_ps,M1_eff_ps,M3_eff_ps
0,0,0,125.40745788419,-1.0,4.4131391209871e-17,0.0,0.0,5559,0.0,0.0,0.0,0.0,0.0,0.0,0.75348584770809,0.752991955855599,124.66513967520383,4761,1.3594255008412048,0.752991955855599,124.66513967520383,4761
1,16654437,3537778,125.40745788419,-0.49455224823034,-0.092504243340641,2.8560359407804e-06,2.8555446365642e-06,9666,-3.7265924438729e-06,-2.2696177322287e-06,3.7730763494599e-06,2.2979279641557e-06,2.6583471306445e-07,1.619021096887e-07,0.75348584770809,0.752991955855599,124.66513967520383,4761,1.3594255008412048,0.752991955855599,124.66513967520383,4761
