time,NumDofs,NumElems,area,gradPx_avg,gradPy_avg,integral_in,integral_out,mem,product_avg,product_int,velx_avg,velx_int,vely_avg,vely_int,vol,M0_ps,M1_ps,M3_ps,Tau_ps,M0_eff_ps,M1_eff_ps,M3_eff_ps
0,0,0,6.5401256449175,-1.0,-5.8726535380245e-17,0.0,0.0,3754,0.0,0.0,0.0,0.0,0.0,0.0,0.99227631985496,0.9922962156778486,5.965336224958255,279,1.0149212473411662,0.9922962156778486,5.965336224958255,279
1,11305767,2500136,6.5401256449175,-0.41563636002503,-0.0033348632009044,0.0004442772226314,0.0004442277663809,6975,-0.0004595726686375,-0.0003695364623186,0.0004733440019129,0.0003806098139935,1.3277310307184e-06,1.0676114170516e-06,0.99227631985496,0.9922962156778486,5.965336224958255,279,1.0149212473411662,0.9922962156778486,5.965336224958255,279
