time,NumDofs,NumElems,area,gradPx_avg,gradPy_avg,integral_in,integral_out,mem,product_avg,product_int,velx_avg,velx_int,vely_avg,vely_int,vol,M0_ps,M1_ps,M3_ps,Tau_ps,M0_eff_ps,M1_eff_ps,M3_eff_ps
0,0,0,85.559920523522,-1.0,-8.8650225712779e-17,0.0,0.0,6421,0.0,0.0,0.0,0.0,0.0,0.0,0.84874999999992,0.848695386765515,78.59179282455419,3025,1.2423842518894592,0.848695386765515,78.59179282455419,3025
1,20320377,4371122,85.559920523522,-0.34237314937033,0.0001690149687398,6.8889672185296e-06,6.8895498999934e-06,10867,-8.0172136502639e-06,-5.532090540453e-06,8.2382698722706e-06,5.6846252099802e-06,-8.2047574458997e-11,-5.6615007449227e-11,0.84874999999992,0.848695386765515,78.59179282455419,3025,1.2423842518894592,0.848695386765515,78.59179282455419,3025
