time,NumDofs,NumElems,area,gradPx_avg,gradPy_avg,integral_in,integral_out,mem,product_avg,product_int,velx_avg,velx_int,vely_avg,vely_int,vol,M0_ps,M1_ps,M3_ps,Tau_ps,M0_eff_ps,M1_eff_ps,M3_eff_ps
0,0,0,78.523261307442,-1.0,-8.0353961302434e-18,0.0,0.0,4437,0.0,0.0,0.0,0.0,0.0,0.0,0.8038159490429,0.8034395444195003,78.22177244760465,2500,1.2470728937830269,0.8034395444195003,78.22177244760465,2500
1,13542201,2910544,78.523261307442,-0.50095437526168,-0.0001717158773491,7.8693722939392e-06,7.8723299195976e-06,7367,-9.8072615915921e-06,-6.3854223980326e-06,9.8828187774743e-06,6.4346170220934e-06,1.578583135937e-09,1.0278016976737e-09,0.8038159490429,0.8034395444195003,78.22177244760465,2500,1.2470728937830269,0.8034395444195003,78.22177244760465,2500
