time,NumDofs,NumElems,area,gradPx_avg,gradPy_avg,integral_in,integral_out,mem,product_avg,product_int,velx_avg,velx_int,vely_avg,vely_int,vol,M0_ps,M1_ps,M3_ps,Tau_ps,M0_eff_ps,M1_eff_ps,M3_eff_ps
0,0,0,58.394605738993,-1.0,9.1945700121064e-17,0.0,0.0,5678,0.0,0.0,0.0,0.0,0.0,0.0,0.9439630246891,0.9438927956112626,52.47215761964378,3602,1.1390729973135447,0.9438927956112626,52.47215761964378,3602
1,17655294,3824424,58.394605738993,-0.39013122216871,-0.15061985468777,1.7207679222586e-05,1.7210994814609e-05,9262,-1.8136074304404e-05,-1.3858223529864e-05,1.8486691014e-05,1.4126138440959e-05,2.1771565493549e-06,1.6636192383233e-06,0.9439630246891,0.9438927956112626,52.47215761964378,3602,1.1390729973135447,0.9438927956112626,52.47215761964378,3602
