time,NumDofs,NumElems,area,gradPx_avg,gradPy_avg,integral_in,integral_out,mem,product_avg,product_int,velx_avg,velx_int,vely_avg,vely_int,vol,M0_ps,M1_ps,M3_ps,Tau_ps,M0_eff_ps,M1_eff_ps,M3_eff_ps
0,0,0,46.578883292673,-1.0,9.7753785150908e-18,0.0,0.0,5220,0.0,0.0,0.0,0.0,0.0,0.0,0.9227180273057,0.9223979020164578,42.289695340396726,1681,1.0692563599172449,0.9223979020164578,42.289695340396726,1681
1,15837498,3440784,46.578883292673,-0.37320706122662,0.0001774618125041,2.1913067786492e-05,2.1910536265209e-05,8558,-2.3813671625256e-05,-1.779097085092e-05,2.4033427120839e-05,1.7955148121766e-05,1.3625167720068e-09,1.0179235086518e-09,0.9227180273057,0.9223979020164578,42.289695340396726,1681,1.0692563599172449,0.9223979020164578,42.289695340396726,1681
