time,NumDofs,NumElems,area,gradPx_avg,gradPy_avg,integral_in,integral_out,mem,product_avg,product_int,velx_avg,velx_int,vely_avg,vely_int,vol,M0_ps,M1_ps,M3_ps,Tau_ps,M0_eff_ps,M1_eff_ps,M3_eff_ps
0,0,0,180.42385296848,-1.0,-9.007102784406301e-18,0.0,0.0,9789,0.0,0.0,0.0,0.0,0.0,0.0,0.73103999999984,0.7302440552447581,165.71521776685123,6724,1.5817260272113447,0.7302440552447581,165.71521776685123,6724
1,31378773,6671388,180.42385296848,-0.33977086994406,-0.15098579543509,1.1243689195839e-06,1.1243420862162e-06,16988,-1.4595569294032e-06,-8.625008428069e-07,1.5161253149306e-06,8.9592898747923e-07,1.9473910060014e-07,1.1507782602475e-07,0.73103999999984,0.7302440552447581,165.71521776685123,6724,1.5817260272113447,0.7302440552447581,165.71521776685123,6724
