time,NumDofs,NumElems,area,gradPx_avg,gradPy_avg,integral_in,integral_out,mem,product_avg,product_int,velx_avg,velx_int,vely_avg,vely_int,vol,M0_ps,M1_ps,M3_ps,Tau_ps,M0_eff_ps,M1_eff_ps,M3_eff_ps
0,0,0,10.088467989083,-1.0,3.8253451545999e-17,0.0,0.0,3918,0.0,0.0,0.0,0.0,0.0,0.0,0.98864932294698,0.9885622949305425,9.265927832657946,400,1.0297554132769464,0.9885622949305425,9.265927832657946,400
1,11832564,2611458,10.088467989083,-0.5319486356914,0.0001242824649618,0.0002742134518936,0.0002743200648788,7119,-0.0002866695314906,-0.0002295656046462,0.0002887448143917,0.0002312274958542,-9.4603254777657e-09,-7.5758498894547e-09,0.98864932294698,0.9885622949305425,9.265927832657946,400,1.0297554132769464,0.9885622949305425,9.265927832657946,400
