time,NumDofs,NumElems,area,gradPx_avg,gradPy_avg,integral_in,integral_out,mem,product_avg,product_int,velx_avg,velx_int,vely_avg,vely_int,vol,M0_ps,M1_ps,M3_ps,Tau_ps,M0_eff_ps,M1_eff_ps,M3_eff_ps
0,0,0,120.45250981188,-1.0,3.3951795087888e-17,0.0,0.0,7575,0.0,0.0,0.0,0.0,0.0,0.0,0.82043999999991,0.8198802414448135,109.0958642359317,4489,1.1095518002506795,0.8198802414448135,109.0958642359317,4489
1,24591513,5262938,120.45250981188,-0.31970062889007,-0.0001433955545426,2.0332319946803e-06,2.0323348118543e-06,13366,-2.4144455598563e-06,-1.6001863592389e-06,2.4735485497772e-06,1.6393571733728e-06,-2.1766789311467e-10,-1.4426052887566e-10,0.82043999999991,0.8198802414448135,109.0958642359317,4489,1.1095518002506795,0.8198802414448135,109.0958642359317,4489
