time,NumDofs,NumElems,area,gradPx_avg,gradPy_avg,integral_in,integral_out,mem,product_avg,product_int,velx_avg,velx_int,vely_avg,vely_int,vol,M0_ps,M1_ps,M3_ps,Tau_ps,M0_eff_ps,M1_eff_ps,M3_eff_ps
0,0,0,98.457548212338,-1.0,-7.3751159351121e-18,0.0,0.0,6797,0.0,0.0,0.0,0.0,0.0,0.0,0.82594999999983,0.8262496937763302,89.2102655850011,3481,1.2244877446691529,0.8262496937763302,89.2102655850011,3481
1,21761034,4669684,98.457548212338,-0.4784155438954,0.0001895875168065,6.1570653585448e-06,6.1571602718592e-06,11287,-7.4009421360167e-06,-4.9552668879243e-06,7.5101883983862e-06,5.0284122222074e-06,-1.8012279573719002e-10,-1.2060039236534e-10,0.82594999999983,0.8262496937763302,89.2102655850011,3481,1.2244877446691529,0.8262496937763302,89.2102655850011,3481
