time,NumDofs,NumElems,area,gradPx_avg,gradPy_avg,integral_in,integral_out,mem,product_avg,product_int,velx_avg,velx_int,vely_avg,vely_int,vol,M0_ps,M1_ps,M3_ps,Tau_ps,M0_eff_ps,M1_eff_ps,M3_eff_ps
0,0,0,27.454780054071,-1.0,6.3616683029684e-17,0.0,0.0,4476,0.0,0.0,0.0,0.0,0.0,0.0,0.97673187042413,0.9767059168437074,24.139371601008285,1948,1.0622026361602246,0.9767059168437074,24.139371601008285,1948
1,13945704,3052242,27.454780054071,-0.41230336023942,-0.16111287621339,5.8519275528788e-05,5.8524826815975e-05,7723,-6.0305369516843e-05,-4.7758151145078e-05,6.1791092340945e-05,4.8934752428871e-05,6.5519480981737e-06,5.1887407385821e-06,0.97673187042413,0.9767059168437074,24.139371601008285,1948,1.0622026361602246,0.9767059168437074,24.139371601008285,1948
