time,NumDofs,NumElems,area,gradPx_avg,gradPy_avg,integral_in,integral_out,mem,product_avg,product_int,velx_avg,velx_int,vely_avg,vely_int,vol,M0_ps,M1_ps,M3_ps,Tau_ps,M0_eff_ps,M1_eff_ps,M3_eff_ps
0,0,0,132.60063273531,-1.0,1.1104415721285e-17,0.0,0.0,6062,0.0,0.0,0.0,0.0,0.0,0.0,0.78515806504292,0.7847287761896539,131.3834197804405,5476,1.3681884374032454,0.7847287761896539,131.3834197804405,5476
1,18634059,3958860,132.60063273531,-0.48310721055708,-0.13198494875997,2.8262896086544e-06,2.8269679597237e-06,10144,-3.5514404358975e-06,-2.2670534990819e-06,3.6251220886781e-06,2.3140880057193e-06,3.9870219127839e-07,2.5451058919446e-07,0.78515806504292,0.7847287761896539,131.3834197804405,5476,1.3681884374032454,0.7847287761896539,131.3834197804405,5476
