time,NumDofs,NumElems,area,gradPx_avg,gradPy_avg,integral_in,integral_out,mem,product_avg,product_int,velx_avg,velx_int,vely_avg,vely_int,vol,M0_ps,M1_ps,M3_ps,Tau_ps,M0_eff_ps,M1_eff_ps,M3_eff_ps
0,0,0,121.63100857595,-1.0,8.4281179528894e-17,0.0,0.0,7678,0.0,0.0,0.0,0.0,0.0,0.0,0.85635765168846,0.8559714619620001,111.90775994960448,4761,1.2112462994008824,0.8559714619620001,111.90775994960448,4761
1,24878754,5324142,121.63100857595,-0.31671115839505,0.0007252187980914,2.7180847368108e-06,2.7148814030395e-06,13103,-3.0425310431491e-06,-2.1072125802764e-06,3.1500267858993e-06,2.1816625622936e-06,-1.6709688777695e-10,-1.1572886490064002e-10,0.85635765168846,0.8559714619620001,111.90775994960448,4761,1.2112462994008824,0.8559714619620001,111.90775994960448,4761
