time,NumDofs,NumElems,area,gradPx_avg,gradPy_avg,integral_in,integral_out,mem,product_avg,product_int,velx_avg,velx_int,vely_avg,vely_int,vol,M0_ps,M1_ps,M3_ps,Tau_ps,M0_eff_ps,M1_eff_ps,M3_eff_ps
0,0,0,2.9299993719817,-1.0,-2.8606725577694e-17,0.0,0.0,3570,0.0,0.0,0.0,0.0,0.0,0.0,0.99525276221017,0.995254035124357,2.8932564958096347,121,1.0073960080778537,0.995254035124357,2.8932564958096347,121
1,10580580,2345913,2.9299993719817,-0.50297881284492,-0.11267315536369,0.0011377672037969,0.0011377668744434,6363,-0.0011904731088899,-0.0009605015570441,0.0012279366009923,0.0009907279789833,4.5413771831493e-05,3.6640893632675e-05,0.99525276221017,0.995254035124357,2.8932564958096347,121,1.0073960080778537,0.995254035124357,2.8932564958096347,121
