time,NumDofs,NumElems,area,gradPx_avg,gradPy_avg,integral_in,integral_out,mem,product_avg,product_int,velx_avg,velx_int,vely_avg,vely_int,vol,M0_ps,M1_ps,M3_ps,Tau_ps,M0_eff_ps,M1_eff_ps,M3_eff_ps
0,0,0,65.166960954113,-1.0,5.2334100272323e-18,0.0,0.0,5810,0.0,0.0,0.0,0.0,0.0,0.0,0.88480000000031,0.8839362090915297,59.33022025628576,2304,1.1496663119206434,0.8839362090915297,59.33022025628576,2304
1,17966286,3882118,65.166960954113,-0.45801071704804,0.0001835278431369,1.4170700977851e-05,1.417037980999e-05,9363,-1.5987924146015e-05,-1.1433292374476e-05,1.614946982494e-05,1.154881700182e-05,2.8698930665966e-10,2.0523193764374002e-10,0.88480000000031,0.8839362090915297,59.33022025628576,2304,1.1496663119206434,0.8839362090915297,59.33022025628576,2304
