time,NumDofs,NumElems,area,gradPx_avg,gradPy_avg,integral_in,integral_out,mem,product_avg,product_int,velx_avg,velx_int,vely_avg,vely_int,vol,M0_ps,M1_ps,M3_ps,Tau_ps,M0_eff_ps,M1_eff_ps,M3_eff_ps
0,0,0,91.294268622741,-1.0,-1.8718539406431e-17,0.0,0.0,6783,0.0,0.0,0.0,0.0,0.0,0.0,0.92262743071866,0.922400914052554,79.92890241614944,3844,1.0690628677814793,0.922400914052554,79.92890241614944,3844
1,21712362,4672438,91.294268622741,-0.216641189936,0.0003361124775231,3.6482538736399e-06,3.6471220320208e-06,11232,-3.8013064702586e-06,-2.8392594731464e-06,3.9715812377364e-06,2.9664405490164e-06,7.879675891942101e-10,5.8854619054164e-10,0.92262743071866,0.922400914052554,79.92890241614944,3844,1.0690628677814793,0.922400914052554,79.92890241614944,3844
