time,NumDofs,NumElems,area,gradPx_avg,gradPy_avg,integral_in,integral_out,mem,product_avg,product_int,velx_avg,velx_int,vely_avg,vely_int,vol,M0_ps,M1_ps,M3_ps,Tau_ps,M0_eff_ps,M1_eff_ps,M3_eff_ps
0,0,0,63.052924931768,-1.0,-6.4828883273388e-17,0.0,0.0,5732,0.0,0.0,0.0,0.0,0.0,0.0,0.92905826842066,0.9289380363934281,57.90395301022238,3194,1.1531301956874895,0.9289380363934281,57.90395301022238,3194
1,17830029,3856728,63.052924931768,-0.38222662146589,-0.10622036694732,1.474995312192e-05,1.4752080082608e-05,10572,-1.5769327953326e-05,-1.1867087416775e-05,1.6098065116945e-05,1.211447606069e-05,1.3215973664045e-06,9.9455801308222e-07,0.92905826842066,0.9289380363934281,57.90395301022238,3194,1.1531301956874895,0.9289380363934281,57.90395301022238,3194
