time,NumDofs,NumElems,area,gradPx_avg,gradPy_avg,integral_in,integral_out,mem,product_avg,product_int,velx_avg,velx_int,vely_avg,vely_int,vol,M0_ps,M1_ps,M3_ps,Tau_ps,M0_eff_ps,M1_eff_ps,M3_eff_ps
0,0,0,36.12346060747,-1.0,-1.4536901905169e-17,0.0,0.0,4697,0.0,0.0,0.0,0.0,0.0,0.0,0.96938509940734,0.9692561475656725,31.648993192319203,1521,1.0279761787002277,0.9692561475656725,31.648993192319203,1521
1,14809923,3229934,36.12346060747,-0.23402094335685,0.0003241853499292,2.7269503681582e-05,2.7264531893242e-05,7976,-2.810708064014e-05,-2.2073837223568e-05,2.8742662943721e-05,2.2572990461539e-05,-1.2321664353581e-09,-9.676793429623e-10,0.96938509940734,0.9692561475656725,31.648993192319203,1521,1.0279761787002277,0.9692561475656725,31.648993192319203,1521
