time,NumDofs,NumElems,area,gradPx_avg,gradPy_avg,integral_in,integral_out,mem,product_avg,product_int,velx_avg,velx_int,vely_avg,vely_int,vol,M0_ps,M1_ps,M3_ps,Tau_ps,M0_eff_ps,M1_eff_ps,M3_eff_ps
0,0,0,122.60191900466,-1.0,-1.5586583799197e-17,0.0,0.0,7779,0.0,0.0,0.0,0.0,0.0,0.0,0.88234802476375,0.8821309954578496,109.71067925018107,5041,1.1174123828417584,0.8821309954578496,109.71067925018107,5041
1,25281741,5411830,122.60191900466,-0.22977098137942,0.0008620465687436,1.7170241497017e-06,1.7164476208403e-06,13811,-1.8380460902164e-06,-1.3154573578669e-06,1.9544737896266e-06,1.3987826208535e-06,-4.8431005144688e-10,-3.4661221176978004e-10,0.88234802476375,0.8821309954578496,109.71067925018107,5041,1.1174123828417584,0.8821309954578496,109.71067925018107,5041
