time,NumDofs,NumElems,area,gradPx_avg,gradPy_avg,integral_in,integral_out,mem,product_avg,product_int,velx_avg,velx_int,vely_avg,vely_int,vol,M0_ps,M1_ps,M3_ps,Tau_ps,M0_eff_ps,M1_eff_ps,M3_eff_ps
0,0,0,146.93649893737,-1.0,2.4856742437403e-17,0.0,0.0,8445,0.0,0.0,0.0,0.0,0.0,0.0,0.78095999999988,0.7806635314717612,133.1079893174234,5476,1.7006369320862742,0.7806635314717612,133.1079893174234,5476
1,27800526,5931966,146.93649893737,-0.7057134281849,-0.000205401619957,4.9256045781005e-06,4.9258784158648e-06,13932,-6.2940035894719e-06,-3.9968233365986e-06,6.3474390832936e-06,4.0307559878393e-06,-1.4969848298967e-10,-9.5061653804476e-11,0.78095999999988,0.7806635314717612,133.1079893174234,5476,1.7006369320862742,0.7806635314717612,133.1079893174234,5476
