time,NumDofs,NumElems,area,gradPx_avg,gradPy_avg,integral_in,integral_out,mem,product_avg,product_int,velx_avg,velx_int,vely_avg,vely_int,vol,M0_ps,M1_ps,M3_ps,Tau_ps,M0_eff_ps,M1_eff_ps,M3_eff_ps
0,0,0,69.254445188311,-1.0,-9.902013831694099e-17,0.0,0.0,6036,0.0,0.0,0.0,0.0,0.0,0.0,0.94130634442645,0.9413014405564636,60.534626755155784,2916,1.2534580632687005,0.9413014405564636,60.534626755155784,2916
1,18983187,4102456,69.254445188311,-0.66109490749615,-0.0004656710747365,2.0773271553208e-05,2.0902771230449e-05,9871,-2.2192188401519e-05,-1.6943736603886e-05,2.2462850614711e-05,1.7150387212919e-05,-1.6066572711339e-09,-1.226682881484e-09,0.94130634442645,0.9413014405564636,60.534626755155784,2916,1.2534580632687005,0.9413014405564636,60.534626755155784,2916
