time,NumDofs,NumElems,area,gradPx_avg,gradPy_avg,integral_in,integral_out,mem,product_avg,product_int,velx_avg,velx_int,vely_avg,vely_int,vol,M0_ps,M1_ps,M3_ps,Tau_ps,M0_eff_ps,M1_eff_ps,M3_eff_ps
0,0,0,40.883520302898,-1.0,-2.3915239238906e-17,0.0,0.0,4850,0.0,0.0,0.0,0.0,0.0,0.0,0.96076711557744,0.9607511616419211,36.55680022591071,1681,1.1376660961345997,0.9607511616419211,36.55680022591071,1681
1,15382074,3348544,40.883520302898,-0.61017623177812,-0.0006172491199623,4.2335339853224e-05,4.2555394243751e-05,8485,-4.4462622945847e-05,-3.4594726438527e-05,4.4827680395109e-05,3.487876417078e-05,1.0796867198728e-09,8.400644010318901e-10,0.96076711557744,0.9607511616419211,36.55680022591071,1681,1.1376660961345997,0.9607511616419211,36.55680022591071,1681
