time,NumDofs,NumElems,area,gradPx_avg,gradPy_avg,integral_in,integral_out,mem,product_avg,product_int,velx_avg,velx_int,vely_avg,vely_int,vol,M0_ps,M1_ps,M3_ps,Tau_ps,M0_eff_ps,M1_eff_ps,M3_eff_ps
0,0,0,192.89199999977,-1.0,1.5940655411044e-17,0.0,0.0,10000,0.0,0.0,0.0,0.0,0.0,0.0,0.66932800000023,0.6680013333279786,175.2213280901925,6889,1.2653517678067263,0.6680013333279786,175.2213280901925,6889
1,31764654,6740584,192.89199999977,-0.39474291881247,-1.6529368006187e-05,6.3548635072846e-07,6.3562890444339e-07,16711,-9.1034667350318e-07,-4.9161514019813e-07,9.3476942692285e-07,5.0480417652451e-07,-1.860246257549e-10,-1.0045900658798e-10,0.66932800000023,0.6680013333279786,175.2213280901925,6889,1.2653517678067263,0.6680013333279786,175.2213280901925,6889
