time,NumDofs,NumElems,area,gradPx_avg,gradPy_avg,integral_in,integral_out,mem,product_avg,product_int,velx_avg,velx_int,vely_avg,vely_int,vol,M0_ps,M1_ps,M3_ps,Tau_ps,M0_eff_ps,M1_eff_ps,M3_eff_ps
0,0,0,143.5699692271,-1.0,-2.5051484321929e-17,0.0,0.0,6227,0.0,0.0,0.0,0.0,0.0,0.0,0.76738534836377,0.7669447110654174,142.26486371799396,5929,1.8980517587028631,0.7669447110654174,142.26486371799396,5929
1,19206225,4071059,143.5699692271,-0.74105007932321,0.0004410232903252,4.5832043072192e-06,4.5842512487634e-06,10276,-5.9442708998204e-06,-3.7047166789187e-06,5.9916901782619e-06,3.7342703440705e-06,-5.777759525052e-10,-3.6009398696632005e-10,0.76738534836377,0.7669447110654174,142.26486371799396,5929,1.8980517587028631,0.7669447110654174,142.26486371799396,5929
