time,NumDofs,NumElems,area,gradPx_avg,gradPy_avg,integral_in,integral_out,mem,product_avg,product_int,velx_avg,velx_int,vely_avg,vely_int,vol,M0_ps,M1_ps,M3_ps,Tau_ps,M0_eff_ps,M1_eff_ps,M3_eff_ps
0,0,0,99.84490733126,-1.0,-6.9227215079162e-17,0.0,0.0,6909,0.0,0.0,0.0,0.0,0.0,0.0,0.85115999999988,0.8508921650917065,90.4795489160406,3721,1.0953797269429153,0.8508921650917065,90.4795489160406,3721
1,22132524,4750800,99.84490733126,-0.32550838200901,9.5100064147042e-05,3.5542258321116e-06,3.5554493759767e-06,11469,-4.0948801783944e-06,-2.8216123101961e-06,4.1846344644056e-06,2.8834582708273e-06,8.594610873111101e-10,5.922190341214e-10,0.85115999999988,0.8508921650917065,90.4795489160406,3721,1.0953797269429153,0.8508921650917065,90.4795489160406,3721
