time,NumDofs,NumElems,area,gradPx_avg,gradPy_avg,integral_in,integral_out,mem,product_avg,product_int,velx_avg,velx_int,vely_avg,vely_int,vol,M0_ps,M1_ps,M3_ps,Tau_ps,M0_eff_ps,M1_eff_ps,M3_eff_ps
0,0,0,35.910905858005,-1.0,-3.1902552526602e-17,0.0,0.0,4680,0.0,0.0,0.0,0.0,0.0,0.0,0.94041794371692,0.9403616852944365,32.554125530251945,1296,1.05360249510791,0.9403616852944365,32.554125530251945,1296
1,14655456,3195818,35.910905858005,-0.37334239993243,0.000354958588691,3.4736086359671e-05,3.4735680536895e-05,7703,-3.7207513498632e-05,-2.8386198401886e-05,3.7849330081622e-05,2.8875850387446e-05,1.7755878825379e-09,1.354623977105e-09,0.94041794371692,0.9403616852944365,32.554125530251945,1296,1.05360249510791,0.9403616852944365,32.554125530251945,1296
