time,NumDofs,NumElems,area,gradPx_avg,gradPy_avg,integral_in,integral_out,mem,product_avg,product_int,velx_avg,velx_int,vely_avg,vely_int,vol,M0_ps,M1_ps,M3_ps,Tau_ps,M0_eff_ps,M1_eff_ps,M3_eff_ps
0,0,0,60.688675270977,-1.0,-7.6115021769238e-17,0.0,0.0,4394,0.0,0.0,0.0,0.0,0.0,0.0,0.88070392630079,0.8804532913522436,60.3348090546758,2304,1.1009145333637254,0.8804532913522436,60.3348090546758,2304
1,13480875,2916080,60.688675270977,-0.38925051026296,-0.0001360332849917,1.0901161884278e-05,1.0907425963599e-05,7269,-1.2412860716647e-05,-8.8320181300904e-06,1.247752808257e-05,8.8780303557401e-06,-6.4410601860825e-10,-4.5829532481736004e-10,0.88070392630079,0.8804532913522436,60.3348090546758,2304,1.1009145333637254,0.8804532913522436,60.3348090546758,2304
