time,NumDofs,NumElems,area,gradPx_avg,gradPy_avg,integral_in,integral_out,mem,product_avg,product_int,velx_avg,velx_int,vely_avg,vely_int,vol,M0_ps,M1_ps,M3_ps,Tau_ps,M0_eff_ps,M1_eff_ps,M3_eff_ps
0,0,0,58.13990489362,-1.0,-2.5350878490435e-17,0.0,0.0,4541,0.0,0.0,0.0,0.0,0.0,0.0,0.90580067826251,0.9056128288641411,57.6152692020123,2401,1.0644412350430388,0.9056128288641411,57.6152692020123,2401
1,14033493,3037987,58.13990489362,-0.32160334109405,0.0001961008577561,1.0620306145148e-05,1.06183923257e-05,7464,-1.1725667717944e-05,-8.5920168474645e-06,1.183993072813e-05,8.6757433978135e-06,-1.430816277526e-09,-1.0484347550901e-09,0.90580067826251,0.9056128288641411,57.6152692020123,2401,1.0644412350430388,0.9056128288641411,57.6152692020123,2401
