time,NumDofs,NumElems,area,gradPx_avg,gradPy_avg,integral_in,integral_out,mem,product_avg,product_int,velx_avg,velx_int,vely_avg,vely_int,vol,M0_ps,M1_ps,M3_ps,Tau_ps,M0_eff_ps,M1_eff_ps,M3_eff_ps
0,0,0,10.218946320184,-1.0,-3.9942137815329e-17,0.0,0.0,3864,0.0,0.0,0.0,0.0,0.0,0.0,0.98793174977357,0.9878614945321504,9.421041986549655,400,1.0282796708188817,0.9878614945321504,9.421041986549655,400
1,11669961,2574924,10.218946320184,-0.49367059863118,-0.001096877202339,0.0002642186035631,0.0002643051915921,7187,-0.0002762629782294,-0.00022107181679,0.0002783603357647,0.0002227501692198,-3.5684931138546e-08,-2.8555880376683e-08,0.98793174977357,0.9878614945321504,9.421041986549655,400,1.0282796708188817,0.9878614945321504,9.421041986549655,400
