time,NumDofs,NumElems,area,gradPx_avg,gradPy_avg,integral_in,integral_out,mem,product_avg,product_int,velx_avg,velx_int,vely_avg,vely_int,vol,M0_ps,M1_ps,M3_ps,Tau_ps,M0_eff_ps,M1_eff_ps,M3_eff_ps
0,0,0,199.57381792227,-1.0,3.9635710277033e-17,0.0,0.0,10312,0.0,0.0,0.0,0.0,0.0,0.0,0.64720000000001,0.646421098710447,190.84593268256003,7056,1.6270075258177736,0.646421098710447,190.84593268256003,7056
1,32874030,6970022,199.57381792227,-0.36299734467906,0.0001547736706673,6.5960267956691e-07,6.5068275631754e-07,16967,-9.4425805634962e-07,-4.9227304157988e-07,9.8826901471494e-07,5.1521741382182e-07,-3.5242967182612e-11,-1.8373327643456e-11,0.64720000000001,0.646421098710447,190.84593268256003,7056,1.6270075258177736,0.646421098710447,190.84593268256003,7056
