time,NumDofs,NumElems,area,gradPx_avg,gradPy_avg,integral_in,integral_out,mem,product_avg,product_int,velx_avg,velx_int,vely_avg,vely_int,vol,M0_ps,M1_ps,M3_ps,Tau_ps,M0_eff_ps,M1_eff_ps,M3_eff_ps
0,0,0,54.336451853227,-1.0,-1.9563485125543e-17,0.0,0.0,5494,0.0,0.0,0.0,0.0,0.0,0.0,0.91900000000005,0.9185043433560508,49.26841990599889,2025,1.0573440305493773,0.9185043433560508,49.26841990599889,2025
1,16888356,3661184,54.336451853227,-0.32930512161482,-0.0001061055941536,1.4581223038019e-05,1.4582843031982e-05,9294,-1.5803636609332e-05,-1.1739425252753e-05,1.5927083301199e-05,1.1831125235972e-05,-4.2077296823601e-09,-3.1256304679069e-09,0.91900000000005,0.9185043433560508,49.26841990599889,2025,1.0573440305493773,0.9185043433560508,49.26841990599889,2025
