time,NumDofs,NumElems,area,gradPx_avg,gradPy_avg,integral_in,integral_out,mem,product_avg,product_int,velx_avg,velx_int,vely_avg,vely_int,vol,M0_ps,M1_ps,M3_ps,Tau_ps,M0_eff_ps,M1_eff_ps,M3_eff_ps
0,0,0,108.72473867515,-1.0,-7.6655485291322e-17,0.0,0.0,7144,0.0,0.0,0.0,0.0,0.0,0.0,0.8077999999998,0.8073863157176076,98.71239908118632,3844,1.2487092307842862,0.8073863157176076,98.71239908118632,3844
1,22980228,4923434,108.72473867515,-0.48334894630956,0.0001687162780561,4.9424034289548e-06,4.9423845993149e-06,11945,-6.0684689810323e-06,-3.9637026487922e-06,6.1435631240409e-06,4.0127514046617e-06,3.7830080698538e-11,2.4709229220335e-11,0.8077999999998,0.8073863157176076,98.71239908118632,3844,1.2487092307842862,0.8073863157176076,98.71239908118632,3844
