time,NumDofs,NumElems,area,gradPx_avg,gradPy_avg,integral_in,integral_out,mem,product_avg,product_int,velx_avg,velx_int,vely_avg,vely_int,vol,M0_ps,M1_ps,M3_ps,Tau_ps,M0_eff_ps,M1_eff_ps,M3_eff_ps
0,0,0,27.992390694304,-1.0,2.0213363274117e-17,0.0,0.0,4028,0.0,0.0,0.0,0.0,0.0,0.0,0.95464622410249,0.9544529941646821,27.799891182051375,1156,1.0724284754559172,0.9544529941646821,27.799891182051375,1156
1,12125763,2655132,27.992390694304,-0.48665209265799,0.0010809216207604,5.3033215386228e-05,5.2829727144204e-05,6984,-5.6166800541505e-05,-4.351166899845e-05,5.6982577998616e-05,4.4143640881271e-05,2.5646458037074e-08,1.9867967951409e-08,0.95464622410249,0.9544529941646821,27.799891182051375,1156,1.0724284754559172,0.9544529941646821,27.799891182051375,1156
