time,NumDofs,NumElems,area,gradPx_avg,gradPy_avg,integral_in,integral_out,mem,product_avg,product_int,velx_avg,velx_int,vely_avg,vely_int,vol,M0_ps,M1_ps,M3_ps,Tau_ps,M0_eff_ps,M1_eff_ps,M3_eff_ps
0,0,0,63.052924931765,-1.0,-7.412517600846399e-17,0.0,0.0,5766,0.0,0.0,0.0,0.0,0.0,0.0,0.92905826842062,0.9289581166340698,57.43867389991401,2766,1.1485780521866582,0.9289581166340698,57.43867389991401,2766
1,17984064,3890958,63.052924931765,-0.39296228633242,-0.0008952203426245,1.4853659222744e-05,1.4679134839082e-05,9209,-1.5781433693092e-05,-1.1876093671976e-05,1.6054878907863e-05,1.2081870982703e-05,4.81854572212e-08,3.6261281117726e-08,0.92905826842062,0.9289581166340698,57.43867389991401,2766,1.1485780521866582,0.9289581166340698,57.43867389991401,2766
