time,NumDofs,NumElems,area,gradPx_avg,gradPy_avg,integral_in,integral_out,mem,product_avg,product_int,velx_avg,velx_int,vely_avg,vely_int,vol,M0_ps,M1_ps,M3_ps,Tau_ps,M0_eff_ps,M1_eff_ps,M3_eff_ps
0,0,0,6.1990069357628,-1.0,-3.9861426473775e-17,0.0,0.0,3621,0.0,0.0,0.0,0.0,0.0,0.0,0.98995625723958,0.9899317673422998,6.146424334770995,256,1.0158130170279198,0.9899317673422998,6.146424334770995,256
1,10774719,2384600,6.1990069357628,-0.49899373696775,-0.12942655020367,0.0004448044957273,0.0004448093591287,6517,-0.0004626493243102,-0.0003711885253627,0.0004752369199562,0.0003812876886386,2.2397193374024e-05,1.7969508964836e-05,0.98995625723958,0.9899317673422998,6.146424334770995,256,1.0158130170279198,0.9899317673422998,6.146424334770995,256
