time,NumDofs,NumElems,area,gradPx_avg,gradPy_avg,integral_in,integral_out,mem,product_avg,product_int,velx_avg,velx_int,vely_avg,vely_int,vol,M0_ps,M1_ps,M3_ps,Tau_ps,M0_eff_ps,M1_eff_ps,M3_eff_ps
0,0,0,95.148288476405,-1.0,7.762231833918001e-17,0.0,0.0,6719,0.0,0.0,0.0,0.0,0.0,0.0,0.83179999999988,0.8317075031827181,87.40862653206577,3364,1.2735924592203853,0.8317075031827181,87.40862653206577,3364
1,21469299,4610392,95.148288476405,-0.33056370130159,0.0001189506576393,5.3144768778984e-06,5.3137466143711e-06,10973,-6.2909701548016e-06,-4.2451006032967e-06,6.4765073944112e-06,4.3702997742385e-06,-4.6258685183241e-10,-3.1215022094677004e-10,0.83179999999988,0.8317075031827181,87.40862653206577,3364,1.2735924592203853,0.8317075031827181,87.40862653206577,3364
