time,NumDofs,NumElems,area,gradPx_avg,gradPy_avg,integral_in,integral_out,mem,product_avg,product_int,velx_avg,velx_int,vely_avg,vely_int,vol,M0_ps,M1_ps,M3_ps,Tau_ps,M0_eff_ps,M1_eff_ps,M3_eff_ps
0,0,0,75.937834963098,-1.0,9.258924633608101e-18,0.0,0.0,4848,0.0,0.0,0.0,0.0,0.0,0.0,0.87696415120067,0.8767173625808732,75.24195161740383,3136,1.203288272754252,0.8767173625808732,75.24195161740383,3136
1,15141420,3259938,75.937834963098,-0.48821699647029,-0.12625627151968,9.5028256053017e-06,9.5024904106219e-06,8640,-1.0826055111133e-05,-7.7075652666918e-06,1.0988454824625e-05,7.8231850726304e-06,1.0781825613561e-06,7.6760762583919e-07,0.87696415120067,0.8767173625808732,75.24195161740383,3136,1.203288272754252,0.8767173625808732,75.24195161740383,3136
