time,NumDofs,NumElems,area,gradPx_avg,gradPy_avg,integral_in,integral_out,mem,product_avg,product_int,velx_avg,velx_int,vely_avg,vely_int,vol,M0_ps,M1_ps,M3_ps,Tau_ps,M0_eff_ps,M1_eff_ps,M3_eff_ps
0,0,0,119.722790876,-1.0,8.8501813612888e-17,0.0,0.0,7650,0.0,0.0,0.0,0.0,0.0,0.0,0.89853404741244,0.8983538218722014,105.29558856381826,8489,1.295876779644138,0.8983538218722014,105.29558856381826,8489
1,24800928,5311704,119.722790876,-0.37656915248205,-0.17280083081851,4.4434379543339e-06,4.4460293389576e-06,12766,-4.8310551026865e-06,-3.5190711345519e-06,5.0034295959411e-06,3.6446333752326e-06,8.6386626339895e-07,6.2926353912832e-07,0.89853404741244,0.8983538218722014,105.29558856381826,8489,1.295876779644138,0.8983538218722014,105.29558856381826,8489
