time,NumDofs,NumElems,area,gradPx_avg,gradPy_avg,integral_in,integral_out,mem,product_avg,product_int,velx_avg,velx_int,vely_avg,vely_int,vol,M0_ps,M1_ps,M3_ps,Tau_ps,M0_eff_ps,M1_eff_ps,M3_eff_ps
0,0,0,113.1335341155,-1.0,-4.1657064724819e-17,0.0,0.0,4950,0.0,0.0,0.0,0.0,0.0,0.0,0.75900187659166,0.7585019738876551,112.58352228219331,4096,1.4721411833972784,0.7585019738876551,112.58352228219331,4096
1,15359115,3269808,113.1335341155,-0.60615342359219,-0.0005127796623845,4.8119144486365e-06,4.8095171019172e-06,8306,-6.3052674293368e-06,-3.8593658633137e-06,6.3355452730402e-06,3.8778985072837e-06,-2.2737063689911e-11,-1.3917038162180002e-11,0.75900187659166,0.7585019738876551,112.58352228219331,4096,1.4721411833972784,0.7585019738876551,112.58352228219331,4096
