time,NumDofs,NumElems,area,gradPx_avg,gradPy_avg,integral_in,integral_out,mem,product_avg,product_int,velx_avg,velx_int,vely_avg,vely_int,vol,M0_ps,M1_ps,M3_ps,Tau_ps,M0_eff_ps,M1_eff_ps,M3_eff_ps
0,0,0,95.14828847641,-1.0,8.106471660801001e-17,0.0,0.0,6687,0.0,0.0,0.0,0.0,0.0,0.0,0.83179999999985,0.8312255774073196,86.44295023489443,3364,1.2180252399196811,0.8312255774073196,86.44295023489443,3364
1,21355458,4585094,95.14828847641,-0.47681773338256,7.4052922098631e-05,6.6235521997289e-06,6.6233873069271e-06,11110,-7.9414972195207e-06,-5.358674343532e-06,8.0670695833678e-06,5.4434066535491e-06,-4.9218256382219004e-11,-3.3210942523593e-11,0.83179999999985,0.8312255774073196,86.44295023489443,3364,1.2180252399196811,0.8312255774073196,86.44295023489443,3364
