time,NumDofs,NumElems,area,gradPx_avg,gradPy_avg,integral_in,integral_out,mem,product_avg,product_int,velx_avg,velx_int,vely_avg,vely_int,vol,M0_ps,M1_ps,M3_ps,Tau_ps,M0_eff_ps,M1_eff_ps,M3_eff_ps
0,0,0,55.791062421865,-1.0,-2.6367254776812e-17,0.0,0.0,4483,0.0,0.0,0.0,0.0,0.0,0.0,0.90960631516728,0.9094240585379175,55.296133635050936,2304,1.0621201835365566,0.9094240585379175,55.296133635050936,2304
1,13836492,2997410,55.791062421865,-0.32250067715506,0.0002244518787786,1.1614614219807e-05,1.1610080282049e-05,7384,-1.2783204940535e-05,-9.3966164498395e-06,1.2870812868894e-05,9.4610148620201e-06,-1.8278931046619e-09,-1.3436388210714e-09,0.90960631516728,0.9094240585379175,55.296133635050936,2304,1.0621201835365566,0.9094240585379175,55.296133635050936,2304
