time,NumDofs,NumElems,area,gradPx_avg,gradPy_avg,integral_in,integral_out,mem,product_avg,product_int,velx_avg,velx_int,vely_avg,vely_int,vol,M0_ps,M1_ps,M3_ps,Tau_ps,M0_eff_ps,M1_eff_ps,M3_eff_ps
0,0,0,168.04307166958,-1.0,-7.6661240920033e-17,0.0,0.0,5898,0.0,0.0,0.0,0.0,0.0,0.0,0.64203306083571,0.6413227256115437,167.2030646689182,6084,1.2938177575650083,0.6413227256115437,167.2030646689182,6084
1,17782425,3739404,168.04307166958,-0.33295849835596,0.0001458164638252,4.8732190325036e-07,4.8526758306188e-07,9658,-7.048263195949e-07,-3.6767883228471e-07,7.3844768244558e-07,3.8521771113909e-07,-1.8089416330498e-10,-9.4365027074074e-11,0.64203306083571,0.6413227256115437,167.2030646689182,6084,1.2938177575650083,0.6413227256115437,167.2030646689182,6084
