time,NumDofs,NumElems,area,gradPx_avg,gradPy_avg,integral_in,integral_out,mem,product_avg,product_int,velx_avg,velx_int,vely_avg,vely_int,vol,M0_ps,M1_ps,M3_ps,Tau_ps,M0_eff_ps,M1_eff_ps,M3_eff_ps
0,0,0,65.763854193342,-1.0,-7.4387494980197e-17,0.0,0.0,5975,0.0,0.0,0.0,0.0,0.0,0.0,0.93689130310677,0.9367201336540817,59.13281363852915,4054,1.1577343985366126,0.9367201336540817,59.13281363852915,4054
1,18750198,4055414,65.763854193342,-0.38810625224811,-0.14448435210875,1.3866989815607e-05,1.3871670696711e-05,9938,-1.4701657934006e-05,-1.1171601917834e-05,1.5089780581123e-05,1.1466531355613e-05,1.8227622259659e-06,1.3850937132916e-06,0.93689130310677,0.9367201336540817,59.13281363852915,4054,1.1577343985366126,0.9367201336540817,59.13281363852915,4054
