time,NumDofs,NumElems,area,gradPx_avg,gradPy_avg,integral_in,integral_out,mem,product_avg,product_int,velx_avg,velx_int,vely_avg,vely_int,vol,M0_ps,M1_ps,M3_ps,Tau_ps,M0_eff_ps,M1_eff_ps,M3_eff_ps
0,0,0,129.04104672141,-1.0,-8.8739654000314e-17,0.0,0.0,5976,0.0,0.0,0.0,0.0,0.0,0.0,0.79092537045546,0.7905389938193019,127.96638521421622,5329,1.3666235000274276,0.7905389938193019,127.96638521421622,5329
1,18324702,3894965,129.04104672141,-0.44039030845871,-0.0042079571723852,2.6930699955936e-06,2.6360222651056e-06,9861,-3.3104130656593e-06,-2.1266625778313e-06,3.3950645174784e-06,2.1810440314965e-06,1.2122708227165e-08,7.7878226726802e-09,0.79092537045546,0.7905389938193019,127.96638521421622,5329,1.3666235000274276,0.7905389938193019,127.96638521421622,5329
