time,NumDofs,NumElems,area,gradPx_avg,gradPy_avg,integral_in,integral_out,mem,product_avg,product_int,velx_avg,velx_int,vely_avg,vely_int,vol,M0_ps,M1_ps,M3_ps,Tau_ps,M0_eff_ps,M1_eff_ps,M3_eff_ps
0,0,0,90.498262371813,-1.0,1.5911424182593e-17,0.0,0.0,6769,0.0,0.0,0.0,0.0,0.0,0.0,0.91315552472647,0.9129280605298774,81.01151482264794,3721,1.0882665487895344,0.9129280605298774,81.01151482264794,3721
1,21676314,4664304,90.498262371813,-0.24383485270899,0.0002118701553352,4.1698243196734e-06,4.1692571380119e-06,11247,-4.4042951922383e-06,-3.2564964035843e-06,4.5801729244737e-06,3.3865388229717e-06,-1.3826462697376e-09,-1.0223162636248e-09,0.91315552472647,0.9129280605298774,81.01151482264794,3721,1.0882665487895344,0.9129280605298774,81.01151482264794,3721
