time,NumDofs,NumElems,area,gradPx_avg,gradPy_avg,integral_in,integral_out,mem,product_avg,product_int,velx_avg,velx_int,vely_avg,vely_int,vol,M0_ps,M1_ps,M3_ps,Tau_ps,M0_eff_ps,M1_eff_ps,M3_eff_ps
0,0,0,70.919896016187,-1.0,4.6822787030805e-17,0.0,0.0,6137,0.0,0.0,0.0,0.0,0.0,0.0,0.93194343190059,0.9317593102035735,63.77529036466492,4372,1.1711895705579833,0.9317593102035735,63.77529036466492,4372
1,19363014,4182974,70.919896016187,-0.38829079559251,-0.14461486561775,1.2131821035308e-05,1.2135775830288e-05,10193,-1.2893171115701e-05,-9.7491111016178e-06,1.3255429839164e-05,1.0023031342874e-05,1.6415549170477e-06,1.2412540811016e-06,0.93194343190059,0.9317593102035735,63.77529036466492,4372,1.1711895705579833,0.9317593102035735,63.77529036466492,4372
