time,NumDofs,NumElems,area,gradPx_avg,gradPy_avg,integral_in,integral_out,mem,product_avg,product_int,velx_avg,velx_int,vely_avg,vely_int,vol,M0_ps,M1_ps,M3_ps,Tau_ps,M0_eff_ps,M1_eff_ps,M3_eff_ps
0,0,0,151.24981269933,-1.0,3.344405480737e-17,0.0,0.0,5646,0.0,0.0,0.0,0.0,0.0,0.0,0.67780621977938,0.6771880434215124,150.49037126305063,5476,1.7228993806962793,0.6771880434215124,150.49037126305063,5476
1,16871808,3558122,151.24981269933,-0.61234958419388,-0.0006528385435421,2.3523429067231e-06,2.3519983085262e-06,9969,-3.4246567441605e-06,-1.8911359684324e-06,3.475619298756e-06,1.9192780939763e-06,1.3757053313155e-10,7.5968075879464e-11,0.67780621977938,0.6771880434215124,150.49037126305063,5476,1.7228993806962793,0.6771880434215124,150.49037126305063,5476
