time,NumDofs,NumElems,area,gradPx_avg,gradPy_avg,integral_in,integral_out,mem,product_avg,product_int,velx_avg,velx_int,vely_avg,vely_int,vol,M0_ps,M1_ps,M3_ps,Tau_ps,M0_eff_ps,M1_eff_ps,M3_eff_ps
0,0,0,76.480669453094,-1.0,-5.3726911244933e-18,0.0,0.0,6161,0.0,0.0,0.0,0.0,0.0,0.0,0.86479999999985,0.8647796595194397,70.24506581746847,2704,1.213898529219444,0.8647796595194397,70.24506581746847,2704
1,19344849,4169532,76.480669453094,-0.34285380972877,0.0004568748421116,8.8811419027181e-06,8.8810748024848e-06,10255,-1.0126156090983e-05,-7.1145502654341e-06,1.0415189026896e-05,7.3176223228309e-06,3.0335139517304003e-10,2.1313208384867003e-10,0.86479999999985,0.8647796595194397,70.24506581746847,2704,1.213898529219444,0.8647796595194397,70.24506581746847,2704
