time,NumDofs,NumElems,area,gradPx_avg,gradPy_avg,integral_in,integral_out,mem,product_avg,product_int,velx_avg,velx_int,vely_avg,vely_int,vol,M0_ps,M1_ps,M3_ps,Tau_ps,M0_eff_ps,M1_eff_ps,M3_eff_ps
0,0,0,36.992167983764,-1.0,2.9509301115863996e-17,0.0,0.0,4741,0.0,0.0,0.0,0.0,0.0,0.0,0.96450135799705,0.9643716290296023,33.13414938523516,1521,1.1241282900472767,0.9643716290296023,33.13414938523516,1521
1,14923845,3253222,36.992167983764,-0.60841940123328,-0.0006896321560403,4.8811575869588e-05,4.9094666830276e-05,7975,-5.1234791622735e-05,-4.0035193385999e-05,5.1863684516209e-05,4.0526614309396e-05,8.882504992538301e-10,6.9408461294603e-10,0.96450135799705,0.9643716290296023,33.13414938523516,1521,1.1241282900472767,0.9643716290296023,33.13414938523516,1521
