time,NumDofs,NumElems,area,gradPx_avg,gradPy_avg,integral_in,integral_out,mem,product_avg,product_int,velx_avg,velx_int,vely_avg,vely_int,vol,M0_ps,M1_ps,M3_ps,Tau_ps,M0_eff_ps,M1_eff_ps,M3_eff_ps
0,0,0,29.532754865327,-1.0,9.2802426566871e-18,0.0,0.0,4500,0.0,0.0,0.0,0.0,0.0,0.0,0.96512275684763,0.9650915056566038,27.05947905082764,1255,1.0682604758072052,0.9650915056566038,27.05947905082764,1255
1,14056491,3073008,29.532754865327,-0.40724631694252,0.0046974681400409,5.3195017058908e-05,5.3023761249643e-05,7807,-5.5410746153701e-05,-4.3378259903689e-05,5.6593155909109e-05,4.4303908469049e-05,-2.4091722097609e-07,-1.8860186068939e-07,0.96512275684763,0.9650915056566038,27.05947905082764,1255,1.0682604758072052,0.9650915056566038,27.05947905082764,1255
