time,NumDofs,NumElems,area,gradPx_avg,gradPy_avg,integral_in,integral_out,mem,product_avg,product_int,velx_avg,velx_int,vely_avg,vely_int,vol,M0_ps,M1_ps,M3_ps,Tau_ps,M0_eff_ps,M1_eff_ps,M3_eff_ps
0,0,0,127.75103569043,-1.0,-2.4129047250239e-17,0.0,0.0,7820,0.0,0.0,0.0,0.0,0.0,0.0,0.80955999999991,0.8095108051774893,115.6008150397309,4761,1.5670464573229597,0.8095108051774893,115.6008150397309,4761
1,25493229,5451170,127.75103569043,-0.67796891812383,-0.0002790402120888,6.3712745032372e-06,6.3720907752851e-06,13234,-7.7986192960861e-06,-5.1048239995383e-06,7.8593812629747e-06,5.1445975972811e-06,2.0046385671255003e-10,1.3121972851012002e-10,0.80955999999991,0.8095108051774893,115.6008150397309,4761,1.5670464573229597,0.8095108051774893,115.6008150397309,4761
