time,NumDofs,NumElems,area,gradPx_avg,gradPy_avg,integral_in,integral_out,mem,product_avg,product_int,velx_avg,velx_int,vely_avg,vely_int,vol,M0_ps,M1_ps,M3_ps,Tau_ps,M0_eff_ps,M1_eff_ps,M3_eff_ps
0,0,0,2.9428351913445,-1.0,2.5791864326615e-17,0.0,0.0,3638,0.0,0.0,0.0,0.0,0.0,0.0,0.99717597916928,0.997182742237983,2.622636962128162,144,1.006300668316648,0.997182742237983,2.622636962128162,144
1,10855101,2405990,2.9428351913445,-0.4443826738269,-0.014044797456582,0.0011703769401141,0.0011703688604211,6672,-0.0012237267320429,-0.0009889200486309,0.001261712038526,0.0010196167966475,5.827746342018e-06,4.7095279077025e-06,0.99717597916928,0.997182742237983,2.622636962128162,144,1.006300668316648,0.997182742237983,2.622636962128162,144
