time,NumDofs,NumElems,area,gradPx_avg,gradPy_avg,integral_in,integral_out,mem,product_avg,product_int,velx_avg,velx_int,vely_avg,vely_int,vol,M0_ps,M1_ps,M3_ps,Tau_ps,M0_eff_ps,M1_eff_ps,M3_eff_ps
0,0,0,45.97963164764,-1.0,-3.8504284742002e-17,0.0,0.0,5263,0.0,0.0,0.0,0.0,0.0,0.0,0.96103192140247,0.9609941325536845,40.21064446219867,1936,1.0354437122106148,0.9609941325536845,40.21064446219867,1936
1,16093212,3498786,45.97963164764,-0.22549104493821,0.0005979327319233,1.7418025075201e-05,1.741945962923e-05,8572,-1.7884188673068e-05,-1.3910148683684e-05,1.8216049028336e-05,1.4168266452871e-05,-9.7352966038634e-10,-7.5720193806408e-10,0.96103192140247,0.9609941325536845,40.21064446219867,1936,1.0354437122106148,0.9609941325536845,40.21064446219867,1936
