time,NumDofs,NumElems,area,gradPx_avg,gradPy_avg,integral_in,integral_out,mem,product_avg,product_int,velx_avg,velx_int,vely_avg,vely_int,vol,M0_ps,M1_ps,M3_ps,Tau_ps,M0_eff_ps,M1_eff_ps,M3_eff_ps
0,0,0,45.065553272003,-1.0,-8.8527815517119e-17,0.0,0.0,5218,0.0,0.0,0.0,0.0,0.0,0.0,0.94677901650463,0.9466237083385207,41.297605346788146,1918,1.105683698528008,0.9466237083385207,41.297605346788146,1918
1,15905520,3457962,45.065553272003,-0.39658814439034,-0.0022351936418469,2.6568725296378e-05,2.6823638719594e-05,8577,-2.8206057002823e-05,-2.1618225014789e-05,2.8558333423515e-05,2.1888223438502e-05,7.8510680932211e-08,6.0173655831688e-08,0.94677901650463,0.9466237083385207,41.297605346788146,1918,1.105683698528008,0.9466237083385207,41.297605346788146,1918
