time,NumDofs,NumElems,area,gradPx_avg,gradPy_avg,integral_in,integral_out,mem,product_avg,product_int,velx_avg,velx_int,vely_avg,vely_int,vol,M0_ps,M1_ps,M3_ps,Tau_ps,M0_eff_ps,M1_eff_ps,M3_eff_ps
0,0,0,33.295383280586,-1.0,-8.6473170063527e-18,0.0,0.0,4592,0.0,0.0,0.0,0.0,0.0,0.0,0.96804888829616,0.9679920964172835,29.78885828027498,1369,1.1107256298731372,0.9679920964172835,29.78885828027498,1369
1,14375901,3137638,33.295383280586,-0.60710907313932,2.5413331537462e-05,5.6628845363294e-05,5.6862198324741e-05,7873,-5.9106853254068e-05,-4.6374588981248e-05,6.0044859255675e-05,4.7110538205266e-05,-2.4024936925788e-09,-1.8849702088601e-09,0.96804888829616,0.9679920964172835,29.78885828027498,1369,1.1107256298731372,0.9679920964172835,29.78885828027498,1369
