time,NumDofs,NumElems,area,gradPx_avg,gradPy_avg,integral_in,integral_out,mem,product_avg,product_int,velx_avg,velx_int,vely_avg,vely_int,vol,M0_ps,M1_ps,M3_ps,Tau_ps,M0_eff_ps,M1_eff_ps,M3_eff_ps
0,0,0,96.529858466477,-1.0,-1.2833919837874002e-16,0.0,0.0,6965,0.0,0.0,0.0,0.0,0.0,0.0,0.90736744897583,0.9071369191288389,86.79370096402604,5950,1.2387974800963064,0.9071369191288389,86.79370096402604,5950
1,22237947,4779026,96.529858466477,-0.37729113021768,-0.15381135318119,6.6787281807382e-06,6.6818145642965e-06,11762,-7.2181383636222e-06,-5.3004776650516e-06,7.4053519834993e-06,5.4379537788032e-06,1.0132662385136e-06,7.4406928704215e-07,0.90736744897583,0.9071369191288389,86.79370096402604,5950,1.2387974800963064,0.9071369191288389,86.79370096402604,5950
