time,NumDofs,NumElems,area,gradPx_avg,gradPy_avg,integral_in,integral_out,mem,product_avg,product_int,velx_avg,velx_int,vely_avg,vely_int,vol,M0_ps,M1_ps,M3_ps,Tau_ps,M0_eff_ps,M1_eff_ps,M3_eff_ps
0,0,0,90.498262371807,-1.0,3.3831001338384997e-17,0.0,0.0,6722,0.0,0.0,0.0,0.0,0.0,0.0,0.91315552472644,0.9130123975405722,80.82092940558464,4527,1.2112941147265173,0.9130123975405722,80.82092940558464,4527
1,21565596,4639700,90.498262371807,-0.37432054180683,0.0002327444943085,7.4818410131482e-06,7.2223278620641e-06,11304,-7.8868979565916e-06,-5.8315046925572e-06,8.095705201425e-06,5.985894978166e-06,8.0377714243921e-09,5.9430592404039e-09,0.91315552472644,0.9130123975405722,80.82092940558464,4527,1.2112941147265173,0.9130123975405722,80.82092940558464,4527
