time,NumDofs,NumElems,area,gradPx_avg,gradPy_avg,integral_in,integral_out,mem,product_avg,product_int,velx_avg,velx_int,vely_avg,vely_int,vol,M0_ps,M1_ps,M3_ps,Tau_ps,M0_eff_ps,M1_eff_ps,M3_eff_ps
0,0,0,87.555427180464,-1.0,-4.2504924299177e-17,0.0,0.0,6629,0.0,0.0,0.0,0.0,0.0,0.0,0.91597954555633,0.9158668037477761,78.38596069581853,3600,1.0855088177415424,0.9158668037477761,78.38596069581853,3600
1,21217590,4567286,87.555427180464,-0.24641867313464,0.0002786396052403,4.5365384892508e-06,4.5369953617594e-06,11084,-4.7791225263196e-06,-3.5458200093694e-06,4.9672153622904e-06,3.6853735231643e-06,-1.340680606134e-09,-9.947039635881e-10,0.91597954555633,0.9158668037477761,78.38596069581853,3600,1.0855088177415424,0.9158668037477761,78.38596069581853,3600
