time,NumDofs,NumElems,area,gradPx_avg,gradPy_avg,integral_in,integral_out,mem,product_avg,product_int,velx_avg,velx_int,vely_avg,vely_int,vol,M0_ps,M1_ps,M3_ps,Tau_ps,M0_eff_ps,M1_eff_ps,M3_eff_ps
0,0,0,74.479403330094,-1.0,-2.2931743045625e-17,0.0,0.0,6197,0.0,0.0,0.0,0.0,0.0,0.0,0.93687815367675,0.9366468407757399,65.2279603068523,3136,1.277039980577288,0.9366468407757399,65.2279603068523,3136
1,19589730,4228590,74.479403330094,-0.65910756136945,-0.000730961884581,1.858864402985e-05,1.8712083251815e-05,10419,-1.9908381519811e-05,-1.5124064390641e-05,2.0164458403609e-05,1.5318601715318e-05,-5.9890992123455e-10,-4.5498184791824e-10,0.93687815367675,0.9366468407757399,65.2279603068523,3136,1.277039980577288,0.9366468407757399,65.2279603068523,3136
