time,NumDofs,NumElems,area,gradPx_avg,gradPy_avg,integral_in,integral_out,mem,product_avg,product_int,velx_avg,velx_int,vely_avg,vely_int,vol,M0_ps,M1_ps,M3_ps,Tau_ps,M0_eff_ps,M1_eff_ps,M3_eff_ps
0,0,0,160.25603313744,-1.0,-1.1026859650917e-16,0.0,0.0,5943,0.0,0.0,0.0,0.0,0.0,0.0,0.68498380538872,0.6843325930417951,159.30718088810187,6084,1.4729323598578863,0.6843325930417951,159.30718088810187,6084
1,17966844,3784442,160.25603313744,-0.48912484755757,-0.10511646814044,1.410905635997e-06,1.4108652216526e-06,9763,-1.9951342440552e-06,-1.1099383523422e-06,2.0346365184521e-06,1.1319143619708e-06,1.7967479157064e-07,9.9957154616321e-08,0.68498380538872,0.6843325930417951,159.30718088810187,6084,1.4729323598578863,0.6843325930417951,159.30718088810187,6084
