time,NumDofs,NumElems,area,gradPx_avg,gradPy_avg,integral_in,integral_out,mem,product_avg,product_int,velx_avg,velx_int,vely_avg,vely_int,vol,M0_ps,M1_ps,M3_ps,Tau_ps,M0_eff_ps,M1_eff_ps,M3_eff_ps
0,0,0,98.457548212354,-1.0,9.243342168604901e-18,0.0,0.0,6819,0.0,0.0,0.0,0.0,0.0,0.0,0.82594999999989,0.8258440729153698,90.45064299348489,3481,1.2845890981876151,0.8258440729153698,90.45064299348489,3481
1,21858207,4691278,98.457548212354,-0.32690949508773,-0.0002561862408811,4.8788272864849e-06,4.8792442648956e-06,11305,-5.7796541073923e-06,-3.8696927439406e-06,5.9503349110606e-06,3.9839698711202e-06,-7.168165686544e-10,-4.799352734466401e-10,0.82594999999989,0.8258440729153698,90.45064299348489,3481,1.2845890981876151,0.8258440729153698,90.45064299348489,3481
