time,NumDofs,NumElems,area,gradPx_avg,gradPy_avg,integral_in,integral_out,mem,product_avg,product_int,velx_avg,velx_int,vely_avg,vely_int,vol,M0_ps,M1_ps,M3_ps,Tau_ps,M0_eff_ps,M1_eff_ps,M3_eff_ps
0,0,0,98.013264185478,-1.0,2.6383651992638e-19,0.0,0.0,4942,0.0,0.0,0.0,0.0,0.0,0.0,0.80733476986397,0.8069646306641339,97.43227683863905,3721,1.4254295194090094,0.8069646306641339,97.43227683863905,3721
1,15406704,3295864,98.013264185478,-0.64039384479925,-9.0535698357658e-05,7.4975942191183e-06,7.497721698626e-06,8235,-9.2745083501932e-06,-6.0596349998461e-06,9.3261379199962e-06,6.0933679306272e-06,-7.8281642570616e-10,-5.1146450383698e-10,0.80733476986397,0.8069646306641339,97.43227683863905,3721,1.4254295194090094,0.8069646306641339,97.43227683863905,3721
