time,NumDofs,NumElems,area,gradPx_avg,gradPy_avg,integral_in,integral_out,mem,product_avg,product_int,velx_avg,velx_int,vely_avg,vely_int,vol,M0_ps,M1_ps,M3_ps,Tau_ps,M0_eff_ps,M1_eff_ps,M3_eff_ps
0,0,0,94.826055110917,-1.0,9.9185322019793e-17,0.0,0.0,4905,0.0,0.0,0.0,0.0,0.0,0.0,0.81359988484554,0.8132276577202501,94.26943656014886,3600,1.407642379438582,0.8132276577202501,94.26943656014886,3600
1,15263964,3268258,94.826055110917,-0.63862609817874,-0.0001431190510784,8.001672808778e-06,8.002055540166e-06,8112,-9.8109978621341e-06,-6.4655955081476e-06,9.875261298461e-06,6.5079460815644e-06,-8.731342598854201e-10,-5.7540864120594e-10,0.81359988484554,0.8132276577202501,94.26943656014886,3600,1.407642379438582,0.8132276577202501,94.26943656014886,3600
