time,NumDofs,NumElems,area,gradPx_avg,gradPy_avg,integral_in,integral_out,mem,product_avg,product_int,velx_avg,velx_int,vely_avg,vely_int,vol,M0_ps,M1_ps,M3_ps,Tau_ps,M0_eff_ps,M1_eff_ps,M3_eff_ps
0,0,0,65.851427160349,-1.0,-3.8611755557999e-18,0.0,0.0,4482,0.0,0.0,0.0,0.0,0.0,0.0,0.87055547558703,0.8702846574913353,65.47311095572569,2500,1.1090034304000294,0.8702846574913353,65.47311095572569,2500
1,13769973,2973660,65.851427160349,-0.38385592671677,0.0005519600117999,9.0481356136742e-06,9.0507118532267e-06,7523,-1.0375219790177e-05,-7.3160724172435e-06,1.0499627652177e-05,7.4037984554455e-06,-6.5565715437091e-10,-4.6233576919527006e-10,0.87055547558703,0.8702846574913353,65.47311095572569,2500,1.1090034304000294,0.8702846574913353,65.47311095572569,2500
