time,NumDofs,NumElems,area,gradPx_avg,gradPy_avg,integral_in,integral_out,mem,product_avg,product_int,velx_avg,velx_int,vely_avg,vely_int,vol,M0_ps,M1_ps,M3_ps,Tau_ps,M0_eff_ps,M1_eff_ps,M3_eff_ps
0,0,0,32.686636284625,-1.0,-6.6285701876393e-18,0.0,0.0,4544,0.0,0.0,0.0,0.0,0.0,0.0,0.96322380634913,0.9632029590242609,29.99760830266796,1656,1.0770628510185756,0.9632029590242609,29.99760830266796,1656
1,14238711,3108824,32.686636284625,-0.39989953370895,-0.095402854052356,4.4991987771753e-05,4.4994011622031e-05,7579,-4.6881166438963e-05,-3.6612759214169e-05,4.7918240882476e-05,3.7422682681772e-05,3.1101047785806e-06,2.4288968478901e-06,0.96322380634913,0.9632029590242609,29.99760830266796,1656,1.0770628510185756,0.9632029590242609,29.99760830266796,1656
