time,NumDofs,NumElems,area,gradPx_avg,gradPy_avg,integral_in,integral_out,mem,product_avg,product_int,velx_avg,velx_int,vely_avg,vely_int,vol,M0_ps,M1_ps,M3_ps,Tau_ps,M0_eff_ps,M1_eff_ps,M3_eff_ps
0,0,0,57.275649276097,-1.0,2.6906125332888e-17,0.0,0.0,5562,0.0,0.0,0.0,0.0,0.0,0.0,0.89875000000026,0.8984702872679227,52.017713371515406,2025,1.1307702344523283,0.8984702872679227,52.017713371515406,2025
1,17086230,3699756,57.275649276097,-0.45280877045889,0.0002181446290069,1.7958354728348e-05,1.795749281232e-05,9423,-2.000112553748e-05,-1.4519895711927e-05,2.0087471557542e-05,1.4582578944633e-05,-6.095225806614899e-12,-4.424853135732599e-12,0.89875000000026,0.8984702872679227,52.017713371515406,2025,1.1307702344523283,0.8984702872679227,52.017713371515406,2025
