time,NumDofs,NumElems,area,gradPx_avg,gradPy_avg,integral_in,integral_out,mem,product_avg,product_int,velx_avg,velx_int,vely_avg,vely_int,vol,M0_ps,M1_ps,M3_ps,Tau_ps,M0_eff_ps,M1_eff_ps,M3_eff_ps
0,0,0,36.656415536721,-1.0,1.6639000460827e-17,0.0,0.0,4708,0.0,0.0,0.0,0.0,0.0,0.0,0.93520000000016,0.9352251597383143,33.23672833350927,1296,1.0830676586124577,0.9352251597383143,33.23672833350927,1296
1,14768802,3219278,36.656415536721,-0.44006750609633,0.0002875307864464,3.8632706118422e-05,3.8630272098358e-05,8079,-4.1644305075085e-05,-3.1600502833595e-05,4.23199194677e-05,3.211317208068e-05,-1.5274411798754002e-10,-1.1590518618518001e-10,0.93520000000016,0.9352251597383143,33.23672833350927,1296,1.0830676586124577,0.9352251597383143,33.23672833350927,1296
