time,NumDofs,NumElems,area,gradPx_avg,gradPy_avg,integral_in,integral_out,mem,product_avg,product_int,velx_avg,velx_int,vely_avg,vely_int,vol,M0_ps,M1_ps,M3_ps,Tau_ps,M0_eff_ps,M1_eff_ps,M3_eff_ps
0,0,0,67.082039324951,-1.0,8.4571658440088e-18,0.0,0.0,5925,0.0,0.0,0.0,0.0,0.0,0.0,0.90000000000002,0.8999572290874334,63.90369012579161,2500,1.1793657554943513,0.8999572290874334,63.90369012579161,2500
1,18468624,3991138,67.082039324951,-0.40177181323065,-0.0007349352220466,1.2642125494986e-05,1.2793968641486e-05,9739,-1.4131653632935e-05,-1.0301986498581e-05,1.4310783706956e-05,1.0432572461978e-05,2.7694805663607e-08,2.0189534886587e-08,0.90000000000002,0.8999572290874334,63.90369012579161,2500,1.1793657554943513,0.8999572290874334,63.90369012579161,2500
