time,NumDofs,NumElems,area,gradPx_avg,gradPy_avg,integral_in,integral_out,mem,product_avg,product_int,velx_avg,velx_int,vely_avg,vely_int,vol,M0_ps,M1_ps,M3_ps,Tau_ps,M0_eff_ps,M1_eff_ps,M3_eff_ps
0,0,0,119.17266477343,-1.0,-3.7979242150167e-17,0.0,0.0,7674,0.0,0.0,0.0,0.0,0.0,0.0,0.88563882589622,0.8853247577318967,107.1642589567795,7346,1.3014923987229208,0.8853247577318967,107.1642589567795,7346
1,24886758,5329790,119.17266477343,-0.37441965146004,-0.15565074897863,4.342417430254e-06,4.3453217575064e-06,12949,-4.7776872569424e-06,-3.4274171506542e-06,4.9352904250262e-06,3.5404785069626e-06,7.2541587364428e-07,5.2039881912998e-07,0.88563882589622,0.8853247577318967,107.1642589567795,7346,1.3014923987229208,0.8853247577318967,107.1642589567795,7346
