time,NumDofs,NumElems,area,gradPx_avg,gradPy_avg,integral_in,integral_out,mem,product_avg,product_int,velx_avg,velx_int,vely_avg,vely_int,vol,M0_ps,M1_ps,M3_ps,Tau_ps,M0_eff_ps,M1_eff_ps,M3_eff_ps
0,0,0,103.14534366604,-1.0,-5.337919959446001e-17,0.0,0.0,7044,0.0,0.0,0.0,0.0,0.0,0.0,0.84623999999991,0.8464825442468102,93.30466798426988,3844,1.4267357335929942,0.8464825442468102,93.30466798426988,3844
1,22619055,4853424,103.14534366604,-0.64426019111662,-0.0003996029112305,9.1980279470366e-06,9.1987676144908e-06,11821,-1.0864355292761e-05,-7.4381761536292e-06,1.0941209904394e-05,7.4907939228517e-06,2.5154382393e-11,1.7221705497754e-11,0.84623999999991,0.8464825442468102,93.30466798426988,3844,1.4267357335929942,0.8464825442468102,93.30466798426988,3844
