time,NumDofs,NumElems,area,gradPx_avg,gradPy_avg,integral_in,integral_out,mem,product_avg,product_int,velx_avg,velx_int,vely_avg,vely_int,vol,M0_ps,M1_ps,M3_ps,Tau_ps,M0_eff_ps,M1_eff_ps,M3_eff_ps
0,0,0,168.5796535305,-1.0,1.6411314802033e-16,0.0,0.0,6156,0.0,0.0,0.0,0.0,0.0,0.0,0.66862201750337,0.6679400885940218,167.59632684516166,6400,2.010933651898772,0.6679400885940218,167.59632684516166,6400
1,18739665,3945436,168.5796535305,-0.67131086783195,-0.0001471322870589,2.246107925316e-06,2.2462197913562e-06,10298,-3.2994806914523e-06,-1.7869443672134e-06,3.3311684045437e-06,1.8041059104118e-06,1.9593939405259002e-10,1.0611754674744001e-10,0.66862201750337,0.6679400885940218,167.59632684516166,6400,2.010933651898772,0.6679400885940218,167.59632684516166,6400
