time,NumDofs,NumElems,area,gradPx_avg,gradPy_avg,integral_in,integral_out,mem,product_avg,product_int,velx_avg,velx_int,vely_avg,vely_int,vol,M0_ps,M1_ps,M3_ps,Tau_ps,M0_eff_ps,M1_eff_ps,M3_eff_ps
0,0,0,67.08203932495,-1.0,-7.6914418191618e-18,0.0,0.0,5917,0.0,0.0,0.0,0.0,0.0,0.0,0.89999999999999,0.8996951819470604,60.74318124454185,2500,1.253844721458803,0.8996951819470604,60.74318124454185,2500
1,18429132,3982362,67.08203932495,-0.59410326677339,-0.0004600477221966,1.8651251691068e-05,1.8650361507237e-05,9858,-2.0781619308296e-05,-1.5149436841271e-05,2.096325318428e-05,1.5281844758654e-05,-6.3952798995717e-10,-4.662047142887301e-10,0.89999999999999,0.8996951819470604,60.74318124454185,2500,1.253844721458803,0.8996951819470604,60.74318124454185,2500
