time,NumDofs,NumElems,area,gradPx_avg,gradPy_avg,integral_in,integral_out,mem,product_avg,product_int,velx_avg,velx_int,vely_avg,vely_int,vol,M0_ps,M1_ps,M3_ps,Tau_ps,M0_eff_ps,M1_eff_ps,M3_eff_ps
0,0,0,79.093589034418,-1.0,-2.7472916241856e-17,0.0,0.0,6271,0.0,0.0,0.0,0.0,0.0,0.0,0.91101069190702,0.9108306793948618,71.9930979994518,3482,1.1874056257940202,0.9108306793948618,71.9930979994518,3482
1,19871688,4283930,79.093589034418,-0.38567239407637,-0.0002850017173109,9.4098437692042e-06,9.5862403779185e-06,10339,-1.0293495412662e-05,-7.6076110800564e-06,1.0549108213899e-05,7.7965267691334e-06,2.2904752420849e-08,1.6928209642806e-08,0.91101069190702,0.9108306793948618,71.9930979994518,3482,1.1874056257940202,0.9108306793948618,71.9930979994518,3482
