time,NumDofs,NumElems,area,gradPx_avg,gradPy_avg,integral_in,integral_out,mem,product_avg,product_int,velx_avg,velx_int,vely_avg,vely_int,vol,M0_ps,M1_ps,M3_ps,Tau_ps,M0_eff_ps,M1_eff_ps,M3_eff_ps
0,0,0,159.53596021755,-1.0,-8.4367145135595e-17,0.0,0.0,5781,0.0,0.0,0.0,0.0,0.0,0.0,0.66015499003734,0.6594521708748158,158.75869136439283,5776,1.7910891928408594,0.6594521708748158,158.75869136439283,5776
1,17345946,3653086,159.53596021755,-0.61462826649176,-0.0007393575659688,2.0171596714053e-06,2.01651558212e-06,9486,-3.0079568390958e-06,-1.6167209263362e-06,3.0517470692214e-06,1.6402573615979e-06,8.7659220693571e-11,4.7115202797998e-11,0.66015499003734,0.6594521708748158,158.75869136439283,5776,1.7910891928408594,0.6594521708748158,158.75869136439283,5776
