time,NumDofs,NumElems,area,gradPx_avg,gradPy_avg,integral_in,integral_out,mem,product_avg,product_int,velx_avg,velx_int,vely_avg,vely_int,vol,M0_ps,M1_ps,M3_ps,Tau_ps,M0_eff_ps,M1_eff_ps,M3_eff_ps
0,0,0,75.712000000037,-1.0,-7.203426632836399e-17,0.0,0.0,6078,0.0,0.0,0.0,0.0,0.0,0.0,0.87020800000017,0.8700467066397324,69.5478713815215,2704,1.2116990999733865,0.8700467066397324,69.5478713815215,2704
1,19024560,4101962,75.712000000037,-0.34894661086092,-0.037809942061642,9.1933242038343e-06,9.1935588667682e-06,9976,-1.0432260252407e-05,-7.3739732978531e-06,1.0726115701216e-05,7.5816830539866e-06,3.5062580358932e-07,2.4783750123656e-07,0.87020800000017,0.8700467066397324,69.5478713815215,2704,1.2116990999733865,0.8700467066397324,69.5478713815215,2704
