time,NumDofs,NumElems,area,gradPx_avg,gradPy_avg,integral_in,integral_out,mem,product_avg,product_int,velx_avg,velx_int,vely_avg,vely_int,vol,M0_ps,M1_ps,M3_ps,Tau_ps,M0_eff_ps,M1_eff_ps,M3_eff_ps
0,0,0,124.38584598497,-1.0,3.4949345307232e-17,0.0,0.0,7588,0.0,0.0,0.0,0.0,0.0,0.0,0.79362357202572,0.7938321532845249,112.6529832884616,4489,1.164514987159857,0.7938321532845249,112.6529832884616,4489
1,24570891,5252370,124.38584598497,-0.37933377852836,-2.5088777220808e-05,2.3745586021259e-06,2.3744527718545e-06,12705,-2.9284165448252e-06,-1.8776536541514e-06,2.9870813689875e-06,1.9152685971666e-06,1.6850396295996002e-10,1.0804203464492e-10,0.79362357202572,0.7938321532845249,112.6529832884616,4489,1.164514987159857,0.7938321532845249,112.6529832884616,4489
