time,NumDofs,NumElems,area,gradPx_avg,gradPy_avg,integral_in,integral_out,mem,product_avg,product_int,velx_avg,velx_int,vely_avg,vely_int,vol,M0_ps,M1_ps,M3_ps,Tau_ps,M0_eff_ps,M1_eff_ps,M3_eff_ps
0,0,0,59.570735483362,-1.0,5.2688262723174e-17,0.0,0.0,5669,0.0,0.0,0.0,0.0,0.0,0.0,0.93735915815212,0.9373677214147734,54.006534132552304,2401,1.1980857336893795,0.9373677214147734,54.006534132552304,2401
1,17625213,3816939,59.570735483362,-0.56350176798271,0.0004222180335548,2.2694171328958e-05,2.2846922671221e-05,9648,-2.4253845782858e-05,-1.8397320102784e-05,2.4558743474117e-05,1.8628594782886e-05,-2.2042282776041e-09,-1.6719778613976e-09,0.93735915815212,0.9373677214147734,54.006534132552304,2401,1.1980857336893795,0.9373677214147734,54.006534132552304,2401
