time,NumDofs,NumElems,area,gradPx_avg,gradPy_avg,integral_in,integral_out,mem,product_avg,product_int,velx_avg,velx_int,vely_avg,vely_int,vol,M0_ps,M1_ps,M3_ps,Tau_ps,M0_eff_ps,M1_eff_ps,M3_eff_ps
0,0,0,40.064008284356,-1.0,-2.9944957582890004e-17,0.0,0.0,4108,0.0,0.0,0.0,0.0,0.0,0.0,0.9212459513466,0.9210816422424006,39.84485903948952,1521,1.1091901960436423,0.9210816422424006,39.84485903948952,1521
1,12447162,2712988,40.064008284356,-0.49938649691904,0.0021987226871852,2.9937387891909e-05,3.0123349110597e-05,7410,-3.3143560003832e-05,-2.4744043172923e-05,3.3347304409191e-05,2.4896152975305e-05,-4.2785314197968e-08,-3.1942303770603e-08,0.9212459513466,0.9210816422424006,39.84485903948952,1521,1.1091901960436423,0.9210816422424006,39.84485903948952,1521
