time,NumDofs,NumElems,area,gradPx_avg,gradPy_avg,integral_in,integral_out,mem,product_avg,product_int,velx_avg,velx_int,vely_avg,vely_int,vol,M0_ps,M1_ps,M3_ps,Tau_ps,M0_eff_ps,M1_eff_ps,M3_eff_ps
0,0,0,28.283383528873,-1.0,2.2158515938037998e-17,0.0,0.0,3910,0.0,0.0,0.0,0.0,0.0,0.0,0.93975046914711,0.9396347805832105,28.164945098131994,1024,1.078805969692782,0.9396347805832105,28.164945098131994,1024
1,11759124,2576306,28.283383528873,-0.50228933750935,-0.001368134263441,5.4008064349773e-05,5.4050713813345e-05,6658,-5.8376161766791e-05,-4.4554320710435e-05,5.8994567579487e-05,4.5026305336936e-05,1.0706075099269e-07,8.1711761973739e-08,0.93975046914711,0.9396347805832105,28.164945098131994,1024,1.078805969692782,0.9396347805832105,28.164945098131994,1024
