time,NumDofs,NumElems,area,gradPx_avg,gradPy_avg,integral_in,integral_out,mem,product_avg,product_int,velx_avg,velx_int,vely_avg,vely_int,vol,M0_ps,M1_ps,M3_ps,Tau_ps,M0_eff_ps,M1_eff_ps,M3_eff_ps
0,0,0,118.29999999995,-1.0,-1.4495396896237e-16,0.0,0.0,7298,0.0,0.0,0.0,0.0,0.0,0.0,0.79720000000022,0.7966955956000177,108.75491293995731,4225,1.3539236382068507,0.7966955956000177,108.75491293995731,4225
1,23576076,5043444,118.29999999995,-0.31897907344694,-0.058839080674536,3.0844329114674e-06,3.0845948425198e-06,12437,-3.7600468152334e-06,-2.4182791139361e-06,3.8751031788179e-06,2.4922777673184e-06,2.0508623706256e-07,1.3190148634182e-07,0.79720000000022,0.7966955956000177,108.75491293995731,4225,1.3539236382068507,0.7966955956000177,108.75491293995731,4225
