time,NumDofs,NumElems,area,gradPx_avg,gradPy_avg,integral_in,integral_out,mem,product_avg,product_int,velx_avg,velx_int,vely_avg,vely_int,vol,M0_ps,M1_ps,M3_ps,Tau_ps,M0_eff_ps,M1_eff_ps,M3_eff_ps
0,0,0,56.699999999994,-1.0,6.9604107190265e-18,0.0,0.0,5527,0.0,0.0,0.0,0.0,0.0,0.0,0.90280000000016,0.9024100304818053,51.50576126907241,2025,1.1649814749161864,0.9024100304818053,51.50576126907241,2025
1,16946334,3671368,56.699999999994,-0.50978620432189,0.0009429302108076,2.0834136855499e-05,2.0834214443074e-05,10108,-2.315046765492e-05,-1.6884834855397e-05,2.3223470296804e-05,1.6938079462401e-05,1.0247204189875e-09,7.473816643993601e-10,0.90280000000016,0.9024100304818053,51.50576126907241,2025,1.1649814749161864,0.9024100304818053,51.50576126907241,2025
