time,NumDofs,NumElems,area,gradPx_avg,gradPy_avg,integral_in,integral_out,mem,product_avg,product_int,velx_avg,velx_int,vely_avg,vely_int,vol,M0_ps,M1_ps,M3_ps,Tau_ps,M0_eff_ps,M1_eff_ps,M3_eff_ps
0,0,0,60.556029104467,-1.0,2.5358419445110002e-17,0.0,0.0,5662,0.0,0.0,0.0,0.0,0.0,0.0,0.93186756099121,0.9316599130123976,55.65256744130936,3071,1.1469297294346068,0.9316599130123976,55.65256744130936,3071
1,17573817,3803917,60.556029104467,-0.38461740900865,-0.10720393171198,1.5943453763529e-05,1.5945807152162e-05,9581,-1.702592870608e-05,-1.2838650016163e-05,1.7324296769031e-05,1.3063638808396e-05,1.3997100348627e-06,1.0554717790693e-06,0.93186756099121,0.9316599130123976,55.65256744130936,3071,1.1469297294346068,0.9316599130123976,55.65256744130936,3071
