time,NumDofs,NumElems,area,gradPx_avg,gradPy_avg,integral_in,integral_out,mem,product_avg,product_int,velx_avg,velx_int,vely_avg,vely_int,vol,M0_ps,M1_ps,M3_ps,Tau_ps,M0_eff_ps,M1_eff_ps,M3_eff_ps
0,0,0,108.07585329687,-1.0,-3.9258264433869e-18,0.0,0.0,7289,0.0,0.0,0.0,0.0,0.0,0.0,0.88635422445284,0.8861349954417854,98.08035722551509,4356,1.398911272224858,0.8861349954417854,98.08035722551509,4356
1,23453973,5032064,108.07585329687,-0.55383269570164,0.0002367270359544,8.4268861309477e-06,8.526390145147e-06,12094,-9.4482113965365e-06,-6.7699063240001e-06,9.6129752085554e-06,6.8879641792003e-06,-4.3725843358763005e-10,-3.1330783261818e-10,0.88635422445284,0.8861349954417854,98.08035722551509,4356,1.398911272224858,0.8861349954417854,98.08035722551509,4356
