time,NumDofs,NumElems,area,gradPx_avg,gradPy_avg,integral_in,integral_out,mem,product_avg,product_int,velx_avg,velx_int,vely_avg,vely_int,vol,M0_ps,M1_ps,M3_ps,Tau_ps,M0_eff_ps,M1_eff_ps,M3_eff_ps
0,0,0,51.072869194728,-1.0,-2.4174321565548998e-17,0.0,0.0,5380,0.0,0.0,0.0,0.0,0.0,0.0,0.94253719742069,0.9424299500805218,46.90314274158034,2588,1.1226384763951767,0.9424299500805218,46.90314274158034,2588
1,16512489,3583733,51.072869194728,-0.38628412418131,-0.10596858585276,2.1527460769858e-05,2.1528784352729e-05,8805,-2.2749838127159e-05,-1.7341324019053e-05,2.3029423980849e-05,1.7554441530171e-05,1.7818910425597e-06,1.3582668044916e-06,0.94253719742069,0.9424299500805218,46.90314274158034,2588,1.1226384763951767,0.9424299500805218,46.90314274158034,2588
