time,NumDofs,NumElems,area,gradPx_avg,gradPy_avg,integral_in,integral_out,mem,product_avg,product_int,velx_avg,velx_int,vely_avg,vely_int,vol,M0_ps,M1_ps,M3_ps,Tau_ps,M0_eff_ps,M1_eff_ps,M3_eff_ps
0,0,0,43.766254640852,-1.0,1.0345037384467e-17,0.0,0.0,5036,0.0,0.0,0.0,0.0,0.0,0.0,0.9539781570094,0.9538445628732415,39.742086118724515,1764,1.0532254962758405,0.9538445628732415,39.742086118724515,1764
1,15608439,3394884,43.766254640852,-0.27713243989038,0.0013832118805755,2.1466062595934e-05,2.1472773132523e-05,8415,-2.2366818964692e-05,-1.727460357873e-05,2.2736434220503e-05,1.7560069161961e-05,3.6812693584944e-09,2.8431610652773e-09,0.9539781570094,0.9538445628732415,39.742086118724515,1764,1.0532254962758405,0.9538445628732415,39.742086118724515,1764
