time,NumDofs,NumElems,area,gradPx_avg,gradPy_avg,integral_in,integral_out,mem,product_avg,product_int,velx_avg,velx_int,vely_avg,vely_int,vol,M0_ps,M1_ps,M3_ps,Tau_ps,M0_eff_ps,M1_eff_ps,M3_eff_ps
0,0,0,120.70054468936,-1.0,-5.5462687217378997e-17,0.0,0.0,7469,0.0,0.0,0.0,0.0,0.0,0.0,0.79973808860414,0.7989967911775455,109.54317687949954,4356,1.1621646662646616,0.7989967911775455,109.54317687949954,4356
1,24227838,5182254,120.70054468936,-0.38085582710657,-3.7254968961929e-05,2.5804873644295e-06,2.5806550137965e-06,12691,-3.1819691162911e-06,-2.0533372343645e-06,3.2371364098551e-06,2.0889369067227e-06,1.9835713717841e-10,1.2800064381049e-10,0.79973808860414,0.7989967911775455,109.54317687949954,4356,1.1621646662646616,0.7989967911775455,109.54317687949954,4356
