time,NumDofs,NumElems,area,gradPx_avg,gradPy_avg,integral_in,integral_out,mem,product_avg,product_int,velx_avg,velx_int,vely_avg,vely_int,vol,M0_ps,M1_ps,M3_ps,Tau_ps,M0_eff_ps,M1_eff_ps,M3_eff_ps
0,0,0,46.464767004341,-1.0,2.1825581707028e-17,0.0,0.0,4198,0.0,0.0,0.0,0.0,0.0,0.0,0.90866394357378,0.9084953474082433,46.18348197758906,1764,1.0781544045149745,0.9084953474082433,46.18348197758906,1764
1,12762495,2774800,46.464767004341,-0.39176661417879,-0.0007171961761397,1.8829983923929e-05,1.8838199837155e-05,7016,-2.0821495134524e-05,-1.5308615553398e-05,2.0922500864005e-05,1.5382878130189e-05,-2.2062892324923e-09,-1.622132966034e-09,0.90866394357378,0.9084953474082433,46.18348197758906,1764,1.0781544045149745,0.9084953474082433,46.18348197758906,1764
