time,NumDofs,NumElems,area,gradPx_avg,gradPy_avg,integral_in,integral_out,mem,product_avg,product_int,velx_avg,velx_int,vely_avg,vely_int,vol,M0_ps,M1_ps,M3_ps,Tau_ps,M0_eff_ps,M1_eff_ps,M3_eff_ps
0,0,0,23.706513777726,-1.0,1.1876125548160002e-17,0.0,0.0,3873,0.0,0.0,0.0,0.0,0.0,0.0,0.95339997121046,0.9532943642796615,23.57514983223134,900,1.0874232969851618,0.9532943642796615,23.57514983223134,900
1,11630772,2552682,23.706513777726,-0.61515427393993,5.804043739571e-06,7.9998541553593e-05,7.9989127795567e-05,6715,-8.5855542241357e-05,-6.6302160147738e-05,8.6160788174088e-05,6.6537887093117e-05,8.258731746430101e-10,6.37782652784e-10,0.95339997121046,0.9532943642796615,23.57514983223134,900,1.0874232969851618,0.9532943642796615,23.57514983223134,900
