time,NumDofs,NumElems,area,gradPx_avg,gradPy_avg,integral_in,integral_out,mem,product_avg,product_int,velx_avg,velx_int,vely_avg,vely_int,vol,M0_ps,M1_ps,M3_ps,Tau_ps,M0_eff_ps,M1_eff_ps,M3_eff_ps
0,0,0,128.12656534517,-1.0,-1.0535291771699e-17,0.0,0.0,7692,0.0,0.0,0.0,0.0,0.0,0.0,0.78741710782956,0.787247842378143,117.6774692301611,4624,1.3852202162423657,0.787247842378143,117.6774692301611,4624
1,24978888,5336826,128.12656534517,-0.32345921352608,-0.08561701269378,2.5836278097911e-06,2.583863679385e-06,12945,-3.1849901034265e-06,-2.0290084761319e-06,3.2879382780671e-06,2.0945919511711e-06,2.3863494799904e-07,1.5202318263734e-07,0.78741710782956,0.787247842378143,117.6774692301611,4624,1.3852202162423657,0.787247842378143,117.6774692301611,4624
