time,NumDofs,NumElems,area,gradPx_avg,gradPy_avg,integral_in,integral_out,mem,product_avg,product_int,velx_avg,velx_int,vely_avg,vely_int,vol,M0_ps,M1_ps,M3_ps,Tau_ps,M0_eff_ps,M1_eff_ps,M3_eff_ps
0,0,0,10.733126291999,-1.0,3.9522877413911997e-17,0.0,0.0,3920,0.0,0.0,0.0,0.0,0.0,0.0,0.98399999999978,0.9839157272460753,9.718908999126695,400,1.011882079609164,0.9839157272460753,9.718908999126695,400
1,11848989,2613908,10.733126291999,-0.32627860600505,0.0001694905976302,0.0002096850202375,0.0002096852371287,7040,-0.0002201517849193,-0.0001754679185201,0.000221504742422,0.0001765462683365,4.957653373791e-09,3.9514061562667e-09,0.98399999999978,0.9839157272460753,9.718908999126695,400,1.011882079609164,0.9839157272460753,9.718908999126695,400
