time,NumDofs,NumElems,area,gradPx_avg,gradPy_avg,integral_in,integral_out,mem,product_avg,product_int,velx_avg,velx_int,vely_avg,vely_int,vol,M0_ps,M1_ps,M3_ps,Tau_ps,M0_eff_ps,M1_eff_ps,M3_eff_ps
0,0,0,6.5401256449175,-1.0,-1.9983505054344e-17,0.0,0.0,3763,0.0,0.0,0.0,0.0,0.0,0.0,0.99227631985491,0.9922982237019129,6.015057085487462,309,1.0150561918123153,0.9922982237019129,6.015057085487462,309
1,11322219,2503792,6.5401256449175,-0.40866867790258,-0.070994091024433,0.0004427248743439,0.0004427695364738,6834,-0.0004577305935668,-0.0003680591288335,0.0004718766957288,0.0003794339464912,1.3121813796429e-05,1.0551191951134e-05,0.99227631985491,0.9922982237019129,6.015057085487462,309,1.0150561918123153,0.9922982237019129,6.015057085487462,309
