time,NumDofs,NumElems,area,gradPx_avg,gradPy_avg,integral_in,integral_out,mem,product_avg,product_int,velx_avg,velx_int,vely_avg,vely_int,vol,M0_ps,M1_ps,M3_ps,Tau_ps,M0_eff_ps,M1_eff_ps,M3_eff_ps
0,0,0,132.78281772615,-1.0,2.8486472191612e-17,0.0,0.0,5622,0.0,0.0,0.0,0.0,0.0,0.0,0.73898806097387,0.7384649057634307,132.00462501407603,5041,1.6537538657920512,0.7384649057634307,132.00462501407603,5041
1,16897059,3582174,132.78281772615,-0.6535925053222,-0.0004564438249886,3.9319377355328e-06,3.931533042417e-06,9784,-5.279121818665e-06,-3.16745792736e-06,5.3324767172363e-06,3.1994707132453e-06,-6.9910878038138e-10,-4.1946326009692004e-10,0.73898806097387,0.7384649057634307,132.00462501407603,5041,1.6537538657920512,0.7384649057634307,132.00462501407603,5041
