time,NumDofs,NumElems,area,gradPx_avg,gradPy_avg,integral_in,integral_out,mem,product_avg,product_int,velx_avg,velx_int,vely_avg,vely_int,vol,M0_ps,M1_ps,M3_ps,Tau_ps,M0_eff_ps,M1_eff_ps,M3_eff_ps
0,0,0,2.8737269779782,-1.0,8.897944026534899e-19,0.0,0.0,3609,0.0,0.0,0.0,0.0,0.0,0.0,0.99756449508644,0.9975492066296923,2.520307968012254,121,1.002226841808959,0.9975492066296923,2.520307968012254,121
1,10755942,2384116,2.8737269779782,-0.28477191100417,0.0007527138366907,0.0010547502009091,0.0010547781670014,6168,-0.0010975980313447,-0.000887265474536,0.001136233044872,0.0009184968658396,7.5353975532527e-09,6.0913903769609e-09,0.99756449508644,0.9975492066296923,2.520307968012254,121,1.002226841808959,0.9975492066296923,2.520307968012254,121
