time,NumDofs,NumElems,area,gradPx_avg,gradPy_avg,integral_in,integral_out,mem,product_avg,product_int,velx_avg,velx_int,vely_avg,vely_int,vol,M0_ps,M1_ps,M3_ps,Tau_ps,M0_eff_ps,M1_eff_ps,M3_eff_ps
0,0,0,63.2437106448,-1.0,-1.3035797988835001e-18,0.0,0.0,4438,0.0,0.0,0.0,0.0,0.0,0.0,0.87568147875371,0.8754492953843559,62.86572865295368,2401,1.1048356226893534,0.8754492953843559,62.86572865295368,2401
1,13628259,2945534,63.2437106448,-0.38742792245593,0.0002803977317278,9.9565955381377e-06,9.9593796109361e-06,7645,-1.1388526681445e-05,-8.0663971587275e-06,1.1478896564825e-05,8.1304053830499e-06,-5.8991139771682e-10,-4.1782925531506005e-10,0.87568147875371,0.8754492953843559,62.86572865295368,2401,1.1048356226893534,0.8754492953843559,62.86572865295368,2401
