time,NumDofs,NumElems,area,gradPx_avg,gradPy_avg,integral_in,integral_out,mem,product_avg,product_int,velx_avg,velx_int,vely_avg,vely_int,vol,M0_ps,M1_ps,M3_ps,Tau_ps,M0_eff_ps,M1_eff_ps,M3_eff_ps
0,0,0,132.78281772615,-1.0,3.5139022237208e-17,0.0,0.0,5620,0.0,0.0,0.0,0.0,0.0,0.0,0.738988060974,0.7384920140882968,131.97315250785388,5041,1.3825306897914333,0.7384920140882968,131.97315250785388,5041
1,16883307,3579118,132.78281772615,-0.4931445079831,-0.099880537329921,2.4290497611984e-06,2.4284116360824e-06,9762,-3.231072223315e-06,-1.9381896853837e-06,3.2913323884459e-06,1.974337323822e-06,2.8933181345309e-07,1.7355846534214e-07,0.738988060974,0.7384920140882968,131.97315250785388,5041,1.3825306897914333,0.7384920140882968,131.97315250785388,5041
