time,NumDofs,NumElems,area,gradPx_avg,gradPy_avg,integral_in,integral_out,mem,product_avg,product_int,velx_avg,velx_int,vely_avg,vely_int,vol,M0_ps,M1_ps,M3_ps,Tau_ps,M0_eff_ps,M1_eff_ps,M3_eff_ps
0,0,0,72.555933733867,-1.0,-4.9543901049952e-17,0.0,0.0,6074,0.0,0.0,0.0,0.0,0.0,0.0,0.89183999999992,0.8914903956209012,66.61965475054424,2704,1.200955816788964,0.8914903956209012,66.61965475054424,2704
1,19061841,4113852,72.555933733867,-0.36069635180708,-0.081938423250847,1.0537123640137e-05,1.0536781561939e-05,9927,-1.1719863453667e-05,-8.4852804626419e-06,1.2014764061711e-05,8.6987910020559e-06,9.3389053581191e-07,6.7614466235878e-07,0.89183999999992,0.8914903956209012,66.61965475054424,2704,1.200955816788964,0.8914903956209012,66.61965475054424,2704
