time,NumDofs,NumElems,area,gradPx_avg,gradPy_avg,integral_in,integral_out,mem,product_avg,product_int,velx_avg,velx_int,vely_avg,vely_int,vol,M0_ps,M1_ps,M3_ps,Tau_ps,M0_eff_ps,M1_eff_ps,M3_eff_ps
0,0,0,21.723881321515,-1.0,-8.818005238926901e-18,0.0,0.0,4248,0.0,0.0,0.0,0.0,0.0,0.0,0.96395653385337,0.9638194224119582,19.72863065130896,784,1.0326704578363473,0.9638194224119582,19.72863065130896,784
1,13070520,2867162,21.723881321515,-0.35572335077872,0.0003440356821013,7.8807805373708e-05,7.8814066518945e-05,7047,-8.3489208084335e-05,-6.503372669489e-05,8.3515610125644e-05,6.505429250427e-05,-3.6093086538796005e-10,-2.8114626781081004e-10,0.96395653385337,0.9638194224119582,19.72863065130896,784,1.0326704578363473,0.9638194224119582,19.72863065130896,784
