time,NumDofs,NumElems,area,gradPx_avg,gradPy_avg,integral_in,integral_out,mem,product_avg,product_int,velx_avg,velx_int,vely_avg,vely_int,vol,M0_ps,M1_ps,M3_ps,Tau_ps,M0_eff_ps,M1_eff_ps,M3_eff_ps
0,0,0,54.336451853223,-1.0,2.4703944249214e-18,0.0,0.0,5526,0.0,0.0,0.0,0.0,0.0,0.0,0.91900000000011,0.9185926964148738,49.93413365449896,2025,1.1478867570898532,0.9185926964148738,49.93413365449896,2025
1,16994367,3684742,54.336451853223,-0.36879568107431,-0.083957386763695,1.8495088273378e-05,1.849497896896e-05,9031,-2.007999329567e-05,-1.4914666957239e-05,2.0282222817176e-05,1.5064875471642e-05,1.5347984267229e-06,1.1399907880448e-06,0.91900000000011,0.9185926964148738,49.93413365449896,2025,1.1478867570898532,0.9185926964148738,49.93413365449896,2025
