time,NumDofs,NumElems,area,gradPx_avg,gradPy_avg,integral_in,integral_out,mem,product_avg,product_int,velx_avg,velx_int,vely_avg,vely_int,vol,M0_ps,M1_ps,M3_ps,Tau_ps,M0_eff_ps,M1_eff_ps,M3_eff_ps
0,0,0,26.972744564879,-1.0,6.1526435127043e-17,0.0,0.0,3928,0.0,0.0,0.0,0.0,0.0,0.0,0.94697952279979,0.9468837474548295,26.80376853888979,1024,1.0727828677721534,0.9468837474548295,26.80376853888979,1024
1,11831553,2593084,26.972744564879,-0.50194047378011,-0.074747697651099,5.7617175014113e-05,5.7617364734481e-05,6872,-6.1855395913966e-05,-4.7559761605502e-05,6.2500475854159e-05,4.8055754682885e-05,2.9674340250564e-06,2.2816191332449e-06,0.94697952279979,0.9468837474548295,26.80376853888979,1024,1.0727828677721534,0.9468837474548295,26.80376853888979,1024
