time,NumDofs,NumElems,area,gradPx_avg,gradPy_avg,integral_in,integral_out,mem,product_avg,product_int,velx_avg,velx_int,vely_avg,vely_int,vol,M0_ps,M1_ps,M3_ps,Tau_ps,M0_eff_ps,M1_eff_ps,M3_eff_ps
0,0,0,6.2261637106133,-1.0,1.766807292196e-18,0.0,0.0,3724,0.0,0.0,0.0,0.0,0.0,0.0,0.99402521212745,0.9940301444572511,5.563196017015944,256,1.0197397824724233,0.9940301444572511,5.563196017015944,256
1,11170155,2470512,6.2261637106133,-0.60255916412524,-0.000426961230902,0.0005237329903756,0.0005237457815168,6392,-0.0005408888369163,-0.0004356504021084,0.0005571434998658,0.0004487424645929,-2.7166657884026e-09,-2.1880957090171e-09,0.99402521212745,0.9940301444572511,5.563196017015944,256,1.0197397824724233,0.9940301444572511,5.563196017015944,256
