time,NumDofs,NumElems,area,gradPx_avg,gradPy_avg,integral_in,integral_out,mem,product_avg,product_int,velx_avg,velx_int,vely_avg,vely_int,vol,M0_ps,M1_ps,M3_ps,Tau_ps,M0_eff_ps,M1_eff_ps,M3_eff_ps
0,0,0,58.86113080425,-1.0,-4.53481039681e-17,0.0,0.0,5643,0.0,0.0,0.0,0.0,0.0,0.0,0.93048687869996,0.9302271878426192,54.193209223191545,2304,1.1731699792851613,0.9302271878426192,54.193209223191545,2304
1,17517321,3793100,58.86113080425,-0.47538345015736,-0.0002109790357302,2.0175982363247e-05,2.0320942122513e-05,9715,-2.16389314449e-05,-1.6282057462963e-05,2.1964761313196e-05,1.652722579081e-05,-5.1940698873989e-09,-3.9082403208596e-09,0.93048687869996,0.9302271878426192,54.193209223191545,2304,1.1731699792851613,0.9302271878426192,54.193209223191545,2304
