time,NumDofs,NumElems,area,gradPx_avg,gradPy_avg,integral_in,integral_out,mem,product_avg,product_int,velx_avg,velx_int,vely_avg,vely_int,vol,M0_ps,M1_ps,M3_ps,Tau_ps,M0_eff_ps,M1_eff_ps,M3_eff_ps
0,0,0,61.013666225858,-1.0,-5.1129304424631e-17,0.0,0.0,4312,0.0,0.0,0.0,0.0,0.0,0.0,0.87002811166746,0.8697957036317123,60.68577949601048,2209,1.1727257713420476,0.8697957036317123,60.68577949601048,2209
1,13145709,2843356,61.013666225858,-0.50390671352678,-0.059509822624214,1.3957024485599e-05,1.3955560983016e-05,7145,-1.624238451822e-05,-1.1406330260778e-05,1.6284139611585e-05,1.1435653072614e-05,6.7391390672549e-07,4.7326084287806e-07,0.87002811166746,0.8697957036317123,60.68577949601048,2209,1.1727257713420476,0.8697957036317123,60.68577949601048,2209
