time,NumDofs,NumElems,area,gradPx_avg,gradPy_avg,integral_in,integral_out,mem,product_avg,product_int,velx_avg,velx_int,vely_avg,vely_int,vol,M0_ps,M1_ps,M3_ps,Tau_ps,M0_eff_ps,M1_eff_ps,M3_eff_ps
0,0,0,30.779753417019,-1.0,4.4705294528918996e-17,0.0,0.0,4552,0.0,0.0,0.0,0.0,0.0,0.0,0.97391393085618,0.9738645627929206,27.07426493791703,2181,1.069989238480705,0.9738645627929206,27.07426493791703,2181
1,14287086,3122598,30.779753417019,-0.4085971462798,-0.16431045749192,4.9176857831766e-05,4.9185908463876e-05,8000,-5.0681835979991e-05,-4.0004670761828e-05,5.1890421522186e-05,4.0958643043379e-05,5.7332324237663e-06,4.5254097662199e-06,0.97391393085618,0.9738645627929206,27.07426493791703,2181,1.069989238480705,0.9738645627929206,27.07426493791703,2181
