time,NumDofs,NumElems,area,gradPx_avg,gradPy_avg,integral_in,integral_out,mem,product_avg,product_int,velx_avg,velx_int,vely_avg,vely_int,vol,M0_ps,M1_ps,M3_ps,Tau_ps,M0_eff_ps,M1_eff_ps,M3_eff_ps
0,0,0,168.04307166957,-1.0,1.2901684435348002e-16,0.0,0.0,5905,0.0,0.0,0.0,0.0,0.0,0.0,0.64203306083569,0.6413207175874795,167.20022664004878,6084,1.5173961497239878,0.6413207175874795,167.20022664004878,6084
1,17843886,3753062,168.04307166957,-0.48115775381747,-0.077656224827602,1.0610071223923e-06,1.0611306013392e-06,9789,-1.5898889838955e-06,-8.295797140794e-07,1.6250061145804e-06,8.4790329486269e-07,9.5834196927473e-08,5.0004815739606e-08,0.64203306083569,0.6413207175874795,167.20022664004878,6084,1.5173961497239878,0.6413207175874795,167.20022664004878,6084
