time,NumDofs,NumElems,area,gradPx_avg,gradPy_avg,integral_in,integral_out,mem,product_avg,product_int,velx_avg,velx_int,vely_avg,vely_int,vol,M0_ps,M1_ps,M3_ps,Tau_ps,M0_eff_ps,M1_eff_ps,M3_eff_ps
0,0,0,61.013666225858,-1.0,-6.144232890394399e-17,0.0,0.0,4332,0.0,0.0,0.0,0.0,0.0,0.0,0.87002811166737,0.869753535126365,60.71527666493367,2209,1.226342252279307,0.869753535126365,60.71527666493367,2209
1,13237131,2863672,61.013666225858,-0.59120867101934,-0.0001850444282636,1.6677210690712e-05,1.6679363116432e-05,7203,-1.9406763410802e-05,-1.3627299489933e-05,1.9439275996229e-05,1.3650129610001e-05,-6.762127716391801e-10,-4.7483208626718e-10,0.87002811166737,0.869753535126365,60.71527666493367,2209,1.226342252279307,0.869753535126365,60.71527666493367,2209
