time,NumDofs,NumElems,area,gradPx_avg,gradPy_avg,integral_in,integral_out,mem,product_avg,product_int,velx_avg,velx_int,vely_avg,vely_int,vol,M0_ps,M1_ps,M3_ps,Tau_ps,M0_eff_ps,M1_eff_ps,M3_eff_ps
0,0,0,91.589531988984,-1.0,-3.5428543003128e-17,0.0,0.0,4615,0.0,0.0,0.0,0.0,0.0,0.0,0.77117092296369,0.7707298364263597,91.23984117722361,2916,1.2906062564587009,0.7707298364263597,91.23984117722361,2916
1,14140251,3027220,91.589531988984,-0.49668617311531,-0.0001723875646479,5.4457848520439e-06,5.4452635117505e-06,7577,-7.0267754817822e-06,-4.4158990840379e-06,7.1338812271254e-06,4.483208501278e-06,-1.7568659482269e-11,-1.1040829113818e-11,0.77117092296369,0.7707298364263597,91.23984117722361,2916,1.2906062564587009,0.7707298364263597,91.23984117722361,2916
