time,NumDofs,NumElems,area,gradPx_avg,gradPy_avg,integral_in,integral_out,mem,product_avg,product_int,velx_avg,velx_int,vely_avg,vely_int,vol,M0_ps,M1_ps,M3_ps,Tau_ps,M0_eff_ps,M1_eff_ps,M3_eff_ps
0,0,0,83.819822700938,-1.0,-1.8698680282373e-17,0.0,0.0,6346,0.0,0.0,0.0,0.0,0.0,0.0,0.86092922819731,0.8611290717707961,75.897839711786,3025,1.276110184252608,0.8611290717707961,75.897839711786,3025
1,20059821,4317254,83.819822700938,-0.56077892545369,0.0006405788748528,1.1246450751401e-05,1.1246996167373e-05,10599,-1.307338407054e-05,-9.1455630745819e-06,1.3257543583019e-05,9.2743929496987e-06,-1.0180194435276e-09,-7.1216151699485e-10,0.86092922819731,0.8611290717707961,75.897839711786,3025,1.276110184252608,0.8611290717707961,75.897839711786,3025
