time,NumDofs,NumElems,area,gradPx_avg,gradPy_avg,integral_in,integral_out,mem,product_avg,product_int,velx_avg,velx_int,vely_avg,vely_int,vol,M0_ps,M1_ps,M3_ps,Tau_ps,M0_eff_ps,M1_eff_ps,M3_eff_ps
0,0,0,105.47997739133,-1.0,2.0695828516660002e-17,0.0,0.0,5634,0.0,0.0,0.0,0.0,0.0,0.0,0.82909943961418,0.828738639603857,104.54757429591153,4356,1.1070106881232429,0.828738639603857,104.54757429591153,4356
1,17132733,3662192,105.47997739133,-0.28495668284488,4.1490965659308e-05,2.214468721589e-06,2.2125295239375e-06,9658,-2.6201995967848e-06,-1.7541123551245e-06,2.6796559169368e-06,1.7939158364688e-06,-5.2223899354362e-10,-3.4961682767478e-10,0.82909943961418,0.828738639603857,104.54757429591153,4356,1.1070106881232429,0.828738639603857,104.54757429591153,4356
