time,NumDofs,NumElems,area,gradPx_avg,gradPy_avg,integral_in,integral_out,mem,product_avg,product_int,velx_avg,velx_int,vely_avg,vely_int,vol,M0_ps,M1_ps,M3_ps,Tau_ps,M0_eff_ps,M1_eff_ps,M3_eff_ps
0,0,0,47.085363061516,-1.0,-1.9141577507290003e-17,0.0,0.0,5303,0.0,0.0,0.0,0.0,0.0,0.0,0.95481566672121,0.9548054023879422,42.09710806313031,1936,1.1603958379104817,0.9548054023879422,42.09710806313031,1936
1,16175640,3514522,47.085363061516,-0.61216888015766,-0.0003977647081458,3.4461593906161e-05,3.4664886420028e-05,8805,-3.6372312137756e-05,-2.8103144919994e-05,3.6540275549242e-05,2.8232922209828e-05,-5.4172561841379004e-11,-4.1856545999870005e-11,0.95481566672121,0.9548054023879422,42.09710806313031,1936,1.1603958379104817,0.9548054023879422,42.09710806313031,1936
