time,NumDofs,NumElems,area,gradPx_avg,gradPy_avg,integral_in,integral_out,mem,product_avg,product_int,velx_avg,velx_int,vely_avg,vely_int,vol,M0_ps,M1_ps,M3_ps,Tau_ps,M0_eff_ps,M1_eff_ps,M3_eff_ps
0,0,0,132.60063273531,-1.0,-1.0414005954671001e-16,0.0,0.0,6064,0.0,0.0,0.0,0.0,0.0,0.0,0.78515806504299,0.7847137160091726,131.42972690249036,5476,1.124280091578542,0.7847137160091726,131.42972690249036,5476
1,18652869,3963040,132.60063273531,-0.2558054000755,0.0006359398556922,9.6512666544237e-07,9.6423842973826e-07,10019,-1.1712642636329e-06,-7.4774274938526e-07,1.2324848477198e-06,7.8682636978201e-07,-5.0546306397396e-10,-3.2269091861157e-10,0.78515806504299,0.7847137160091726,131.42972690249036,5476,1.124280091578542,0.7847137160091726,131.42972690249036,5476
