time,NumDofs,NumElems,area,gradPx_avg,gradPy_avg,integral_in,integral_out,mem,product_avg,product_int,velx_avg,velx_int,vely_avg,vely_int,vol,M0_ps,M1_ps,M3_ps,Tau_ps,M0_eff_ps,M1_eff_ps,M3_eff_ps
0,0,0,82.476934957553,-1.0,-9.0789495238112e-17,0.0,0.0,6313,0.0,0.0,0.0,0.0,0.0,0.0,0.85419999999988,0.8541572122200313,75.75801454273466,2916,1.2326310329050754,0.8541572122200313,75.75801454273466,2916
1,19862289,4274484,82.476934957553,-0.34052177352936,0.0003183239436539,7.5263305644721e-06,7.525266999783e-06,10438,-8.6713040539874e-06,-6.024071666988e-06,8.9250092178489e-06,6.2003240599235e-06,1.3470100374882e-11,9.357860076708699e-12,0.85419999999988,0.8541572122200313,75.75801454273466,2916,1.2326310329050754,0.8541572122200313,75.75801454273466,2916
