time,NumDofs,NumElems,area,gradPx_avg,gradPy_avg,integral_in,integral_out,mem,product_avg,product_int,velx_avg,velx_int,vely_avg,vely_int,vol,M0_ps,M1_ps,M3_ps,Tau_ps,M0_eff_ps,M1_eff_ps,M3_eff_ps
0,0,0,107.63199999996,-1.0,3.6511607687716e-17,0.0,0.0,6993,0.0,0.0,0.0,0.0,0.0,0.0,0.81548800000019,0.8147477319368195,97.77192410780955,3844,1.174439771343996,0.8147477319368195,97.77192410780955,3844
1,22421169,4804324,107.63199999996,-0.41029683959257,-0.0002351508809436,3.945497465773e-06,3.9456911570571e-06,11887,-4.7786495850069e-06,-3.1516111491833e-06,4.8550817930724e-06,3.2020196578657e-06,-2.56406090648e-10,-1.6910473966121002e-10,0.81548800000019,0.8147477319368195,97.77192410780955,3844,1.174439771343996,0.8147477319368195,97.77192410780955,3844
