time,NumDofs,NumElems,area,gradPx_avg,gradPy_avg,integral_in,integral_out,mem,product_avg,product_int,velx_avg,velx_int,vely_avg,vely_int,vol,M0_ps,M1_ps,M3_ps,Tau_ps,M0_eff_ps,M1_eff_ps,M3_eff_ps
0,0,0,37.737229766856,-1.0,2.9288240357932e-17,0.0,0.0,4731,0.0,0.0,0.0,0.0,0.0,0.0,0.9603179006867,0.9601417263384484,34.2956967717829,1521,1.0459383697023819,0.9601417263384484,34.2956967717829,1521
1,14926212,3253241,37.737229766856,-0.27997120832593,0.0012235634878168,2.8075248114939e-05,2.8077177294434e-05,8025,-2.9254480885333e-05,-2.2761400979268e-05,2.9866618334968e-05,2.3237673520223e-05,8.4503211603458e-09,6.5747585502587e-09,0.9603179006867,0.9601417263384484,34.2956967717829,1521,1.0459383697023819,0.9601417263384484,34.2956967717829,1521
