time,NumDofs,NumElems,area,gradPx_avg,gradPy_avg,integral_in,integral_out,mem,product_avg,product_int,velx_avg,velx_int,vely_avg,vely_int,vol,M0_ps,M1_ps,M3_ps,Tau_ps,M0_eff_ps,M1_eff_ps,M3_eff_ps
0,0,0,131.50116111422,-1.0,-5.7836491957263e-17,0.0,0.0,5522,0.0,0.0,0.0,0.0,0.0,0.0,0.71987498399704,0.7193173922996293,130.84451735568373,4761,1.390052782515766,0.7193173922996293,130.84451735568373,4761
1,16518168,3504322,131.50116111422,-0.49430592261287,-0.073240138370849,2.3311318346144e-06,2.3312544254897e-06,9546,-3.180260498899e-06,-1.8501944640933e-06,3.2172094961819e-06,1.8716904485418e-06,1.9030113784649e-07,1.1071234946827e-07,0.71987498399704,0.7193173922996293,130.84451735568373,4761,1.390052782515766,0.7193173922996293,130.84451735568373,4761
