time,NumDofs,NumElems,area,gradPx_avg,gradPy_avg,integral_in,integral_out,mem,product_avg,product_int,velx_avg,velx_int,vely_avg,vely_int,vol,M0_ps,M1_ps,M3_ps,Tau_ps,M0_eff_ps,M1_eff_ps,M3_eff_ps
0,0,0,17.677669529663,-1.0,-3.5954022570755e-17,0.0,0.0,4130,0.0,0.0,0.0,0.0,0.0,0.0,0.96874999999991,0.968875627005514,16.200784456520385,625,1.0462589942323925,0.968875627005514,16.200784456520385,625
1,12607485,2770746,17.677669529663,-0.38802189073987,-0.0003900149224127,0.0001166065670398,0.0001166048668636,7368,-0.0001240811887139,-9.7223789724088e-05,0.0001232538879003,9.6575558342955e-05,-7.901626577397401e-10,-6.1913178685803e-10,0.96874999999991,0.968875627005514,16.200784456520385,625,1.0462589942323925,0.968875627005514,16.200784456520385,625
