time,NumDofs,NumElems,area,gradPx_avg,gradPy_avg,integral_in,integral_out,mem,product_avg,product_int,velx_avg,velx_int,vely_avg,vely_int,vol,M0_ps,M1_ps,M3_ps,Tau_ps,M0_eff_ps,M1_eff_ps,M3_eff_ps
0,0,0,19.773397258602,-1.0,-3.4259656750737997e-17,0.0,0.0,4195,0.0,0.0,0.0,0.0,0.0,0.0,0.97775267297649,0.9777049088156272,18.003808369412596,866,1.0450679683371118,0.9777049088156272,18.003808369412596,866
1,12859914,2823758,19.773397258602,-0.40372507377733,0.0022982481379764,9.6686007808515e-05,9.6555130479253e-05,7541,-0.0001007239196404,-7.9657203848011e-05,0.0001011212351265,7.9971419585266e-05,-1.6137211933501e-07,-1.2762064712273e-07,0.97775267297649,0.9777049088156272,18.003808369412596,866,1.0450679683371118,0.9777049088156272,18.003808369412596,866
