time,NumDofs,NumElems,area,gradPx_avg,gradPy_avg,integral_in,integral_out,mem,product_avg,product_int,velx_avg,velx_int,vely_avg,vely_int,vol,M0_ps,M1_ps,M3_ps,Tau_ps,M0_eff_ps,M1_eff_ps,M3_eff_ps
0,0,0,76.809104639831,-1.0,-3.1059826396306e-17,0.0,0.0,4609,0.0,0.0,0.0,0.0,0.0,0.0,0.84901590672483,0.8487154670061566,76.36928624244678,2916,1.2159215072101932,0.8487154670061566,76.36928624244678,2916
1,14238324,3063594,76.809104639831,-0.49188028667065,-0.0010276603946478,8.8062846735871e-06,8.7477379986938e-06,7714,-1.0363773472414e-05,-7.1569441305561e-06,1.0509466287215e-05,7.2575556827605e-06,1.2319958559812e-08,8.507833110984e-09,0.84901590672483,0.8487154670061566,76.36928624244678,2916,1.2159215072101932,0.8487154670061566,76.36928624244678,2916
