time,NumDofs,NumElems,area,gradPx_avg,gradPy_avg,integral_in,integral_out,mem,product_avg,product_int,velx_avg,velx_int,vely_avg,vely_int,vol,M0_ps,M1_ps,M3_ps,Tau_ps,M0_eff_ps,M1_eff_ps,M3_eff_ps
0,0,0,88.60968038697,-1.0,5.8708521673573e-17,0.0,0.0,4793,0.0,0.0,0.0,0.0,0.0,0.0,0.82581944795008,0.8254796165477247,88.08486165204785,3364,1.2499059931177794,0.8254796165477247,88.08486165204785,3364
1,14837607,3181536,88.60968038697,-0.48827835670696,-0.0006075446415242,6.2875399537175e-06,6.4503617370649e-06,7688,-7.7491191920708e-06,-5.1918449435512e-06,7.8626963223313e-06,5.2679406693789e-06,8.8561627611057e-09,5.9335548609913e-09,0.82581944795008,0.8254796165477247,88.08486165204785,3364,1.2499059931177794,0.8254796165477247,88.08486165204785,3364
