time,NumDofs,NumElems,area,gradPx_avg,gradPy_avg,integral_in,integral_out,mem,product_avg,product_int,velx_avg,velx_int,vely_avg,vely_int,vol,M0_ps,M1_ps,M3_ps,Tau_ps,M0_eff_ps,M1_eff_ps,M3_eff_ps
0,0,0,28.671999999997,-1.0,4.6924608625473e-17,0.0,0.0,4455,0.0,0.0,0.0,0.0,0.0,0.0,0.95084799999988,0.9506508005991944,26.045382488656863,1024,1.0493162551633106,0.9506508005991944,26.045382488656863,1024
1,13836636,3026370,28.671999999997,-0.38790612282118,-0.0004225053296571,5.2546702631145e-05,5.2538221993389e-05,7394,-5.6045623131219e-05,-4.3268771207091e-05,5.6718456940101e-05,4.3788217517265e-05,-3.2743975626644e-09,-2.5279254839985e-09,0.95084799999988,0.9506508005991944,26.045382488656863,1024,1.0493162551633106,0.9506508005991944,26.045382488656863,1024
