time,NumDofs,NumElems,area,gradPx_avg,gradPy_avg,integral_in,integral_out,mem,product_avg,product_int,velx_avg,velx_int,vely_avg,vely_int,vol,M0_ps,M1_ps,M3_ps,Tau_ps,M0_eff_ps,M1_eff_ps,M3_eff_ps
0,0,0,136.20864849089,-1.0,2.3129830998707e-17,0.0,0.0,6114,0.0,0.0,0.0,0.0,0.0,0.0,0.77931229289024,0.778884422150915,134.97878060754635,5625,1.8161577738484989,0.778884422150915,134.97878060754635,5625
1,18809082,3992837,136.20864849089,-0.73711890376159,0.0002924239969246,5.102227622472e-06,5.1052440896735e-06,10246,-6.5123607655419e-06,-4.1236281843978e-06,6.5618956723759e-06,4.1549936976557e-06,-1.7976699542433003e-10,-1.1382849870336e-10,0.77931229289024,0.778884422150915,134.97878060754635,5625,1.8161577738484989,0.778884422150915,134.97878060754635,5625
