time,NumDofs,NumElems,area,gradPx_avg,gradPy_avg,integral_in,integral_out,mem,product_avg,product_int,velx_avg,velx_int,vely_avg,vely_int,vol,M0_ps,M1_ps,M3_ps,Tau_ps,M0_eff_ps,M1_eff_ps,M3_eff_ps
0,0,0,86.617862057167,-1.0,-3.8021941330575e-17,0.0,0.0,4664,0.0,0.0,0.0,0.0,0.0,0.0,0.8154858117653,0.8151162043525929,86.19142146625026,3136,1.2490483728125443,0.8151162043525929,86.19142146625026,3136
1,14338191,3076216,86.617862057167,-0.50048598424723,-0.058276640589841,6.6781894055912e-06,6.6777343092152e-06,7636,-8.1665133853113e-06,-5.4137353166544e-06,8.2749061351058e-06,5.4855909091142e-06,3.5583600921979e-07,2.3589038297733e-07,0.8154858117653,0.8151162043525929,86.19142146625026,3136,1.2490483728125443,0.8151162043525929,86.19142146625026,3136
