time,NumDofs,NumElems,area,gradPx_avg,gradPy_avg,integral_in,integral_out,mem,product_avg,product_int,velx_avg,velx_int,vely_avg,vely_int,vol,M0_ps,M1_ps,M3_ps,Tau_ps,M0_eff_ps,M1_eff_ps,M3_eff_ps
0,0,0,80.799538180487,-1.0,-2.5759646424021e-17,0.0,0.0,6278,0.0,0.0,0.0,0.0,0.0,0.0,0.86594037336312,0.8657194147814667,77.1171324285465,2916,1.215812987781973,0.8657194147814667,77.1171324285465,2916
1,19803420,4265290,80.799538180487,-0.40126389981697,6.8209323497493e-05,8.6645089419858e-06,8.6040009119215e-06,10735,-9.9115453046186e-06,-6.9772035370509e-06,1.0093209392555e-05,7.1050854442559e-06,2.1380080174575e-09,1.5050445357594e-09,0.86594037336312,0.8657194147814667,77.1171324285465,2916,1.215812987781973,0.8657194147814667,77.1171324285465,2916
