time,NumDofs,NumElems,area,gradPx_avg,gradPy_avg,integral_in,integral_out,mem,product_avg,product_int,velx_avg,velx_int,vely_avg,vely_int,vol,M0_ps,M1_ps,M3_ps,Tau_ps,M0_eff_ps,M1_eff_ps,M3_eff_ps
0,0,0,85.49931504732,-1.0,-1.3514833516442e-17,0.0,0.0,6555,0.0,0.0,0.0,0.0,0.0,0.0,0.92753869682288,0.9273075208533299,74.86729441922651,3600,1.3268403282302528,0.9273075208533299,74.86729441922651,3600
1,20940192,4510442,85.49931504732,-0.66289172850925,-0.0004906073968362,1.5185716465196e-05,1.528172063143e-05,10935,-1.636079041606e-05,-1.229205221697e-05,1.6540053608795e-05,1.2426734739613e-05,-1.0875024206784e-09,-8.170532230483401e-10,0.92753869682288,0.9273075208533299,74.86729441922651,3600,1.3268403282302528,0.9273075208533299,74.86729441922651,3600
