time,NumDofs,NumElems,area,gradPx_avg,gradPy_avg,integral_in,integral_out,mem,product_avg,product_int,velx_avg,velx_int,vely_avg,vely_int,vol,M0_ps,M1_ps,M3_ps,Tau_ps,M0_eff_ps,M1_eff_ps,M3_eff_ps
0,0,0,163.25085090121,-1.0,-7.6909254109962e-17,0.0,0.0,8958,0.0,0.0,0.0,0.0,0.0,0.0,0.75663999999987,0.7567298926510335,147.76779741563018,6084,1.1249084254683261,0.7567298926510335,147.76779741563018,6084
1,29715957,6330460,163.25085090121,-0.29459974004681,3.7975336169435e-05,6.7761628545631e-07,6.7688783337983e-07,15650,-8.484472503675e-07,-5.2087729006279e-07,8.8187590976744e-07,5.4139975567408e-07,-1.0655972333547e-10,-6.5418963756179e-11,0.75663999999987,0.7567298926510335,147.76779741563018,6084,1.1249084254683261,0.7567298926510335,147.76779741563018,6084
