time,NumDofs,NumElems,area,gradPx_avg,gradPy_avg,integral_in,integral_out,mem,product_avg,product_int,velx_avg,velx_int,vely_avg,vely_int,vol,M0_ps,M1_ps,M3_ps,Tau_ps,M0_eff_ps,M1_eff_ps,M3_eff_ps
0,0,0,84.844015788198,-1.0,4.7152910764450997e-17,0.0,0.0,6441,0.0,0.0,0.0,0.0,0.0,0.0,0.90454080598702,0.9043357255593351,77.68114928705386,3364,1.1238833021218502,0.9043357255593351,77.68114928705386,3364
1,20489871,4411804,84.844015788198,-0.29804353007538,0.0012565508721202,5.9104423300061e-06,5.9110035360055e-06,11104,-6.4161566482944e-06,-4.7046966213567e-06,6.6269959204768e-06,4.8592961527989e-06,1.4138992353822e-09,1.0367525795072e-09,0.90454080598702,0.9043357255593351,77.68114928705386,3364,1.1238833021218502,0.9043357255593351,77.68114928705386,3364
