time,NumDofs,NumElems,area,gradPx_avg,gradPy_avg,integral_in,integral_out,mem,product_avg,product_int,velx_avg,velx_int,vely_avg,vely_int,vol,M0_ps,M1_ps,M3_ps,Tau_ps,M0_eff_ps,M1_eff_ps,M3_eff_ps
0,0,0,106.5594431348,-1.0,-6.6213857159283e-17,0.0,0.0,7165,0.0,0.0,0.0,0.0,0.0,0.0,0.88010847363098,0.8797605230501082,97.60348201989282,4225,1.1557752653198048,0.8797605230501082,97.60348201989282,4225
1,22948410,4922271,106.5594431348,-0.28777075204067,0.0009612217495577,3.3789570991091e-06,3.3784144801391e-06,11971,-3.7139421966063e-06,-2.6414583933094e-06,3.839895478442e-06,2.7310398503858e-06,7.2347767368154e-10,5.1455732813082e-10,0.88010847363098,0.8797605230501082,97.60348201989282,4225,1.1557752653198048,0.8797605230501082,97.60348201989282,4225
