time,NumDofs,NumElems,area,gradPx_avg,gradPy_avg,integral_in,integral_out,mem,product_avg,product_int,velx_avg,velx_int,vely_avg,vely_int,vol,M0_ps,M1_ps,M3_ps,Tau_ps,M0_eff_ps,M1_eff_ps,M3_eff_ps
0,0,0,84.844015788198,-1.0,1.5355809194171e-17,0.0,0.0,6440,0.0,0.0,0.0,0.0,0.0,0.0,0.90454080598702,0.9044421508347356,77.89651683010979,4301,1.2103990380197436,0.9044421508347356,77.89651683010979,4301
1,20483256,4410334,84.844015788198,-0.37895637919919,-0.10724999514191,8.3523149305081e-06,8.3546581598287e-06,10746,-9.1364011581645e-06,-6.6995282583933e-06,9.3874606254901e-06,6.8836248153163e-06,8.3792287331911e-07,6.1443098556799e-07,0.90454080598702,0.9044421508347356,77.89651683010979,4301,1.2103990380197436,0.9044421508347356,77.89651683010979,4301
