time,NumDofs,NumElems,area,gradPx_avg,gradPy_avg,integral_in,integral_out,mem,product_avg,product_int,velx_avg,velx_int,vely_avg,vely_int,vol,M0_ps,M1_ps,M3_ps,Tau_ps,M0_eff_ps,M1_eff_ps,M3_eff_ps
0,0,0,25.406261197407,-1.0,-5.667540710812499e-17,0.0,0.0,4380,0.0,0.0,0.0,0.0,0.0,0.0,0.97328437232304,0.9731868546712664,23.166878420213617,1404,1.0592922921303674,0.9731868546712664,23.166878420213617,1404
1,13549347,2967648,25.406261197407,-0.40757369973771,-0.11347788964651,6.6158402773913e-05,6.6164490195972e-05,7390,-6.8635650863059e-05,-5.4177230506641e-05,6.9936233629825e-05,5.5203839440366e-05,5.1656222538928e-06,4.0774598046394e-06,0.97328437232304,0.9731868546712664,23.166878420213617,1404,1.0592922921303674,0.9731868546712664,23.166878420213617,1404
