time,NumDofs,NumElems,area,gradPx_avg,gradPy_avg,integral_in,integral_out,mem,product_avg,product_int,velx_avg,velx_int,vely_avg,vely_int,vol,M0_ps,M1_ps,M3_ps,Tau_ps,M0_eff_ps,M1_eff_ps,M3_eff_ps
0,0,0,74.685809630929,-1.0,3.6310501096165e-17,0.0,0.0,4532,0.0,0.0,0.0,0.0,0.0,0.0,0.84090358259361,0.8405689133778579,74.32733692512572,2704,1.2842504943866446,0.8405689133778579,74.32733692512572,2704
1,13932570,3001054,74.685809630929,-0.59314874719197,-0.0002097784464795,1.1420345586573e-05,1.1420158137498e-05,7876,-1.3642522916913e-05,-9.3202680186452e-06,1.3770659559127e-05,9.4078081207011e-06,-7.0844054194724e-10,-4.8399081067601e-10,0.84090358259361,0.8405689133778579,74.32733692512572,2704,1.2842504943866446,0.8405689133778579,74.32733692512572,2704
