time,NumDofs,NumElems,area,gradPx_avg,gradPy_avg,integral_in,integral_out,mem,product_avg,product_int,velx_avg,velx_int,vely_avg,vely_int,vol,M0_ps,M1_ps,M3_ps,Tau_ps,M0_eff_ps,M1_eff_ps,M3_eff_ps
0,0,0,102.7560221771,-1.0,-4.5619357629318e-17,0.0,0.0,7198,0.0,0.0,0.0,0.0,0.0,0.0,0.90139266110449,0.9012323243681752,91.93310289573934,4225,1.0995784334376786,0.9012323243681752,91.93310289573934,4225
1,23163456,4974284,102.7560221771,-0.23731325657256,0.0003893443370331,2.9373135834768e-06,2.9385606693827e-06,12025,-3.1307859235739e-06,-2.2819749582704e-06,3.2624486178651e-06,2.3779415873039e-06,-9.137242899814601e-10,-6.6599761190982e-10,0.90139266110449,0.9012323243681752,91.93310289573934,4225,1.0995784334376786,0.9012323243681752,91.93310289573934,4225
