time,NumDofs,NumElems,area,gradPx_avg,gradPy_avg,integral_in,integral_out,mem,product_avg,product_int,velx_avg,velx_int,vely_avg,vely_int,vol,M0_ps,M1_ps,M3_ps,Tau_ps,M0_eff_ps,M1_eff_ps,M3_eff_ps
0,0,0,60.802379986454,-1.0,3.6366151694384e-17,0.0,0.0,5770,0.0,0.0,0.0,0.0,0.0,0.0,0.9416524621919,0.9415905960217027,54.62745907333867,3748,1.1451111357582298,0.9415905960217027,54.62745907333867,3748
1,17992470,3895326,60.802379986454,-0.38891292521735,-0.14786301323287,1.5974857129058e-05,1.5977123718726e-05,9589,-1.6857689835409e-05,-1.2858340140877e-05,1.7228727610482e-05,1.3141352224003e-05,2.0525627523876e-06,1.5656089469186e-06,0.9416524621919,0.9415905960217027,54.62745907333867,3748,1.1451111357582298,0.9415905960217027,54.62745907333867,3748
