time,NumDofs,NumElems,area,gradPx_avg,gradPy_avg,integral_in,integral_out,mem,product_avg,product_int,velx_avg,velx_int,vely_avg,vely_int,vol,M0_ps,M1_ps,M3_ps,Tau_ps,M0_eff_ps,M1_eff_ps,M3_eff_ps
0,0,0,83.551987475427,-1.0,-1.0139523378037001e-16,0.0,0.0,4648,0.0,0.0,0.0,0.0,0.0,0.0,0.82201676676982,0.8217075433431994,83.11827493262028,3025,1.2419284515149294,0.8217075433431994,83.11827493262028,3025
1,14334735,3079296,83.551987475427,-0.49704899544824,-8.9374232955052e-05,7.1630276218478e-06,7.1590793309203e-06,8176,-8.7664189508842e-06,-5.8624254595117e-06,8.8963701674283e-06,5.9493285980259e-06,4.1031000306048e-10,2.7438932838037e-10,0.82201676676982,0.8217075433431994,83.11827493262028,3025,1.2419284515149294,0.8217075433431994,83.11827493262028,3025
