time,NumDofs,NumElems,area,gradPx_avg,gradPy_avg,integral_in,integral_out,mem,product_avg,product_int,velx_avg,velx_int,vely_avg,vely_int,vol,M0_ps,M1_ps,M3_ps,Tau_ps,M0_eff_ps,M1_eff_ps,M3_eff_ps
0,0,0,36.830818551935,-1.0,-2.0113520354127998e-17,0.0,0.0,4188,0.0,0.0,0.0,0.0,0.0,0.0,0.94032604399707,0.9401889952249187,36.49850693923142,1521,1.0961249569831994,0.9401889952249187,36.49850693923142,1521
1,12772809,2786875,36.830818551935,-0.49112060434306,-0.12801546353685,3.4507492402167e-05,3.4507086472157e-05,7419,-3.7171133370693e-05,-2.83222419107e-05,3.7549521062789e-05,2.8610551326631e-05,3.1069520887451e-06,2.3673168042751e-06,0.94032604399707,0.9401889952249187,36.49850693923142,1521,1.0961249569831994,0.9401889952249187,36.49850693923142,1521
