time,NumDofs,NumElems,area,gradPx_avg,gradPy_avg,integral_in,integral_out,mem,product_avg,product_int,velx_avg,velx_int,vely_avg,vely_int,vol,M0_ps,M1_ps,M3_ps,Tau_ps,M0_eff_ps,M1_eff_ps,M3_eff_ps
0,0,0,126.96809362977,-1.0,1.7730657637285e-17,0.0,0.0,7697,0.0,0.0,0.0,0.0,0.0,0.0,0.77554999999987,0.7744225926803506,115.44786254402078,4489,1.290684639250569,0.7744225926803506,115.44786254402078,4489
1,24955782,5331916,126.96809362977,-0.49134141001434,0.0001808016625498,3.4310286974601e-06,3.4312513479152e-06,12983,-4.3562470900649e-06,-2.7296364244902e-06,4.4187251903467e-06,2.7687853742022e-06,-1.2993088460426002e-10,-8.1415050145089e-11,0.77554999999987,0.7744225926803506,115.44786254402078,4489,1.290684639250569,0.7744225926803506,115.44786254402078,4489
