time,NumDofs,NumElems,area,gradPx_avg,gradPy_avg,integral_in,integral_out,mem,product_avg,product_int,velx_avg,velx_int,vely_avg,vely_int,vol,M0_ps,M1_ps,M3_ps,Tau_ps,M0_eff_ps,M1_eff_ps,M3_eff_ps
0,0,0,125.4074578842,-1.0,-3.6602306955381e-17,0.0,0.0,5538,0.0,0.0,0.0,0.0,0.0,0.0,0.75348584770812,0.753017056156401,124.65095142164972,4761,1.188538792398864,0.753017056156401,124.65095142164972,4761
1,16598790,3525412,125.4074578842,-0.34137843893554,-0.0003743766937594,1.4976154957924e-06,1.4977139196368e-06,9574,-1.9183990734647e-06,-1.1681034051048e-06,1.9661288701493e-06,1.1971658347127e-06,-9.721660023873201e-10,-5.919469173141901e-10,0.75348584770812,0.753017056156401,124.65095142164972,4761,1.188538792398864,0.753017056156401,124.65095142164972,4761
