time,NumDofs,NumElems,area,gradPx_avg,gradPy_avg,integral_in,integral_out,mem,product_avg,product_int,velx_avg,velx_int,vely_avg,vely_int,vol,M0_ps,M1_ps,M3_ps,Tau_ps,M0_eff_ps,M1_eff_ps,M3_eff_ps
0,0,0,83.819822700956,-1.0,1.459093529576e-17,0.0,0.0,6373,0.0,0.0,0.0,0.0,0.0,0.0,0.86092922819734,0.8605246565274838,77.07454693999675,3025,1.2370622346339468,0.8605246565274838,77.07454693999675,3025
1,20151297,4337582,83.819822700956,-0.35086324559574,-0.056385330075447,7.4735707665613e-06,7.4733535178836e-06,10611,-8.5966936643086e-06,-6.0142651682064e-06,8.8224532879371e-06,6.1722070809692e-06,4.1888241496261e-07,2.9305102825092e-07,0.86092922819734,0.8605246565274838,77.07454693999675,3025,1.2370622346339468,0.8605246565274838,77.07454693999675,3025
