time,NumDofs,NumElems,area,gradPx_avg,gradPy_avg,integral_in,integral_out,mem,product_avg,product_int,velx_avg,velx_int,vely_avg,vely_int,vol,M0_ps,M1_ps,M3_ps,Tau_ps,M0_eff_ps,M1_eff_ps,M3_eff_ps
0,0,0,30.449699918945,-1.0,-2.6907099588143e-17,0.0,0.0,3966,0.0,0.0,0.0,0.0,0.0,0.0,0.94014485191074,0.9400062650350802,30.268580527551283,1156,1.082482188500357,0.9400062650350802,30.268580527551283,1156
1,11952630,2615502,30.449699918945,-0.50182460484509,0.0024872711906747,4.7344375136576e-05,4.7467381530023e-05,7008,-5.1178901293031e-05,-3.907005409101e-05,5.192076103431e-05,3.9636390989368e-05,-7.2769349459861e-08,-5.5552236326564e-08,0.94014485191074,0.9400062650350802,30.268580527551283,1156,1.082482188500357,0.9400062650350802,30.268580527551283,1156
