time,NumDofs,NumElems,area,gradPx_avg,gradPy_avg,integral_in,integral_out,mem,product_avg,product_int,velx_avg,velx_int,vely_avg,vely_int,vol,M0_ps,M1_ps,M3_ps,Tau_ps,M0_eff_ps,M1_eff_ps,M3_eff_ps
0,0,0,49.459700189682,-1.0,1.5262879887111e-18,0.0,0.0,5351,0.0,0.0,0.0,0.0,0.0,0.0,0.94158966890761,0.9415544515885479,45.57572127449324,2337,1.1189223628661493,0.9415544515885479,45.57572127449324,2337
1,16395159,3559432,49.459700189682,-0.38504576455654,-0.083089192214888,2.277372757634e-05,2.2775117898013e-05,9412,-2.4108409649721e-05,-1.8363598998351e-05,2.4392585134983e-05,1.8580058098406e-05,1.4235040944182e-06,1.0842962577048e-06,0.94158966890761,0.9415544515885479,45.57572127449324,2337,1.1189223628661493,0.9415544515885479,45.57572127449324,2337
