time,NumDofs,NumElems,area,gradPx_avg,gradPy_avg,integral_in,integral_out,mem,product_avg,product_int,velx_avg,velx_int,vely_avg,vely_int,vol,M0_ps,M1_ps,M3_ps,Tau_ps,M0_eff_ps,M1_eff_ps,M3_eff_ps
0,0,0,59.374524338389,-1.0,-3.0020074277214e-17,0.0,0.0,5718,0.0,0.0,0.0,0.0,0.0,0.0,0.94967965057152,0.9496528126393067,52.147849205854,3314,1.1315232539483235,0.9496528126393067,52.147849205854,3314
1,17831823,3862960,59.374524338389,-0.39211064767242,0.0004184825398675,1.6191096924813e-05,1.662117182667e-05,10112,-1.7157920658694e-05,-1.3198986782633e-05,1.7531033676655e-05,1.3486009545499e-05,-1.4076933744842e-08,-1.082889157341e-08,0.94967965057152,0.9496528126393067,52.147849205854,3314,1.1315232539483235,0.9496528126393067,52.147849205854,3314
