time,NumDofs,NumElems,area,gradPx_avg,gradPy_avg,integral_in,integral_out,mem,product_avg,product_int,velx_avg,velx_int,vely_avg,vely_int,vol,M0_ps,M1_ps,M3_ps,Tau_ps,M0_eff_ps,M1_eff_ps,M3_eff_ps
0,0,0,58.394605738985,-1.0,-2.2746304055883e-17,0.0,0.0,5679,0.0,0.0,0.0,0.0,0.0,0.0,0.9439630246891,0.9438847635150059,52.121438294304,2969,1.1319586398325256,0.9438847635150059,52.121438294304,2969
1,17667750,3827192,58.394605738985,-0.38893866548032,-0.0005972989998303,1.6733179401564e-05,1.6912221798026e-05,9426,-1.773762386845e-05,-1.3550953283381e-05,1.8063552104597e-05,1.3799951589722e-05,2.1057640065307e-08,1.6087334972232e-08,0.9439630246891,0.9438847635150059,52.121438294304,2969,1.1319586398325256,0.9438847635150059,52.121438294304,2969
