time,NumDofs,NumElems,area,gradPx_avg,gradPy_avg,integral_in,integral_out,mem,product_avg,product_int,velx_avg,velx_int,vely_avg,vely_int,vol,M0_ps,M1_ps,M3_ps,Tau_ps,M0_eff_ps,M1_eff_ps,M3_eff_ps
0,0,0,91.970516881624,-1.0,1.4268790586111e-17,0.0,0.0,6703,0.0,0.0,0.0,0.0,0.0,0.0,0.89138574796858,0.8911791518909563,84.27066772783766,3896,1.225673160546082,0.8911791518909563,84.27066772783766,3896
1,21459699,4613888,91.970516881624,-0.38047196130397,-0.0001658404880163,7.1227300619695e-06,7.0662069840655e-06,11196,-7.7632129365231e-06,-5.6052930403076e-06,7.9619091256396e-06,5.7487581719608e-06,-1.0628553222459e-09,-7.6741622178237e-10,0.89138574796858,0.8911791518909563,84.27066772783766,3896,1.225673160546082,0.8911791518909563,84.27066772783766,3896
