time,NumDofs,NumElems,area,gradPx_avg,gradPy_avg,integral_in,integral_out,mem,product_avg,product_int,velx_avg,velx_int,vely_avg,vely_int,vol,M0_ps,M1_ps,M3_ps,Tau_ps,M0_eff_ps,M1_eff_ps,M3_eff_ps
0,0,0,22.699052975436,-1.0,-5.2565974869908e-17,0.0,0.0,4265,0.0,0.0,0.0,0.0,0.0,0.0,0.97446097663105,0.9743685768330248,20.798741117827337,900,1.0328246172926867,0.9743685768330248,20.798741117827337,900
1,13101777,2872672,22.699052975436,-0.3026260563989,0.0016785016027883,6.8286729572712e-05,6.8283175973072e-05,7411,-7.0959778129354e-05,-5.6009260292962e-05,7.1917456960682e-05,5.6765165741865e-05,1.3663279545163e-08,1.0784562757588e-08,0.97446097663105,0.9743685768330248,20.798741117827337,900,1.0328246172926867,0.9743685768330248,20.798741117827337,900
