time,NumDofs,NumElems,area,gradPx_avg,gradPy_avg,integral_in,integral_out,mem,product_avg,product_int,velx_avg,velx_int,vely_avg,vely_int,vol,M0_ps,M1_ps,M3_ps,Tau_ps,M0_eff_ps,M1_eff_ps,M3_eff_ps
0,0,0,3.388,-1.0,-6.5863133204806e-17,0.0,0.0,3653,0.0,0.0,0.0,0.0,0.0,0.0,0.9941919999993,0.9941646820695499,3.1193203806055627,121,1.0088489645112175,0.9941646820695499,3.1193203806055627,121
1,10901880,2415740,3.388,-0.42583364946996,-0.026753228319851,0.0010656679152167,0.0010656798190618,6805,-0.0011159390095354,-0.0008995763883531,0.0011511526652766,0.0009279626827488,1.5242228151981e-05,1.2287005323993e-05,0.9941919999993,0.9941646820695499,3.1193203806055627,121,1.0088489645112175,0.9941646820695499,3.1193203806055627,121
