time,NumDofs,NumElems,area,gradPx_avg,gradPy_avg,integral_in,integral_out,mem,product_avg,product_int,velx_avg,velx_int,vely_avg,vely_int,vol,M0_ps,M1_ps,M3_ps,Tau_ps,M0_eff_ps,M1_eff_ps,M3_eff_ps
0,0,0,15.134294276765,-1.0,2.0148036031636e-17,0.0,0.0,3765,0.0,0.0,0.0,0.0,0.0,0.0,0.97547914365329,0.9754207814426448,15.000952506778894,625,1.038903661022283,0.9754207814426448,15.000952506778894,625
1,11312559,2491943,15.134294276765,-0.49475836535181,-0.13958965729139,0.0001328853262758,0.0001328892732273,7104,-0.0001411101168245,-0.0001113705047772,0.0001397345114572,0.0001102848146257,8.9393035962639e-06,7.055303873864e-06,0.97547914365329,0.9754207814426448,15.000952506778894,625,1.038903661022283,0.9754207814426448,15.000952506778894,625
