time,NumDofs,NumElems,area,gradPx_avg,gradPy_avg,integral_in,integral_out,mem,product_avg,product_int,velx_avg,velx_int,vely_avg,vely_int,vol,M0_ps,M1_ps,M3_ps,Tau_ps,M0_eff_ps,M1_eff_ps,M3_eff_ps
0,0,0,98.013264185478,-1.0,8.1442485981827e-17,0.0,0.0,4918,0.0,0.0,0.0,0.0,0.0,0.0,0.80733476986393,0.806891337785792,97.4398360699338,3721,1.2802248547264672,0.806891337785792,97.4398360699338,3721
1,15313383,3275126,98.013264185478,-0.48498012860828,-0.0006289454597032,5.075073890959e-06,5.1273348277729e-06,8208,-6.2691585423593e-06,-4.0961252163369e-06,6.3348567464172e-06,4.1390509245465e-06,7.1727076412748e-09,4.6864835911106e-09,0.80733476986393,0.806891337785792,97.4398360699338,3721,1.2802248547264672,0.806891337785792,97.4398360699338,3721
