time,NumDofs,NumElems,area,gradPx_avg,gradPy_avg,integral_in,integral_out,mem,product_avg,product_int,velx_avg,velx_int,vely_avg,vely_int,vol,M0_ps,M1_ps,M3_ps,Tau_ps,M0_eff_ps,M1_eff_ps,M3_eff_ps
0,0,0,36.992167983766,-1.0,8.5106286722956e-17,0.0,0.0,4764,0.0,0.0,0.0,0.0,0.0,0.0,0.96450135799749,0.9644358857996554,33.08201178377091,1872,1.0827794435981575,0.9644358857996554,33.08201178377091,1872
1,15039864,3279004,36.992167983766,-0.4014167868601,-0.0022451613617359,3.6748110256274e-05,3.6527603140696e-05,8061,-3.8284117529736e-05,-2.9915195970599e-05,3.8797537820176e-05,3.0316382404944e-05,1.0932474706188e-07,8.5426318897179e-08,0.96450135799749,0.9644358857996554,33.08201178377091,1872,1.0827794435981575,0.9644358857996554,33.08201178377091,1872
