time,NumDofs,NumElems,area,gradPx_avg,gradPy_avg,integral_in,integral_out,mem,product_avg,product_int,velx_avg,velx_int,vely_avg,vely_int,vol,M0_ps,M1_ps,M3_ps,Tau_ps,M0_eff_ps,M1_eff_ps,M3_eff_ps
0,0,0,31.929288436891,-1.0,-3.0790681206034e-17,0.0,0.0,3962,0.0,0.0,0.0,0.0,0.0,0.0,0.93198392806083,0.9318506752984927,31.765377811301835,1156,1.113238131604937,0.9318506752984927,31.765377811301835,1156
1,11935038,2610822,31.929288436891,-0.58092047465771,-0.0001770948760768,4.9666684044645e-05,4.9662740492897e-05,7035,-5.4080435492665e-05,-4.0941433475608e-05,5.4768577950571e-05,4.1462389684733e-05,-9.8759294001341e-10,-7.4765430947802e-10,0.93198392806083,0.9318506752984927,31.765377811301835,1156,1.113238131604937,0.9318506752984927,31.765377811301835,1156
