time,NumDofs,NumElems,area,gradPx_avg,gradPy_avg,integral_in,integral_out,mem,product_avg,product_int,velx_avg,velx_int,vely_avg,vely_int,vol,M0_ps,M1_ps,M3_ps,Tau_ps,M0_eff_ps,M1_eff_ps,M3_eff_ps
0,0,0,27.454780054071,-1.0,1.1373849275760001e-17,0.0,0.0,4468,0.0,0.0,0.0,0.0,0.0,0.0,0.97673187042411,0.9766727844466488,24.130095401338412,1536,1.0590851895407136,0.9766727844466488,24.130095401338412,1536
1,13864389,3034172,27.454780054071,-0.4125010636839,-0.0008081945122849,5.7963644436208e-05,5.8134731665649e-05,7421,-6.0088494903926e-05,-4.7583473125422e-05,6.123494656486e-05,4.8491336633817e-05,1.8229187960468e-07,1.4435510105588e-07,0.97673187042411,0.9766727844466488,24.130095401338412,1536,1.0590851895407136,0.9766727844466488,24.130095401338412,1536
