time,NumDofs,NumElems,area,gradPx_avg,gradPy_avg,integral_in,integral_out,mem,product_avg,product_int,velx_avg,velx_int,vely_avg,vely_int,vol,M0_ps,M1_ps,M3_ps,Tau_ps,M0_eff_ps,M1_eff_ps,M3_eff_ps
0,0,0,49.459700189681,-1.0,1.1593363383509e-17,0.0,0.0,5353,0.0,0.0,0.0,0.0,0.0,0.0,0.94158966890759,0.9414249340364095,45.42271556783643,2103,1.1166539262767976,0.9414249340364095,45.42271556783643,2103
1,16428315,3566800,49.459700189681,-0.39158298937711,-0.0001534369812431,2.289572811979e-05,2.2661272366644e-05,9034,-2.4116059439956e-05,-1.8369478502257e-05,2.4370847008368e-05,1.8563553109356e-05,1.9905499708595e-08,1.5162246961786e-08,0.94158966890759,0.9414249340364095,45.42271556783643,2103,1.1166539262767976,0.9414249340364095,45.42271556783643,2103
