time,NumDofs,NumElems,area,gradPx_avg,gradPy_avg,integral_in,integral_out,mem,product_avg,product_int,velx_avg,velx_int,vely_avg,vely_int,vol,M0_ps,M1_ps,M3_ps,Tau_ps,M0_eff_ps,M1_eff_ps,M3_eff_ps
0,0,0,78.244490668622,-1.0,-1.5777215331532e-17,0.0,0.0,6283,0.0,0.0,0.0,0.0,0.0,0.0,0.88335999999991,0.8830807908401974,71.84836266730898,2916,1.2181885594548172,0.8830807908401974,71.84836266730898,2916
1,19837440,4276738,78.244490668622,-0.36003050464127,-0.08569089287075,9.0719143459339e-06,9.071710307755e-06,10625,-1.0161065382624e-05,-7.2932810629338e-06,1.042409225862e-05,7.4820731690275e-06,8.1763406642717e-07,5.8687104437693e-07,0.88335999999991,0.8830807908401974,71.84836266730898,2916,1.2181885594548172,0.8830807908401974,71.84836266730898,2916
