time,NumDofs,NumElems,area,gradPx_avg,gradPy_avg,integral_in,integral_out,mem,product_avg,product_int,velx_avg,velx_int,vely_avg,vely_int,vol,M0_ps,M1_ps,M3_ps,Tau_ps,M0_eff_ps,M1_eff_ps,M3_eff_ps
0,0,0,84.661233893104,-1.0,-5.0218944320771e-17,0.0,0.0,6506,0.0,0.0,0.0,0.0,0.0,0.0,0.91875688835596,0.9186408889924137,75.74241457604272,3481,1.0826973278182122,0.9186408889924137,75.74241457604272,3481
1,20751204,4468484,84.661233893104,-0.24815652884929,0.0005335455164203,4.9065458587193e-06,4.9063832327923e-06,10763,-5.1805230283754e-06,-3.8565624754801e-06,5.3843292359029e-06,4.008282942297e-06,-6.9734389562901e-10,-5.1912717801997e-10,0.91875688835596,0.9186408889924137,75.74241457604272,3481,1.0826973278182122,0.9186408889924137,75.74241457604272,3481
