time,NumDofs,NumElems,area,gradPx_avg,gradPy_avg,integral_in,integral_out,mem,product_avg,product_int,velx_avg,velx_int,vely_avg,vely_int,vol,M0_ps,M1_ps,M3_ps,Tau_ps,M0_eff_ps,M1_eff_ps,M3_eff_ps
0,0,0,21.37482876182,-1.0,-8.0589164515139e-18,0.0,0.0,4222,0.0,0.0,0.0,0.0,0.0,0.0,0.98188467420502,0.9818293902434126,18.71710128499026,900,1.0712939862856978,0.9818293902434126,18.71710128499026,900
1,12955527,2842272,21.37482876182,-0.65256180575551,-0.0007906011867278,0.0001084596727924,0.0001084970478398,7062,-0.0001126664896983,-8.9606563514359e-05,0.0001135950704922,9.0345087756177e-05,-3.0768778294551e-09,-2.4471202518969e-09,0.98188467420502,0.9818293902434126,18.71710128499026,900,1.0712939862856978,0.9818293902434126,18.71710128499026,900
