time,NumDofs,NumElems,area,gradPx_avg,gradPy_avg,integral_in,integral_out,mem,product_avg,product_int,velx_avg,velx_int,vely_avg,vely_int,vol,M0_ps,M1_ps,M3_ps,Tau_ps,M0_eff_ps,M1_eff_ps,M3_eff_ps
0,0,0,83.55198747543,-1.0,2.3906293105278002e-18,0.0,0.0,4657,0.0,0.0,0.0,0.0,0.0,0.0,0.82201676676989,0.8216442905851784,83.13931768145238,3025,1.32380918513855,0.8216442905851784,83.13931768145238,3025
1,14355759,3083968,83.55198747543,-0.59391833488846,-0.000115169647075,9.1820662823185e-06,9.1817491285053e-06,7656,-1.1193349052775e-05,-7.4855328935692e-06,1.1322596848826e-05,7.5719671344918e-06,-5.9619419675902e-10,-3.9870384187548e-10,0.82201676676989,0.8216442905851784,83.13931768145238,3025,1.32380918513855,0.8216442905851784,83.13931768145238,3025
