time,NumDofs,NumElems,area,gradPx_avg,gradPy_avg,integral_in,integral_out,mem,product_avg,product_int,velx_avg,velx_int,vely_avg,vely_int,vol,M0_ps,M1_ps,M3_ps,Tau_ps,M0_eff_ps,M1_eff_ps,M3_eff_ps
0,0,0,101.39749486199,-1.0,-5.6760616090428e-17,0.0,0.0,7059,0.0,0.0,0.0,0.0,0.0,0.0,0.88025278713538,0.8799944578535829,92.9701702590484,4302,1.2501625285966436,0.8799944578535829,92.9701702590484,4302
1,22550616,4840570,101.39749486199,-0.37399935188142,-0.0021825486454459,5.6837714517776e-06,5.6234251250264e-06,11788,-6.2813289358982e-06,-4.4722822411898e-06,6.437989789585e-06,4.583824171406e-06,2.0336630136787e-08,1.4479603079948e-08,0.88025278713538,0.8799944578535829,92.9701702590484,4302,1.2501625285966436,0.8799944578535829,92.9701702590484,4302
