time,NumDofs,NumElems,area,gradPx_avg,gradPy_avg,integral_in,integral_out,mem,product_avg,product_int,velx_avg,velx_int,vely_avg,vely_int,vol,M0_ps,M1_ps,M3_ps,Tau_ps,M0_eff_ps,M1_eff_ps,M3_eff_ps
0,0,0,152.14313731128,-1.0,-5.0805824274942e-17,0.0,0.0,5975,0.0,0.0,0.0,0.0,0.0,0.0,0.70093137079652,0.7003596371098911,151.23690357800183,5776,1.8234176901673,0.7003596371098911,151.23690357800183,5776
1,18176994,3841614,152.14313731128,-0.66175041620119,6.2107278876267e-05,2.8647082794388e-06,2.863962156872e-06,9883,-4.0462587840472e-06,-2.3072977229759e-06,4.0933141070277e-06,2.3341300748746e-06,-2.2483932375918e-10,-1.2821010405718002e-10,0.70093137079652,0.7003596371098911,151.23690357800183,5776,1.8234176901673,0.7003596371098911,151.23690357800183,5776
