time,NumDofs,NumElems,area,gradPx_avg,gradPy_avg,integral_in,integral_out,mem,product_avg,product_int,velx_avg,velx_int,vely_avg,vely_int,vol,M0_ps,M1_ps,M3_ps,Tau_ps,M0_eff_ps,M1_eff_ps,M3_eff_ps
0,0,0,21.654465514293,-1.0,3.1085861751655e-17,0.0,0.0,3791,0.0,0.0,0.0,0.0,0.0,0.0,0.95387145294053,0.9537782980791242,21.54316101878511,784,1.0600234406414664,0.9537782980791242,21.54316101878511,784
1,11364285,2496884,21.654465514293,-0.5062821387913,-0.0616777317357,8.2361506009116e-05,8.2360404495108e-05,6902,-8.8702213913583e-05,-6.8328943176623e-05,8.8326701543585e-05,6.8039679106882e-05,2.8497288119313e-06,2.1951983999964e-06,0.95387145294053,0.9537782980791242,21.54316101878511,784,1.0600234406414664,0.9537782980791242,21.54316101878511,784
