time,NumDofs,NumElems,area,gradPx_avg,gradPy_avg,integral_in,integral_out,mem,product_avg,product_int,velx_avg,velx_int,vely_avg,vely_int,vol,M0_ps,M1_ps,M3_ps,Tau_ps,M0_eff_ps,M1_eff_ps,M3_eff_ps
0,0,0,111.37568995631,-1.0,-7.3799796672158e-18,0.0,0.0,7345,0.0,0.0,0.0,0.0,0.0,0.0,0.88288432359248,0.8826922381837824,101.07001919235543,4489,1.1337519490759795,0.8826922381837824,101.07001919235543,4489
1,23643117,5068643,111.37568995631,-0.26929571737908,0.0015779221846601,2.6310620034518e-06,2.633174228241e-06,12547,-2.8636486926201e-06,-2.0443619282371e-06,2.9812281713504e-06,2.1283020464777e-06,-2.0982757500412e-09,-1.4979613488841e-09,0.88288432359248,0.8826922381837824,101.07001919235543,4489,1.1337519490759795,0.8826922381837824,101.07001919235543,4489
