time,NumDofs,NumElems,area,gradPx_avg,gradPy_avg,integral_in,integral_out,mem,product_avg,product_int,velx_avg,velx_int,vely_avg,vely_int,vol,M0_ps,M1_ps,M3_ps,Tau_ps,M0_eff_ps,M1_eff_ps,M3_eff_ps
0,0,0,11.199999999999,-1.0,-1.83495305786e-18,0.0,0.0,3913,0.0,0.0,0.0,0.0,0.0,0.0,0.98079999999968,0.9807229689840603,10.173977534631588,400,1.019320620001531,0.9807229689840603,10.173977534631588,400
1,11848509,2613268,11.199999999999,-0.3774760183061,-0.0002449156871534,0.0002147154524865,0.0002147201271326,7264,-0.0002262698715357,-0.0001797609625156,0.0002275912864272,0.0001808107656164,-6.1319993273528e-09,-4.871590255249e-09,0.98079999999968,0.9807229689840603,10.173977534631588,400,1.019320620001531,0.9807229689840603,10.173977534631588,400
