time,NumDofs,NumElems,area,gradPx_avg,gradPy_avg,integral_in,integral_out,mem,product_avg,product_int,velx_avg,velx_int,vely_avg,vely_int,vol,M0_ps,M1_ps,M3_ps,Tau_ps,M0_eff_ps,M1_eff_ps,M3_eff_ps
0,0,0,195.51493189375,-1.0,2.5535223873441e-17,0.0,0.0,10231,0.0,0.0,0.0,0.0,0.0,0.0,0.67560880468096,0.67500532126377,179.73979441695096,7056,1.6922229097756656,0.67500532126377,179.73979441695096,7056
1,32654583,6930664,195.51493189375,-0.28483474629631,-0.11479623989577,6.080440662246e-07,6.0841021188052e-07,16986,-8.3076165625598e-07,-4.5250872387019e-07,8.7965646906389e-07,4.7914130757331e-07,4.9298698973606e-08,2.6852577021361e-08,0.67560880468096,0.67500532126377,179.73979441695096,7056,1.6922229097756656,0.67500532126377,179.73979441695096,7056
