time,NumDofs,NumElems,area,gradPx_avg,gradPy_avg,integral_in,integral_out,mem,product_avg,product_int,velx_avg,velx_int,vely_avg,vely_int,vol,M0_ps,M1_ps,M3_ps,Tau_ps,M0_eff_ps,M1_eff_ps,M3_eff_ps
0,0,0,67.082039324955,-1.0,-2.8671190933744e-17,0.0,0.0,5902,0.0,0.0,0.0,0.0,0.0,0.0,0.89999999999992,0.8996951819470604,60.743181244541844,2500,1.0692219032481367,0.8996951819470604,60.743181244541844,2500
1,18341328,3962850,67.082039324955,-0.33320157795339,-7.3729762393616e-05,9.3179608484558e-06,9.3154898594324e-06,9816,-1.0298363719691e-05,-7.5078439139342e-06,1.046553232976e-05,7.6297152971826e-06,-1.1740062028981002e-10,-8.5588891257514e-11,0.89999999999992,0.8996951819470604,60.743181244541844,2500,1.0692219032481367,0.8996951819470604,60.743181244541844,2500
