time,NumDofs,NumElems,area,gradPx_avg,gradPy_avg,integral_in,integral_out,mem,product_avg,product_int,velx_avg,velx_int,vely_avg,vely_int,vol,M0_ps,M1_ps,M3_ps,Tau_ps,M0_eff_ps,M1_eff_ps,M3_eff_ps
0,0,0,70.610563377674,-1.0,6.391572563161e-17,0.0,0.0,4769,0.0,0.0,0.0,0.0,0.0,0.0,0.88559549263413,0.8853659222252119,69.96569872224057,2916,1.1883859387462843,0.8853659222252119,69.96569872224057,2916
1,14913630,3216578,70.610563377674,-0.48887533541878,-0.12507784752324,1.0993790664451e-05,1.0994185794683e-05,7930,-1.2415789518759e-05,-8.9346818979915e-06,1.2609661840612e-05,9.0741967892489e-06,1.2215567254545e-06,8.7905974451306e-07,0.88559549263413,0.8853659222252119,69.96569872224057,2916,1.1883859387462843,0.8853659222252119,69.96569872224057,2916
