time,NumDofs,NumElems,area,gradPx_avg,gradPy_avg,integral_in,integral_out,mem,product_avg,product_int,velx_avg,velx_int,vely_avg,vely_int,vol,M0_ps,M1_ps,M3_ps,Tau_ps,M0_eff_ps,M1_eff_ps,M3_eff_ps
0,0,0,14.811999999999,-1.0,4.1323226403582e-18,0.0,0.0,4040,0.0,0.0,0.0,0.0,0.0,0.0,0.97460799999975,0.9745061264814198,13.455085289550272,529,1.0255316412741624,0.9745061264814198,13.455085289550272,529
1,12265092,2699908,14.811999999999,-0.37574279529688,-0.0005978917462417,0.0001441128806113,0.000144101623478,7193,-0.0001529770386522,-0.0001206707990152,0.0001522390683683,0.0001200886759425,-5.0194090275453e-09,-3.9593922282363e-09,0.97460799999975,0.9745061264814198,13.455085289550272,529,1.0255316412741624,0.9745061264814198,13.455085289550272,529
