time,NumDofs,NumElems,area,gradPx_avg,gradPy_avg,integral_in,integral_out,mem,product_avg,product_int,velx_avg,velx_int,vely_avg,vely_int,vol,M0_ps,M1_ps,M3_ps,Tau_ps,M0_eff_ps,M1_eff_ps,M3_eff_ps
0,0,0,177.33780670624,-1.0,-2.4717929740282e-18,0.0,0.0,9184,0.0,0.0,0.0,0.0,0.0,0.0,0.70576762329349,0.705440942004249,160.87450875332266,6400,1.2031537318681689,0.705440942004249,160.87450875332266,6400
1,30509271,6484104,177.33780670624,-0.35874753705079,3.1447038093479e-05,7.3547873585901e-07,7.3548446421628e-07,15502,-9.9346532498368e-07,-5.6792515092438e-07,1.0240421467364e-06,5.8540472033863e-07,1.776440744741e-10,1.0155214809151001e-10,0.70576762329349,0.705440942004249,160.87450875332266,6400,1.2031537318681689,0.705440942004249,160.87450875332266,6400
