time,NumDofs,NumElems,area,gradPx_avg,gradPy_avg,integral_in,integral_out,mem,product_avg,product_int,velx_avg,velx_int,vely_avg,vely_int,vol,M0_ps,M1_ps,M3_ps,Tau_ps,M0_eff_ps,M1_eff_ps,M3_eff_ps
0,0,0,55.931495748012,-1.0,9.423861886722301e-18,0.0,0.0,4272,0.0,0.0,0.0,0.0,0.0,0.0,0.88085419924234,0.8806279894458255,55.648146599067,2025,1.2055998376624653,0.8806279894458255,55.648146599067,2025
1,13022253,2822300,55.931495748012,-0.59213442314626,-5.3050727530347e-05,1.9550234136298e-05,1.9553360067504e-05,7239,-2.2365478821211e-05,-1.5904065768876e-05,2.2332901638502e-05,1.5880900172444e-05,-5.0765859791773e-10,-3.6099543380944e-10,0.88085419924234,0.8806279894458255,55.648146599067,2025,1.2055998376624653,0.8806279894458255,55.648146599067,2025
