time,NumDofs,NumElems,area,gradPx_avg,gradPy_avg,integral_in,integral_out,mem,product_avg,product_int,velx_avg,velx_int,vely_avg,vely_int,vol,M0_ps,M1_ps,M3_ps,Tau_ps,M0_eff_ps,M1_eff_ps,M3_eff_ps
0,0,0,147.32327420774,-1.0,-2.489161378541e-17,0.0,0.0,6278,0.0,0.0,0.0,0.0,0.0,0.0,0.76130417599008,0.760854374078819,146.0990196787159,6084,1.4418333795421168,0.760854374078819,146.0990196787159,6084
1,19393452,4107550,147.32327420774,-0.43706214915889,0.0009706223756215,1.9835799246987e-06,1.8777549070286e-06,10414,-2.4285578554719e-06,-1.5003004581333e-06,2.4814481935197e-06,1.5329747459726e-06,-2.0889022806224e-09,-1.2904699970611e-09,0.76130417599008,0.760854374078819,146.0990196787159,6084,1.4418333795421168,0.760854374078819,146.0990196787159,6084
