time,NumDofs,NumElems,area,gradPx_avg,gradPy_avg,integral_in,integral_out,mem,product_avg,product_int,velx_avg,velx_int,vely_avg,vely_int,vol,M0_ps,M1_ps,M3_ps,Tau_ps,M0_eff_ps,M1_eff_ps,M3_eff_ps
0,0,0,136.54951935973,-1.0,-6.8763901287976005e-18,0.0,0.0,5704,0.0,0.0,0.0,0.0,0.0,0.0,0.73158383417757,0.7311125256525074,135.79224822875779,5184,1.4035664007881523,0.7311125256525074,135.79224822875779,5184
1,17151615,3633880,136.54951935973,-0.46620783055462,0.0012010680061954,2.1007732183255e-06,2.1506170857583e-06,9658,-2.7899044081052e-06,-1.6553086161065e-06,2.8372504019701e-06,1.6833999841674e-06,-3.5260389214047e-09,-2.0920726138041e-09,0.73158383417757,0.7311125256525074,135.79224822875779,5184,1.4035664007881523,0.7311125256525074,135.79224822875779,5184
