time,NumDofs,NumElems,area,gradPx_avg,gradPy_avg,integral_in,integral_out,mem,product_avg,product_int,velx_avg,velx_int,vely_avg,vely_int,vol,M0_ps,M1_ps,M3_ps,Tau_ps,M0_eff_ps,M1_eff_ps,M3_eff_ps
0,0,0,147.66143311514,-1.0,-5.6407584459171e-17,0.0,0.0,8285,0.0,0.0,0.0,0.0,0.0,0.0,0.755005572583,0.7543604242553242,135.7190621376806,5329,1.4629330518782375,0.7543604242553242,135.7190621376806,5329
1,27146241,5786030,147.66143311514,-0.31009337058645,-0.090548753259137,1.6819317596054e-06,1.6807076736309e-06,13747,-2.1178430574112e-06,-1.2995373005809e-06,2.2223097350298e-06,1.3636394746103e-06,1.5538388327863e-07,9.534566384561e-08,0.755005572583,0.7543604242553242,135.7190621376806,5329,1.4629330518782375,0.7543604242553242,135.7190621376806,5329
