time,NumDofs,NumElems,area,gradPx_avg,gradPy_avg,integral_in,integral_out,mem,product_avg,product_int,velx_avg,velx_int,vely_avg,vely_int,vol,M0_ps,M1_ps,M3_ps,Tau_ps,M0_eff_ps,M1_eff_ps,M3_eff_ps
0,0,0,123.58373286643,-1.0,-5.1569423301945e-17,0.0,0.0,7680,0.0,0.0,0.0,0.0,0.0,0.0,0.86095420610459,0.8606280697667881,113.16844549342643,4900,1.1805360715938409,0.8606280697667881,113.16844549342643,4900
1,24884454,5324378,123.58373286643,-0.28560421215426,0.0010643485013547,2.2555590250892e-06,2.2557103393801e-06,12981,-2.5024784115613e-06,-1.745172479196e-06,2.6141150204782e-06,1.8230253536315e-06,6.9733456369426e-10,4.863055296417701e-10,0.86095420610459,0.8606280697667881,113.16844549342643,4900,1.1805360715938409,0.8606280697667881,113.16844549342643,4900
