time,NumDofs,NumElems,area,gradPx_avg,gradPy_avg,integral_in,integral_out,mem,product_avg,product_int,velx_avg,velx_int,vely_avg,vely_int,vol,M0_ps,M1_ps,M3_ps,Tau_ps,M0_eff_ps,M1_eff_ps,M3_eff_ps
0,0,0,142.58101135835,-1.0,-6.0646773582484e-17,0.0,0.0,8140,0.0,0.0,0.0,0.0,0.0,0.0,0.7479499999998,0.7469849518676632,129.56379629772985,5041,1.3253092296320708,0.7469849518676632,129.56379629772985,5041
1,26553309,5660794,142.58101135835,-0.49642191136958,0.000161497065758,2.5536078845872e-06,2.5533847886361e-06,13487,-3.3634685187118e-06,-2.0416904461518e-06,3.4220597706116e-06,2.0772564693111e-06,-1.0869701169898001e-10,-6.5981188489332e-11,0.7479499999998,0.7469849518676632,129.56379629772985,5041,1.3253092296320708,0.7469849518676632,129.56379629772985,5041
