time,NumDofs,NumElems,area,gradPx_avg,gradPy_avg,integral_in,integral_out,mem,product_avg,product_int,velx_avg,velx_int,vely_avg,vely_int,vol,M0_ps,M1_ps,M3_ps,Tau_ps,M0_eff_ps,M1_eff_ps,M3_eff_ps
0,0,0,24.938129068062,-1.0,-5.2800563540151e-17,0.0,0.0,4349,0.0,0.0,0.0,0.0,0.0,0.0,0.95862357202559,0.9587110091927342,22.863676622072447,900,1.065730089874301,0.9587110091927342,22.863676622072447,900
1,13449933,2946140,24.938129068062,-0.38935402848607,-0.047135617068463,6.8687950671879e-05,6.8687805483648e-05,7764,-7.2889851214024e-05,-5.6597963526613e-05,7.3585384817986e-05,5.7138035771143e-05,2.6984823080446e-06,2.0953342708776e-06,0.95862357202559,0.9587110091927342,22.863676622072447,900,1.065730089874301,0.9587110091927342,22.863676622072447,900
