time,NumDofs,NumElems,area,gradPx_avg,gradPy_avg,integral_in,integral_out,mem,product_avg,product_int,velx_avg,velx_int,vely_avg,vely_int,vol,M0_ps,M1_ps,M3_ps,Tau_ps,M0_eff_ps,M1_eff_ps,M3_eff_ps
0,0,0,19.451668729263,-1.0,1.2674879112720002e-17,0.0,0.0,4165,0.0,0.0,0.0,0.0,0.0,0.0,0.97954584755899,0.9794358255589335,17.691048965283603,784,1.0608670771448099,0.9794358255589335,17.691048965283603,784
1,12716325,2792372,19.451668729263,-0.56660809362476,-0.0009583179142628,0.0001164103171971,0.0001164548529015,6865,-0.0001213159538702,-9.6130374345973e-05,0.0001216806881689,9.6419388639255e-05,-1.0418893959591e-08,-8.2558982941197e-09,0.97954584755899,0.9794358255589335,17.691048965283603,784,1.0608670771448099,0.9794358255589335,17.691048965283603,784
