time,NumDofs,NumElems,area,gradPx_avg,gradPy_avg,integral_in,integral_out,mem,product_avg,product_int,velx_avg,velx_int,vely_avg,vely_int,vol,M0_ps,M1_ps,M3_ps,Tau_ps,M0_eff_ps,M1_eff_ps,M3_eff_ps
0,0,0,105.47997739134,-1.0,-3.6044641285712e-17,0.0,0.0,5578,0.0,0.0,0.0,0.0,0.0,0.0,0.82909943961417,0.8286934590624134,104.6443449564388,4356,1.296913008995737,0.8286934590624134,104.6443449564388,4356
1,16900641,3610616,105.47997739134,-0.46176143677085,0.0027777940998887,4.4638976978847e-06,4.4969334511593e-06,9251,-5.4047550341976e-06,-3.617407004424e-06,5.4692790679057e-06,3.6605929934304e-06,-2.3570659479665e-08,-1.5775861840386e-08,0.82909943961417,0.8286934590624134,104.6443449564388,4356,1.296913008995737,0.8286934590624134,104.6443449564388,4356
