time,NumDofs,NumElems,area,gradPx_avg,gradPy_avg,integral_in,integral_out,mem,product_avg,product_int,velx_avg,velx_int,vely_avg,vely_int,vol,M0_ps,M1_ps,M3_ps,Tau_ps,M0_eff_ps,M1_eff_ps,M3_eff_ps
0,0,0,63.868414501136,-1.0,1.5878170619318e-19,0.0,0.0,5841,0.0,0.0,0.0,0.0,0.0,0.0,0.92457343608933,0.9243075329014743,58.79256566315928,2500,1.1089083435152831,0.9243075329014743,58.79256566315928,2500
1,18229188,3942930,63.868414501136,-0.32839271012813,0.001646021727826,1.1806784341825e-05,1.1810403160439e-05,9555,-1.2622006223314e-05,-9.4524373615845e-06,1.2914007947404e-05,9.6711132168798e-06,5.495308778755e-09,4.1153570276173e-09,0.92457343608933,0.9243075329014743,58.79256566315928,2500,1.1089083435152831,0.9243075329014743,58.79256566315928,2500
