time,NumDofs,NumElems,area,gradPx_avg,gradPy_avg,integral_in,integral_out,mem,product_avg,product_int,velx_avg,velx_int,vely_avg,vely_int,vol,M0_ps,M1_ps,M3_ps,Tau_ps,M0_eff_ps,M1_eff_ps,M3_eff_ps
0,0,0,125.18209242222,-1.0,-1.407141652159e-17,0.0,0.0,7784,0.0,0.0,0.0,0.0,0.0,0.0,0.85216393473504,0.8520337267721816,115.06703125641445,4900,1.2173703027410654,0.8520337267721816,115.06703125641445,4900
1,25239612,5398402,125.18209242222,-0.31288108462144,0.0004593482101848,2.5040776193243e-06,2.5058103247559e-06,13226,-2.8201914612804e-06,-1.9466664491258e-06,2.9329475796233e-06,2.0244975309957e-06,1.3636183318695e-10,9.4125171730649e-11,0.85216393473504,0.8520337267721816,115.06703125641445,4900,1.2173703027410654,0.8520337267721816,115.06703125641445,4900
