time,NumDofs,NumElems,area,gradPx_avg,gradPy_avg,integral_in,integral_out,mem,product_avg,product_int,velx_avg,velx_int,vely_avg,vely_int,vol,M0_ps,M1_ps,M3_ps,Tau_ps,M0_eff_ps,M1_eff_ps,M3_eff_ps
0,0,0,125.07125263305,-1.0,-2.0751404954387e-17,0.0,0.0,7769,0.0,0.0,0.0,0.0,0.0,0.0,0.86848293054793,0.8681049473696892,113.25256050708741,5792,1.3143190151108002,0.8681049473696892,113.25256050708741,5792
1,25205265,5393155,125.07125263305,-0.36079451566043,-0.0003550774375442,3.5416510269576e-06,3.6024629382e-06,13205,-3.9576082038857e-06,-2.7878997754967e-06,4.0949176260459e-06,2.8846261029887e-06,3.4031490300395e-09,2.397316239519e-09,0.86848293054793,0.8681049473696892,113.25256050708741,5792,1.3143190151108002,0.8681049473696892,113.25256050708741,5792
