time,NumDofs,NumElems,area,gradPx_avg,gradPy_avg,integral_in,integral_out,mem,product_avg,product_int,velx_avg,velx_int,vely_avg,vely_int,vol,M0_ps,M1_ps,M3_ps,Tau_ps,M0_eff_ps,M1_eff_ps,M3_eff_ps
0,0,0,11.2,-1.0,-1.6722152544872e-18,0.0,0.0,3908,0.0,0.0,0.0,0.0,0.0,0.0,0.98079999999962,0.9807229689840603,10.173977534631588,400,1.031235802369593,0.9807229689840603,10.173977534631588,400
1,11849382,2613462,11.2,-0.46300778980714,0.001024785233262,0.0002368909307694,0.0002368761272294,7149,-0.000249753801171,-0.0001984152375949,0.0002511900818993,0.0001995562812172,1.0372450894201e-08,8.2403242672014e-09,0.98079999999962,0.9807229689840603,10.173977534631588,400,1.031235802369593,0.9807229689840603,10.173977534631588,400
