time,NumDofs,NumElems,area,gradPx_avg,gradPy_avg,integral_in,integral_out,mem,product_avg,product_int,velx_avg,velx_int,vely_avg,vely_int,vol,M0_ps,M1_ps,M3_ps,Tau_ps,M0_eff_ps,M1_eff_ps,M3_eff_ps
0,0,0,122.60191900466,-1.0,4.5982452937815996e-17,0.0,0.0,7796,0.0,0.0,0.0,0.0,0.0,0.0,0.88234802476385,0.8820536865313794,110.2378548275627,7559,1.3112614895749215,0.8820536865313794,110.2378548275627,7559
1,25347981,5426550,122.60191900466,-0.37385697556985,-0.15301258957194,4.0678569612691e-06,4.0712178505463e-06,12928,-4.4938400135504e-06,-3.2149974563531e-06,4.6546598750948e-06,3.3300517182399e-06,6.8640476513035e-07,4.910699017474e-07,0.88234802476385,0.8820536865313794,110.2378548275627,7559,1.3112614895749215,0.8820536865313794,110.2378548275627,7559
