time,NumDofs,NumElems,area,gradPx_avg,gradPy_avg,integral_in,integral_out,mem,product_avg,product_int,velx_avg,velx_int,vely_avg,vely_int,vol,M0_ps,M1_ps,M3_ps,Tau_ps,M0_eff_ps,M1_eff_ps,M3_eff_ps
0,0,0,80.116539150217,-1.0,-3.3308267665203e-17,0.0,0.0,6336,0.0,0.0,0.0,0.0,0.0,0.0,0.90538491823053,0.9051288950646784,73.53197188485233,3404,1.1957806665102433,0.9051288950646784,73.53197188485233,3404
1,20085897,4328396,80.116539150217,-0.38832109800692,0.0027714380525804,9.3934063516865e-06,9.3264338838804e-06,10482,-1.0193078425082e-05,-7.487790631869e-06,1.0448883339768e-05,7.6757037984211e-06,-2.0644034240851e-08,-1.5165016862055e-08,0.90538491823053,0.9051288950646784,73.53197188485233,3404,1.1957806665102433,0.9051288950646784,73.53197188485233,3404
