time,NumDofs,NumElems,area,gradPx_avg,gradPy_avg,integral_in,integral_out,mem,product_avg,product_int,velx_avg,velx_int,vely_avg,vely_int,vol,M0_ps,M1_ps,M3_ps,Tau_ps,M0_eff_ps,M1_eff_ps,M3_eff_ps
0,0,0,9.9243207802364,-1.0,-1.7327110976510003e-17,0.0,0.0,3887,0.0,0.0,0.0,0.0,0.0,0.0,0.9895642079383,0.9895231344452432,9.016063550398304,400,1.012035148326388,0.9895231344452432,9.016063550398304,400
1,11729970,2588926,9.9243207802364,-0.27725516085526,0.0002276041591603,0.000222093615455,0.0002220624323926,7082,-0.0002310328995445,-0.0001851758457776,0.0002333260879433,0.0001870138658263,-7.4160756753097e-09,-5.9440802077712e-09,0.9895642079383,0.9895231344452432,9.016063550398304,400,1.012035148326388,0.9895231344452432,9.016063550398304,400
