time,NumDofs,NumElems,area,gradPx_avg,gradPy_avg,integral_in,integral_out,mem,product_avg,product_int,velx_avg,velx_int,vely_avg,vely_int,vol,M0_ps,M1_ps,M3_ps,Tau_ps,M0_eff_ps,M1_eff_ps,M3_eff_ps
0,0,0,48.878732973394,-1.0,2.7435067167185e-17,0.0,0.0,5292,0.0,0.0,0.0,0.0,0.0,0.0,0.91890220117029,0.9184742229950884,44.38941896544516,1764,1.072815698222813,0.9184742229950884,44.38941896544516,1764
1,16094124,3493994,48.878732973394,-0.37316940012777,-5.0216279926732e-06,1.9988083767056e-05,1.9983199492457e-05,8943,-2.1805923820425e-05,-1.6215602295825e-05,2.1973917864712e-05,1.6340528193606e-05,2.4298018446579e-09,1.8068805841525e-09,0.91890220117029,0.9184742229950884,44.38941896544516,1764,1.072815698222813,0.9184742229950884,44.38941896544516,1764
