time,NumDofs,NumElems,area,gradPx_avg,gradPy_avg,integral_in,integral_out,mem,product_avg,product_int,velx_avg,velx_int,vely_avg,vely_int,vol,M0_ps,M1_ps,M3_ps,Tau_ps,M0_eff_ps,M1_eff_ps,M3_eff_ps
0,0,0,9.6859483371294,-1.0,8.6079500445124e-18,0.0,0.0,3690,0.0,0.0,0.0,0.0,0.0,0.0,0.98430665193765,0.9842701434933996,9.606178296839568,400,1.037970820193403,0.9842701434933996,9.606178296839568,400
1,10991313,2427980,9.6859483371294,-0.67388421109865,4.2905956870705e-05,0.0002803393403475,0.0002803447509301,6426,-0.0002955546983971,-0.0002356418335173,0.0002964826767497,0.0002363816983262,3.7347517314998e-09,2.9776679258201e-09,0.98430665193765,0.9842701434933996,9.606178296839568,400,1.037970820193403,0.9842701434933996,9.606178296839568,400
