time,NumDofs,NumElems,area,gradPx_avg,gradPy_avg,integral_in,integral_out,mem,product_avg,product_int,velx_avg,velx_int,vely_avg,vely_int,vol,M0_ps,M1_ps,M3_ps,Tau_ps,M0_eff_ps,M1_eff_ps,M3_eff_ps
0,0,0,48.093364714086,-1.0,3.7534965530557e-17,0.0,0.0,5321,0.0,0.0,0.0,0.0,0.0,0.0,0.95924051696269,0.9591045819093096,42.11347789122809,2025,1.0371092622487745,0.9591045819093096,42.11347789122809,2025
1,16313184,3544168,48.093364714086,-0.22402218405714,0.0005740094812679,1.5922467906719e-05,1.5921123935896e-05,8880,-1.6349022044399e-05,-1.2689461299707e-05,1.6660228463499e-05,1.2931007356753e-05,-4.9007814542457e-10,-3.8037918374008003e-10,0.95924051696269,0.9591045819093096,42.11347789122809,2025,1.0371092622487745,0.9591045819093096,42.11347789122809,2025
