time,NumDofs,NumElems,area,gradPx_avg,gradPy_avg,integral_in,integral_out,mem,product_avg,product_int,velx_avg,velx_int,vely_avg,vely_int,vol,M0_ps,M1_ps,M3_ps,Tau_ps,M0_eff_ps,M1_eff_ps,M3_eff_ps
0,0,0,127.75103569044,-1.0,2.3384133481736e-18,0.0,0.0,7819,0.0,0.0,0.0,0.0,0.0,0.0,0.8095599999999,0.8095108051774893,115.60081503973092,4761,1.1127201801542876,0.8095108051774893,115.60081503973092,4761
1,25483158,5448932,127.75103569044,-0.31549019492335,-0.0001765212157986,1.7038807851865e-06,1.7028062477567e-06,13331,-2.0298446433507e-06,-1.3287182776331e-06,2.0840163229239e-06,1.3641785780137e-06,-3.0117481520001005e-10,-1.9714635946644002e-10,0.8095599999999,0.8095108051774893,115.60081503973092,4761,1.1127201801542876,0.8095108051774893,115.60081503973092,4761
