time,NumDofs,NumElems,area,gradPx_avg,gradPy_avg,integral_in,integral_out,mem,product_avg,product_int,velx_avg,velx_int,vely_avg,vely_int,vol,M0_ps,M1_ps,M3_ps,Tau_ps,M0_eff_ps,M1_eff_ps,M3_eff_ps
0,0,0,40.812712725324,-1.0,-5.648684886841499e-17,0.0,0.0,4874,0.0,0.0,0.0,0.0,0.0,0.0,0.93916000000006,0.9392050634334802,36.91178228696754,1521,1.1468377177861984,0.9392050634334802,36.91178228696754,1521
1,15421959,3357830,40.812712725324,-0.56043032089827,-0.0003209298770222,4.0228785246686e-05,4.0231090613876e-05,8126,-4.3295543155356e-05,-3.2949138083699e-05,4.3744231057814e-05,3.3290602321751e-05,-2.6417158181186e-09,-2.0104207714117e-09,0.93916000000006,0.9392050634334802,36.91178228696754,1521,1.1468377177861984,0.9392050634334802,36.91178228696754,1521
