time,NumDofs,NumElems,area,gradPx_avg,gradPy_avg,integral_in,integral_out,mem,product_avg,product_int,velx_avg,velx_int,vely_avg,vely_int,vol,M0_ps,M1_ps,M3_ps,Tau_ps,M0_eff_ps,M1_eff_ps,M3_eff_ps
0,0,0,144.24096605205,-1.0,-1.0947134625569002e-16,0.0,0.0,5797,0.0,0.0,0.0,0.0,0.0,0.0,0.7164647137261,0.7158937112702358,143.38291095788077,5476,1.419389063941574,0.7158937112702358,143.38291095788077,5476
1,17542251,3710760,144.24096605205,-0.49095889060709,-0.10115693935806,1.937560226167e-06,1.9371432449633e-06,9412,-2.6511413756291e-06,-1.5462684777917e-06,2.7084509054702e-06,1.5796940507486e-06,2.3549833727847e-07,1.3735354095164e-07,0.7164647137261,0.7158937112702358,143.38291095788077,5476,1.419389063941574,0.7158937112702358,143.38291095788077,5476
