time,NumDofs,NumElems,area,gradPx_avg,gradPy_avg,integral_in,integral_out,mem,product_avg,product_int,velx_avg,velx_int,vely_avg,vely_int,vol,M0_ps,M1_ps,M3_ps,Tau_ps,M0_eff_ps,M1_eff_ps,M3_eff_ps
0,0,0,68.019572197493,-1.0,2.3427006361431e-18,0.0,0.0,4730,0.0,0.0,0.0,0.0,0.0,0.0,0.88979346324042,0.8895737366516601,67.39829559423153,2809,1.1811560118915216,0.8895737366516601,67.39829559423153,2809
1,14742504,3182081,68.019572197493,-0.48804126511581,-0.12335062507259,1.1791924886633e-05,1.1792127857903e-05,7919,-1.3232963051061e-05,-9.5655646528915e-06,1.3434041533073e-05,9.710916016193e-06,1.3010272652999e-06,9.4045909244815e-07,0.88979346324042,0.8895737366516601,67.39829559423153,2809,1.1811560118915216,0.8895737366516601,67.39829559423153,2809
