time,NumDofs,NumElems,area,gradPx_avg,gradPy_avg,integral_in,integral_out,mem,product_avg,product_int,velx_avg,velx_int,vely_avg,vely_int,vol,M0_ps,M1_ps,M3_ps,Tau_ps,M0_eff_ps,M1_eff_ps,M3_eff_ps
0,0,0,120.45250981188,-1.0,2.2310459102803e-17,0.0,0.0,7515,0.0,0.0,0.0,0.0,0.0,0.0,0.82043999999991,0.8201412845731543,110.55870562082126,4489,1.35328905920943,0.8201412845731543,110.55870562082126,4489
1,24415428,5223808,120.45250981188,-0.34458580387788,-0.10903305200451,3.3880344686333e-06,3.3885005045848e-06,12882,-4.0381978435228e-06,-2.677189264512e-06,4.137549195999e-06,2.7430558675292e-06,3.5595945921842e-07,2.3598914162901e-07,0.82043999999991,0.8201412845731543,110.55870562082126,4489,1.35328905920943,0.8201412845731543,110.55870562082126,4489
