time,NumDofs,NumElems,area,gradPx_avg,gradPy_avg,integral_in,integral_out,mem,product_avg,product_int,velx_avg,velx_int,vely_avg,vely_int,vol,M0_ps,M1_ps,M3_ps,Tau_ps,M0_eff_ps,M1_eff_ps,M3_eff_ps
0,0,0,65.166960954125,-1.0,-8.456412689657301e-18,0.0,0.0,5767,0.0,0.0,0.0,0.0,0.0,0.0,0.8848000000003,0.8848197396797604,59.84388290573484,2304,1.1795736772117067,0.8848197396797604,59.84388290573484,2304
1,17812899,3848032,65.166960954125,-0.35543659052566,0.0004605522533624,1.2574632513109e-05,1.2574878132075e-05,9433,-1.4168615203026e-05,-1.0127217500048e-05,1.4334914469387e-05,1.0246082245572e-05,-3.4168876960313005e-10,-2.4422686603526e-10,0.8848000000003,0.8848197396797604,59.84388290573484,2304,1.1795736772117067,0.8848197396797604,59.84388290573484,2304
