time,NumDofs,NumElems,area,gradPx_avg,gradPy_avg,integral_in,integral_out,mem,product_avg,product_int,velx_avg,velx_int,vely_avg,vely_int,vol,M0_ps,M1_ps,M3_ps,Tau_ps,M0_eff_ps,M1_eff_ps,M3_eff_ps
0,0,0,58.109575617113,-1.0,5.8430994594849e-18,0.0,0.0,5614,0.0,0.0,0.0,0.0,0.0,0.0,0.93462010017645,0.9345494596407243,53.34533008970057,2945,1.1403803139023831,0.9345494596407243,53.34533008970057,2945
1,17402337,3769852,58.109575617113,-0.38612193618403,-0.10806328264221,1.7166680913022e-05,1.7168143922522e-05,10266,-1.8277171436985e-05,-1.3813531103696e-05,1.8574198299925e-05,1.4038018236401e-05,1.4916149303872e-06,1.1273335869656e-06,0.93462010017645,0.9345494596407243,53.34533008970057,2945,1.1403803139023831,0.9345494596407243,53.34533008970057,2945
