time,NumDofs,NumElems,area,gradPx_avg,gradPy_avg,integral_in,integral_out,mem,product_avg,product_int,velx_avg,velx_int,vely_avg,vely_int,vol,M0_ps,M1_ps,M3_ps,Tau_ps,M0_eff_ps,M1_eff_ps,M3_eff_ps
0,0,0,21.036927532318,-1.0,-3.9532319816753996e-17,0.0,0.0,4249,0.0,0.0,0.0,0.0,0.0,0.0,0.96863999999994,0.968373620989474,19.091534701602114,784,1.023137741740406,0.968373620989474,19.091534701602114,784
1,13052712,2864250,21.036927532318,-0.32209686355896,0.0001047036023185,7.7216348871898e-05,7.7215070596826e-05,7109,-8.1431700418819e-05,-6.3767134699348e-05,8.1395942740025e-05,6.3739133752438e-05,8.0984646534813e-09,6.3417057946773e-09,0.96863999999994,0.968373620989474,19.091534701602114,784,1.023137741740406,0.968373620989474,19.091534701602114,784
