time,NumDofs,NumElems,area,gradPx_avg,gradPy_avg,integral_in,integral_out,mem,product_avg,product_int,velx_avg,velx_int,vely_avg,vely_int,vol,M0_ps,M1_ps,M3_ps,Tau_ps,M0_eff_ps,M1_eff_ps,M3_eff_ps
0,0,0,153.32799999982,-1.0,-4.307826701362e-18,0.0,0.0,8390,0.0,0.0,0.0,0.0,0.0,0.0,0.73715200000024,0.7360974453917856,139.28175244910642,5476,1.501210813482799,0.7360974453917856,139.28175244910642,5476
1,27531000,5864770,153.32799999982,-0.59900793404053,0.0004707084845587,3.0107918007305e-06,3.0106547340794e-06,14771,-4.0503018273386e-06,-2.4306397640291e-06,4.102879798249e-06,2.4621925006534e-06,-2.0543948967663002e-10,-1.2328695835441002e-10,0.73715200000024,0.7360974453917856,139.28175244910642,5476,1.501210813482799,0.7360974453917856,139.28175244910642,5476
