time,NumDofs,NumElems,area,gradPx_avg,gradPy_avg,integral_in,integral_out,mem,product_avg,product_int,velx_avg,velx_int,vely_avg,vely_int,vol,M0_ps,M1_ps,M3_ps,Tau_ps,M0_eff_ps,M1_eff_ps,M3_eff_ps
0,0,0,21.888856795126,-1.0,5.5469119054761e-17,0.0,0.0,4281,0.0,0.0,0.0,0.0,0.0,0.0,0.97899488638887,0.9789137393022518,19.60686540551496,900,1.0217089916426287,0.9789137393022518,19.60686540551496,900
1,13198347,2895032,21.888856795126,-0.25793628501844,0.0002991242720808,6.6393323978091e-05,6.6402272344588e-05,7449,-6.8593419626536e-05,-5.4393171174643e-05,6.959899652888e-05,5.5190572979019e-05,2.9463461736963e-11,2.3363919256129e-11,0.97899488638887,0.9789137393022518,19.60686540551496,900,1.0217089916426287,0.9789137393022518,19.60686540551496,900
