time,NumDofs,NumElems,area,gradPx_avg,gradPy_avg,integral_in,integral_out,mem,product_avg,product_int,velx_avg,velx_int,vely_avg,vely_int,vol,M0_ps,M1_ps,M3_ps,Tau_ps,M0_eff_ps,M1_eff_ps,M3_eff_ps
0,0,0,32.154799327967,-1.0,6.7872089664844e-18,0.0,0.0,4571,0.0,0.0,0.0,0.0,0.0,0.0,0.96618803372134,0.9661768426632825,29.1608330561507,1296,1.1021000924601272,0.9661768426632825,29.1608330561507,1296
1,14333616,3130778,32.154799327967,-0.56613025330402,0.001797192651823,5.7271346398347e-05,5.7505862992652e-05,7932,-5.9805673036001e-05,-4.6849523729416e-05,6.0879479202372e-05,4.7690703251665e-05,-1.3295577696119e-09,-1.0415257468897e-09,0.96618803372134,0.9661768426632825,29.1608330561507,1296,1.1021000924601272,0.9661768426632825,29.1608330561507,1296
