time,NumDofs,NumElems,area,gradPx_avg,gradPy_avg,integral_in,integral_out,mem,product_avg,product_int,velx_avg,velx_int,vely_avg,vely_int,vol,M0_ps,M1_ps,M3_ps,Tau_ps,M0_eff_ps,M1_eff_ps,M3_eff_ps
0,0,0,37.933665215748,-1.0,3.098788255598e-17,0.0,0.0,4733,0.0,0.0,0.0,0.0,0.0,0.0,0.93706185567014,0.9369189280364336,36.23228452981005,1369,1.0972676252491185,0.9369189280364336,36.23228452981005,1369
1,14899896,3246780,37.933665215748,-0.40747622931896,-0.0023244943272487,3.5226321879625e-05,3.5133890621176e-05,7899,-3.7887661554856e-05,-2.879118704582e-05,3.8490331894316e-05,2.9249161852347e-05,9.3170712001821e-08,7.0801292197797e-08,0.93706185567014,0.9369189280364336,36.23228452981005,1369,1.0972676252491185,0.9369189280364336,36.23228452981005,1369
