time,NumDofs,NumElems,area,gradPx_avg,gradPy_avg,integral_in,integral_out,mem,product_avg,product_int,velx_avg,velx_int,vely_avg,vely_int,vol,M0_ps,M1_ps,M3_ps,Tau_ps,M0_eff_ps,M1_eff_ps,M3_eff_ps
0,0,0,29.532754865328,-1.0,4.8150705062315e-17,0.0,0.0,4501,0.0,0.0,0.0,0.0,0.0,0.0,0.96512275684762,0.9651256420656945,27.206053757043744,1396,1.0696599783928595,0.9651256420656945,27.206053757043744,1396
1,14064177,3074716,29.532754865328,-0.39960240801633,-0.073508900239818,5.2880090488649e-05,5.2879489821988e-05,7969,-5.516818497462e-05,-4.3187899840592e-05,5.6408311712405e-05,4.4158721508292e-05,2.6495734675413e-06,2.0741939142842e-06,0.96512275684762,0.9651256420656945,27.206053757043744,1396,1.0696599783928595,0.9651256420656945,27.206053757043744,1396
