time,NumDofs,NumElems,area,gradPx_avg,gradPy_avg,integral_in,integral_out,mem,product_avg,product_int,velx_avg,velx_int,vely_avg,vely_int,vol,M0_ps,M1_ps,M3_ps,Tau_ps,M0_eff_ps,M1_eff_ps,M3_eff_ps
0,0,0,42.902159318447,-1.0,-5.3339113846458e-18,0.0,0.0,5188,0.0,0.0,0.0,0.0,0.0,0.0,0.95882997732258,0.9588696430938028,38.26426328540541,2135,1.0961109136514955,0.9588696430938028,38.26426328540541,2135
1,15761799,3429552,42.902159318447,-0.40030725479488,0.0009826781386949,2.8825067276187e-05,2.8805499438237e-05,8551,-3.0060577250649e-05,-2.3335936454487e-05,3.0432877243304e-05,2.3624951828282e-05,4.676269152108e-08,3.6301737943277e-08,0.95882997732258,0.9588696430938028,38.26426328540541,2135,1.0961109136514955,0.9588696430938028,38.26426328540541,2135
