time,NumDofs,NumElems,area,gradPx_avg,gradPy_avg,integral_in,integral_out,mem,product_avg,product_int,velx_avg,velx_int,vely_avg,vely_int,vol,M0_ps,M1_ps,M3_ps,Tau_ps,M0_eff_ps,M1_eff_ps,M3_eff_ps
0,0,0,36.73412473437,-1.0,1.5137142853102998e-17,0.0,0.0,4742,0.0,0.0,0.0,0.0,0.0,0.0,0.94524000000007,0.945375721382645,33.65122125675391,1369,1.097688764840129,0.945375721382645,33.65122125675391,1369
1,14912265,3251354,36.73412473437,-0.3866156847876,-0.076761870457789,3.6613125446955e-05,3.6612846988671e-05,8381,-3.898728466639e-05,-2.9882638735027e-05,3.9706344754496e-05,3.0433777728817e-05,2.6537335153559e-06,2.0340108478182e-06,0.94524000000007,0.945375721382645,33.65122125675391,1369,1.097688764840129,0.945375721382645,33.65122125675391,1369
