time,NumDofs,NumElems,area,gradPx_avg,gradPy_avg,integral_in,integral_out,mem,product_avg,product_int,velx_avg,velx_int,vely_avg,vely_int,vol,M0_ps,M1_ps,M3_ps,Tau_ps,M0_eff_ps,M1_eff_ps,M3_eff_ps
0,0,0,84.147710129217,-1.0,1.0974228149115001e-16,0.0,0.0,6418,0.0,0.0,0.0,0.0,0.0,0.0,0.87455999999988,0.8745848410247349,77.22060391166683,3136,1.2363777716991455,0.8745848410247349,77.22060391166683,3136
1,20345826,4379886,84.147710129217,-0.35916254873652,-0.089137324586683,7.7402069553803e-06,7.7398122334574e-06,10571,-8.7483305330592e-06,-6.211184965896e-06,8.9656758927341e-06,6.3654969486587e-06,7.1569161625119e-07,5.0813043589046e-07,0.87455999999988,0.8745848410247349,77.22060391166683,3136,1.2363777716991455,0.8745848410247349,77.22060391166683,3136
