time,NumDofs,NumElems,area,gradPx_avg,gradPy_avg,integral_in,integral_out,mem,product_avg,product_int,velx_avg,velx_int,vely_avg,vely_int,vol,M0_ps,M1_ps,M3_ps,Tau_ps,M0_eff_ps,M1_eff_ps,M3_eff_ps
0,0,0,74.685809630929,-1.0,-1.7488413586312e-17,0.0,0.0,4495,0.0,0.0,0.0,0.0,0.0,0.0,0.84090358259357,0.8405829695463071,74.31186248516396,2704,1.2131948610071965,0.8405829695463071,74.31186248516396,2704
1,13792341,2969892,74.685809630929,-0.5002521662792,-0.056141586024693,9.233343240839e-06,9.2335869911087e-06,7869,-1.1007555889909e-05,-7.5191562521949e-06,1.1147925199569e-05,7.6150411864076e-06,4.6676153705512e-07,3.1884034609805e-07,0.84090358259357,0.8405829695463071,74.31186248516396,2704,1.2131948610071965,0.8405829695463071,74.31186248516396,2704
