time,NumDofs,NumElems,area,gradPx_avg,gradPy_avg,integral_in,integral_out,mem,product_avg,product_int,velx_avg,velx_int,vely_avg,vely_int,vol,M0_ps,M1_ps,M3_ps,Tau_ps,M0_eff_ps,M1_eff_ps,M3_eff_ps
0,0,0,11.313708498984,-1.0,-2.3032791230387e-17,0.0,0.0,3936,0.0,0.0,0.0,0.0,0.0,0.0,0.97999999999977,0.979755101385135,10.32566704646655,400,1.0257414366418736,0.979755101385135,10.32566704646655,400
1,11892390,2622486,11.313708498984,-0.41792226022739,0.0004681163565888,0.0002235117365845,0.0002234980339301,7337,-0.0002357795283871,-0.0001871661935971,0.0002371363282335,0.0001882432466579,1.8753595123375e-09,1.4886954094426e-09,0.97999999999977,0.979755101385135,10.32566704646655,400,1.0257414366418736,0.979755101385135,10.32566704646655,400
