time,NumDofs,NumElems,area,gradPx_avg,gradPy_avg,integral_in,integral_out,mem,product_avg,product_int,velx_avg,velx_int,vely_avg,vely_int,vol,M0_ps,M1_ps,M3_ps,Tau_ps,M0_eff_ps,M1_eff_ps,M3_eff_ps
0,0,0,65.16696095413,-1.0,-7.4823318729887e-17,0.0,0.0,5817,0.0,0.0,0.0,0.0,0.0,0.0,0.8848000000002,0.8839362090915297,59.33022025628576,2304,1.1496663119206434,0.8839362090915297,59.33022025628576,2304
1,17990640,3887530,65.16696095413,-0.45818319766181,0.0002717382673873,1.4170223955124e-05,1.4169814727122e-05,9885,-1.598890641343e-05,-1.1433757999706e-05,1.6149993611608e-05,1.1548952372178e-05,3.1878333842939004e-10,2.2796378011684003e-10,0.8848000000002,0.8839362090915297,59.33022025628576,2304,1.1496663119206434,0.8839362090915297,59.33022025628576,2304
