time,NumDofs,NumElems,area,gradPx_avg,gradPy_avg,integral_in,integral_out,mem,product_avg,product_int,velx_avg,velx_int,vely_avg,vely_int,vol,M0_ps,M1_ps,M3_ps,Tau_ps,M0_eff_ps,M1_eff_ps,M3_eff_ps
0,0,0,130.78647024817,-1.0,4.7085266991328e-17,0.0,0.0,7738,0.0,0.0,0.0,0.0,0.0,0.0,0.76879999999976,0.768555146364874,120.17932464838619,4624,1.4029395651066126,0.768555146364874,120.17932464838619,4624
1,25060866,5348878,130.78647024817,-0.29847355360807,-7.0508430858199e-05,2.1833604252989e-06,2.1828147307515e-06,13351,-2.7438057507711e-06,-1.705813863528e-06,2.8484945583461e-06,1.7708985070992e-06,-7.581216663058499e-12,-4.713214294641699e-12,0.76879999999976,0.768555146364874,120.17932464838619,4624,1.4029395651066126,0.768555146364874,120.17932464838619,4624
