time,NumDofs,NumElems,area,gradPx_avg,gradPy_avg,integral_in,integral_out,mem,product_avg,product_int,velx_avg,velx_int,vely_avg,vely_int,vol,M0_ps,M1_ps,M3_ps,Tau_ps,M0_eff_ps,M1_eff_ps,M3_eff_ps
0,0,0,69.08007712443,-1.0,-7.7040664556096e-17,0.0,0.0,5998,0.0,0.0,0.0,0.0,0.0,0.0,0.91841862847425,0.9181629792651436,63.575408680597945,2704,1.2060688889952476,0.9181629792651436,63.575408680597945,2704
1,18792669,4059444,69.08007712443,-0.47506286959146,0.0002707223703773,1.526928872333e-05,1.5400102322174e-05,10024,-1.6679411911358e-05,-1.2430551176108e-05,1.6963232416749e-05,1.2642072141946e-05,-2.5854456071722e-09,-1.9268373551656e-09,0.91841862847425,0.9181629792651436,63.575408680597945,2704,1.2060688889952476,0.9181629792651436,63.575408680597945,2704
