time,NumDofs,NumElems,area,gradPx_avg,gradPy_avg,integral_in,integral_out,mem,product_avg,product_int,velx_avg,velx_int,vely_avg,vely_int,vol,M0_ps,M1_ps,M3_ps,Tau_ps,M0_eff_ps,M1_eff_ps,M3_eff_ps
0,0,0,44.490143831853,-1.0,-2.2265766784646e-17,0.0,0.0,5176,0.0,0.0,0.0,0.0,0.0,0.0,0.94994351419757,0.9498034144441186,40.88129615526689,2256,1.1062736029085505,0.9498034144441186,40.88129615526689,2256
1,15736023,3422060,44.490143831853,-0.38913637999889,-0.10426005201542,2.7232236557983e-05,2.7236082874066e-05,8430,-2.8677025935188e-05,-2.2052571755451e-05,2.9051157519738e-05,2.2340278145679e-05,2.1251127294726e-06,1.6342071545715e-06,0.94994351419757,0.9498034144441186,40.88129615526689,2256,1.1062736029085505,0.9498034144441186,40.88129615526689,2256
