time,NumDofs,NumElems,area,gradPx_avg,gradPy_avg,integral_in,integral_out,mem,product_avg,product_int,velx_avg,velx_int,vely_avg,vely_int,vol,M0_ps,M1_ps,M3_ps,Tau_ps,M0_eff_ps,M1_eff_ps,M3_eff_ps
0,0,0,84.147710129222,-1.0,2.3348518809682e-17,0.0,0.0,6422,0.0,0.0,0.0,0.0,0.0,0.0,0.87455999999987,0.874498495989976,76.15377348983951,3136,1.0835700808751805,0.874498495989976,76.15377348983951,3136
1,20358183,4382632,84.147710129222,-0.33348553932698,0.0001082275849453,5.5005560405919e-06,5.5005131584405e-06,10351,-6.2214769933018e-06,-4.4172442101229e-06,6.3642419574317e-06,4.5186072324229e-06,9.131165666922101e-10,6.4831210848019e-10,0.87455999999987,0.874498495989976,76.15377348983951,3136,1.0835700808751805,0.874498495989976,76.15377348983951,3136
