time,NumDofs,NumElems,area,gradPx_avg,gradPy_avg,integral_in,integral_out,mem,product_avg,product_int,velx_avg,velx_int,vely_avg,vely_int,vol,M0_ps,M1_ps,M3_ps,Tau_ps,M0_eff_ps,M1_eff_ps,M3_eff_ps
0,0,0,81.647999999989,-1.0,4.8252117621068e-17,0.0,0.0,6255,0.0,0.0,0.0,0.0,0.0,0.0,0.8600320000002,0.8594704438937997,74.16829622746427,2916,1.2437288097661192,0.8594704438937997,74.16829622746427,2916
1,19696788,4241594,81.647999999989,-0.53334018463628,0.000591398750008,1.0959591505896e-05,1.0959627898399e-05,10496,-1.2745733585157e-05,-8.9136978971404e-06,1.2914339178172e-05,9.0316118100479e-06,-1.9527891060297003e-10,-1.3656783292761002e-10,0.8600320000002,0.8594704438937997,74.16829622746427,2916,1.2437288097661192,0.8594704438937997,74.16829622746427,2916
