time,NumDofs,NumElems,area,gradPx_avg,gradPy_avg,integral_in,integral_out,mem,product_avg,product_int,velx_avg,velx_int,vely_avg,vely_int,vol,M0_ps,M1_ps,M3_ps,Tau_ps,M0_eff_ps,M1_eff_ps,M3_eff_ps
0,0,0,50.995345192973,-1.0,-2.1963327642604e-17,0.0,0.0,4236,0.0,0.0,0.0,0.0,0.0,0.0,0.89975816029434,0.8995506042144409,50.69946684500134,1936,1.1396367003570576,0.8995506042144409,50.69946684500134,1936
1,12871359,2793144,50.995345192973,-0.50084700143969,-0.082521139292544,1.9773608173427e-05,1.9773681449635e-05,8205,-2.2131004810538e-05,-1.6092649866581e-05,2.2156080299696e-05,1.6110883610177e-05,1.2761691591815e-06,9.2797157766005e-07,0.89975816029434,0.8995506042144409,50.69946684500134,1936,1.1396367003570576,0.8995506042144409,50.69946684500134,1936
