time,NumDofs,NumElems,area,gradPx_avg,gradPy_avg,integral_in,integral_out,mem,product_avg,product_int,velx_avg,velx_int,vely_avg,vely_int,vol,M0_ps,M1_ps,M3_ps,Tau_ps,M0_eff_ps,M1_eff_ps,M3_eff_ps
0,0,0,32.031641336305,-1.0,3.5484288976331e-17,0.0,0.0,4568,0.0,0.0,0.0,0.0,0.0,0.0,0.94685427695738,0.9463937895831743,29.144922904965846,1156,1.0991516415044347,0.9463937895831743,29.144922904965846,1156
1,14243634,3110742,32.031641336305,-0.50453396710196,0.0006152535010864,5.399442285466e-05,5.3995698944967e-05,7591,-5.7713589451791e-05,-4.4363647401879e-05,5.8644636160545e-05,4.5079330281669e-05,-3.4963378796947e-09,-2.6875871413643e-09,0.94685427695738,0.9463937895831743,29.144922904965846,1156,1.0991516415044347,0.9463937895831743,29.144922904965846,1156
