time,NumDofs,NumElems,area,gradPx_avg,gradPy_avg,integral_in,integral_out,mem,product_avg,product_int,velx_avg,velx_int,vely_avg,vely_int,vol,M0_ps,M1_ps,M3_ps,Tau_ps,M0_eff_ps,M1_eff_ps,M3_eff_ps
0,0,0,170.35199999979,-1.0,7.7291811956645e-17,0.0,0.0,8862,0.0,0.0,0.0,0.0,0.0,0.0,0.70796800000026,0.7067963582475573,154.74619830174643,6084,1.5721225118693822,0.7067963582475573,154.74619830174643,6084
1,29303730,6230742,170.35199999979,-0.61010942186005,0.0003461711871962,2.3467172380763e-06,2.3476995578889e-06,14872,-3.2458021761526e-06,-1.8654221264962e-06,3.2896234550718e-06,1.8906070203593e-06,-2.7287001847628e-10,-1.5682341143983002e-10,0.70796800000026,0.7067963582475573,154.74619830174643,6084,1.5721225118693822,0.7067963582475573,154.74619830174643,6084
