time,NumDofs,NumElems,area,gradPx_avg,gradPy_avg,integral_in,integral_out,mem,product_avg,product_int,velx_avg,velx_int,vely_avg,vely_int,vol,M0_ps,M1_ps,M3_ps,Tau_ps,M0_eff_ps,M1_eff_ps,M3_eff_ps
0,0,0,11.048196690966,-1.0,3.1013527892711e-17,0.0,0.0,3676,0.0,0.0,0.0,0.0,0.0,0.0,0.97646502700974,0.9764177653905004,11.000925187870278,400,1.0227279234434834,0.9764177653905004,11.000925187870278,400
1,10942158,2416390,11.048196690966,-0.43544257846696,-0.0003669159621159,0.0002059891596329,0.0002059898342275,6581,-0.0002186038006588,-0.000172901778307,0.0002192664120769,0.0001734258620245,-4.5121301247718e-09,-3.5688095091414e-09,0.97646502700974,0.9764177653905004,11.000925187870278,400,1.0227279234434834,0.9764177653905004,11.000925187870278,400
