time,NumDofs,NumElems,area,gradPx_avg,gradPy_avg,integral_in,integral_out,mem,product_avg,product_int,velx_avg,velx_int,vely_avg,vely_int,vol,M0_ps,M1_ps,M3_ps,Tau_ps,M0_eff_ps,M1_eff_ps,M3_eff_ps
0,0,0,12.865783605134,-1.0,-5.0749870685328e-17,0.0,0.0,4009,0.0,0.0,0.0,0.0,0.0,0.0,0.98765366099957,0.987641615897125,11.56024940862093,794,1.029295535163049,0.987641615897125,11.56024940862093,794
1,12157860,2678900,12.865783605134,-0.41199416484003,-0.15077189455429,0.000175280612671,0.0001753461821426,7054,-0.0001834283179823,-0.0001466760583594,0.0001831662019266,0.0001464664606794,1.3176092387609e-05,1.0536090159097e-05,0.98765366099957,0.987641615897125,11.56024940862093,794,1.029295535163049,0.987641615897125,11.56024940862093,794
