time,NumDofs,NumElems,area,gradPx_avg,gradPy_avg,integral_in,integral_out,mem,product_avg,product_int,velx_avg,velx_int,vely_avg,vely_int,vol,M0_ps,M1_ps,M3_ps,Tau_ps,M0_eff_ps,M1_eff_ps,M3_eff_ps
0,0,0,96.146931703139,-1.0,-3.0509261612939e-17,0.0,0.0,4786,0.0,0.0,0.0,0.0,0.0,0.0,0.79518689756236,0.7947799406428087,95.66964293191393,3481,1.1877617600038886,0.7947799406428087,95.66964293191393,3481
1,14802375,3167408,96.146931703139,-0.40270926702443,-0.0001213432121125,3.7950389817445e-06,3.7956237183372e-06,7812,-4.7192643208281e-06,-3.042712030807e-06,4.8017414556017e-06,3.0958885755355e-06,3.1610996736949005e-10,2.0380964815389002e-10,0.79518689756236,0.7947799406428087,95.66964293191393,3481,1.1877617600038886,0.7947799406428087,95.66964293191393,3481
