time,NumDofs,NumElems,area,gradPx_avg,gradPy_avg,integral_in,integral_out,mem,product_avg,product_int,velx_avg,velx_int,vely_avg,vely_int,vol,M0_ps,M1_ps,M3_ps,Tau_ps,M0_eff_ps,M1_eff_ps,M3_eff_ps
0,0,0,96.950177375159,-1.0,-3.9104046014125e-17,0.0,0.0,6842,0.0,0.0,0.0,0.0,0.0,0.0,0.89091999352377,0.8907163023441673,89.03423557018384,4910,1.243580086999924,0.8907163023441673,89.03423557018384,4910
1,21905526,4706394,96.950177375159,-0.37258093779046,-0.11373468678486,6.3716498692772e-06,6.3749985657425e-06,11389,-7.0193474287351e-06,-5.060822853584e-06,7.2115021540251e-06,5.1993629436771e-06,6.9207159855745e-07,4.9897113625662e-07,0.89091999352377,0.8907163023441673,89.03423557018384,4910,1.243580086999924,0.8907163023441673,89.03423557018384,4910
