time,NumDofs,NumElems,area,gradPx_avg,gradPy_avg,integral_in,integral_out,mem,product_avg,product_int,velx_avg,velx_int,vely_avg,vely_int,vol,M0_ps,M1_ps,M3_ps,Tau_ps,M0_eff_ps,M1_eff_ps,M3_eff_ps
0,0,0,35.910905858001,-1.0,-1.7428418205890002e-17,0.0,0.0,4669,0.0,0.0,0.0,0.0,0.0,0.0,0.94041794371694,0.9403616852944365,32.554125530251945,1296,1.111107763286236,0.9403616852944365,32.554125530251945,1296
1,14651478,3194934,35.910905858001,-0.50827429709664,0.0005937521298814,4.5391462059254e-05,4.5386951108882e-05,7748,-4.8685297430537e-05,-3.7143763568592e-05,4.9436487151504e-05,3.771687321079e-05,-2.082668275792e-09,-1.5889424962064e-09,0.94041794371694,0.9403616852944365,32.554125530251945,1296,1.111107763286236,0.9403616852944365,32.554125530251945,1296
