time,NumDofs,NumElems,area,gradPx_avg,gradPy_avg,integral_in,integral_out,mem,product_avg,product_int,velx_avg,velx_int,vely_avg,vely_int,vol,M0_ps,M1_ps,M3_ps,Tau_ps,M0_eff_ps,M1_eff_ps,M3_eff_ps
0,0,0,3.0021070360214,-1.0,1.4227172055829e-17,0.0,0.0,3613,0.0,0.0,0.0,0.0,0.0,0.0,0.99684317290016,0.9968393701230116,2.7214612158584397,121,1.0036174374784606,0.9968393701230116,2.7214612158584397,121
1,10763199,2385527,3.0021070360214,-0.32072606740386,0.0011940031453276,0.0010610213209029,0.0010610663378993,6316,-0.001105899595137,-0.0008934403657469,0.0011436857079238,0.0009239672224135,-3.4431630479329003e-10,-2.7816818691306e-10,0.99684317290016,0.9968393701230116,2.7214612158584397,121,1.0036174374784606,0.9968393701230116,2.7214612158584397,121
