time,NumDofs,NumElems,area,gradPx_avg,gradPy_avg,integral_in,integral_out,mem,product_avg,product_int,velx_avg,velx_int,vely_avg,vely_int,vol,M0_ps,M1_ps,M3_ps,Tau_ps,M0_eff_ps,M1_eff_ps,M3_eff_ps
0,0,0,37.812453174831,-1.0,-8.3065763883641e-17,0.0,0.0,4023,0.0,0.0,0.0,0.0,0.0,0.0,0.91945155494403,0.9193045409456186,37.613520617241925,1369,1.105717966641938,0.9193045409456186,37.613520617241925,1369
1,12142308,2649498,37.812453174831,-0.50459259113735,-0.055329767096267,3.3395423294144e-05,3.3395531865078e-05,7355,-3.6790104244207e-05,-2.7442747531804e-05,3.7205632827852e-05,2.7752701696042e-05,1.3786767600654e-06,1.0283927983269e-06,0.91945155494403,0.9193045409456186,37.613520617241925,1369,1.105717966641938,0.9193045409456186,37.613520617241925,1369
