time,NumDofs,NumElems,area,gradPx_avg,gradPy_avg,integral_in,integral_out,mem,product_avg,product_int,velx_avg,velx_int,vely_avg,vely_int,vol,M0_ps,M1_ps,M3_ps,Tau_ps,M0_eff_ps,M1_eff_ps,M3_eff_ps
0,0,0,103.45417120726,-1.0,-3.5444171078621e-17,0.0,0.0,7202,0.0,0.0,0.0,0.0,0.0,0.0,0.91232182315582,0.9122121999510042,90.62501401499092,5772,1.2393945721995336,0.9122121999510042,90.62501401499092,5772
1,23179779,4978392,103.45417120726,-0.36439185391945,0.0031365337116541,5.6258949540966e-06,5.5336199836879e-06,11814,-5.9907273683835e-06,-4.4201715567948e-06,6.1588235439709e-06,4.5441988891115e-06,-3.1074680626728e-08,-2.2928003729171e-08,0.91232182315582,0.9122121999510042,90.62501401499092,5772,1.2393945721995336,0.9122121999510042,90.62501401499092,5772
