time,NumDofs,NumElems,area,gradPx_avg,gradPy_avg,integral_in,integral_out,mem,product_avg,product_int,velx_avg,velx_int,vely_avg,vely_int,vol,M0_ps,M1_ps,M3_ps,Tau_ps,M0_eff_ps,M1_eff_ps,M3_eff_ps
0,0,0,31.929288436892,-1.0,-3.220734089592e-17,0.0,0.0,3960,0.0,0.0,0.0,0.0,0.0,0.0,0.93198392806076,0.9318205549375304,31.753124381734377,1156,1.0893996166146807,0.9318205549375304,31.753124381734377,1156
1,11935902,2611014,31.929288436892,-0.50517282181534,-6.553972486038e-06,4.4540490292818e-05,4.4425325756597e-05,6891,-4.8501096010455e-05,-3.6717523360075e-05,4.9115831115867e-05,3.7182905639031e-05,4.7727516044448e-09,3.6131888337175e-09,0.93198392806076,0.9318205549375304,31.753124381734377,1156,1.0893996166146807,0.9318205549375304,31.753124381734377,1156
