time,NumDofs,NumElems,area,gradPx_avg,gradPy_avg,integral_in,integral_out,mem,product_avg,product_int,velx_avg,velx_int,vely_avg,vely_int,vol,M0_ps,M1_ps,M3_ps,Tau_ps,M0_eff_ps,M1_eff_ps,M3_eff_ps
0,0,0,26.972744564879,-1.0,3.0557198447441e-17,0.0,0.0,3918,0.0,0.0,0.0,0.0,0.0,0.0,0.94697952279966,0.9468476030216746,26.818896859990506,1024,1.0725397274465263,0.9468476030216746,26.818896859990506,1024
1,11795751,2585128,26.972744564879,-0.4981980391746,-0.0005116168457239,5.7441796840228e-05,5.7279813893894e-05,6762,-6.1488095977501e-05,-4.7279614490122e-05,6.2165589483404e-05,4.7800554865156e-05,6.3941732634961e-08,4.9166272280046e-08,0.94697952279966,0.9468476030216746,26.818896859990506,1024,1.0725397274465263,0.9468476030216746,26.818896859990506,1024
