time,NumDofs,NumElems,area,gradPx_avg,gradPy_avg,integral_in,integral_out,mem,product_avg,product_int,velx_avg,velx_int,vely_avg,vely_int,vol,M0_ps,M1_ps,M3_ps,Tau_ps,M0_eff_ps,M1_eff_ps,M3_eff_ps
0,0,0,95.061748143478,-1.0,-2.5323996875270002e-17,0.0,0.0,6827,0.0,0.0,0.0,0.0,0.0,0.0,0.88773510227528,0.8876118971409753,87.09920302335803,4046,1.232059720575923,0.8876118971409753,87.09920302335803,4046
1,21826542,4690246,95.061748143478,-0.37711725351123,0.0015713615245029,6.5421119664834e-06,6.5558851481114e-06,11030,-7.239375567327e-06,-5.2031358608874e-06,7.4090992562593e-06,5.3251208862688e-06,-6.6874711530347e-09,-4.8064671671473e-09,0.88773510227528,0.8876118971409753,87.09920302335803,4046,1.232059720575923,0.8876118971409753,87.09920302335803,4046
