time,NumDofs,NumElems,area,gradPx_avg,gradPy_avg,integral_in,integral_out,mem,product_avg,product_int,velx_avg,velx_int,vely_avg,vely_int,vol,M0_ps,M1_ps,M3_ps,Tau_ps,M0_eff_ps,M1_eff_ps,M3_eff_ps
0,0,0,35.910905858006,-1.0,-1.5001778405093998e-17,0.0,0.0,4672,0.0,0.0,0.0,0.0,0.0,0.0,0.94041794371695,0.9402683121754531,34.31012792590592,1296,1.092919447023812,0.9402683121754531,34.31012792590592,1296
1,14671557,3199396,35.910905858006,-0.40867224460103,4.1657250545552e-05,3.8789422421711e-05,3.8792992870605e-05,8333,-4.1548125235463e-05,-3.1699126578039e-05,4.2280637520666e-05,3.2257996551523e-05,2.7970001097825e-09,2.1339701855695e-09,0.94041794371695,0.9402683121754531,34.31012792590592,1296,1.092919447023812,0.9402683121754531,34.31012792590592,1296
