time,NumDofs,NumElems,area,gradPx_avg,gradPy_avg,integral_in,integral_out,mem,product_avg,product_int,velx_avg,velx_int,vely_avg,vely_int,vol,M0_ps,M1_ps,M3_ps,Tau_ps,M0_eff_ps,M1_eff_ps,M3_eff_ps
0,0,0,159.53596021755,-1.0,-4.631331730271e-18,0.0,0.0,5774,0.0,0.0,0.0,0.0,0.0,0.0,0.66015499003736,0.659456186922944,158.75646992292377,5776,1.283974016847825,0.659456186922944,158.75646992292377,5776
1,17343597,3652564,159.53596021755,-0.34302549885017,0.0004568320897376,6.1957751920456e-07,6.2132077499784e-07,9410,-8.9168916181789e-07,-4.7927997362277e-07,9.3269497599757e-07,5.0132046304438e-07,-2.3566291994115e-10,-1.2666803959239002e-10,0.66015499003736,0.659456186922944,158.75646992292377,5776,1.283974016847825,0.659456186922944,158.75646992292377,5776
