time,NumDofs,NumElems,area,gradPx_avg,gradPy_avg,integral_in,integral_out,mem,product_avg,product_int,velx_avg,velx_int,vely_avg,vely_int,vol,M0_ps,M1_ps,M3_ps,Tau_ps,M0_eff_ps,M1_eff_ps,M3_eff_ps
0,0,0,151.7346608629,-1.0,6.5945033241014005e-18,0.0,0.0,8413,0.0,0.0,0.0,0.0,0.0,0.0,0.7482474226805,0.7476636640013494,137.5979988677383,5476,1.5655843349281486,0.7476636640013494,137.5979988677383,5476
1,27619506,5884438,151.7346608629,-0.63610047580992,0.0003760501128922,3.5500121935542e-06,3.5495860528091e-06,14197,-4.7171768780679e-06,-2.8718551520422e-06,4.7700847778386e-06,2.9040659061581e-06,-2.406569812092e-10,-1.465139021125e-10,0.7482474226805,0.7476636640013494,137.5979988677383,5476,1.5655843349281486,0.7476636640013494,137.5979988677383,5476
