time,NumDofs,NumElems,area,gradPx_avg,gradPy_avg,integral_in,integral_out,mem,product_avg,product_int,velx_avg,velx_int,vely_avg,vely_int,vol,M0_ps,M1_ps,M3_ps,Tau_ps,M0_eff_ps,M1_eff_ps,M3_eff_ps
0,0,0,33.150158183826,-1.0,-3.4315353737281e-17,0.0,0.0,4108,0.0,0.0,0.0,0.0,0.0,0.0,0.94628951626021,0.9461879671165979,32.848542573906045,1369,1.136094997460334,0.9461879671165979,32.848542573906045,1369
1,12410154,2711301,33.150158183826,-0.67846431579944,-3.4793147264801e-06,5.1410546641744e-05,5.1403990032334e-05,7177,-5.4982292944793e-05,-4.2186552202993e-05,5.5589732724813e-05,4.2652625708071e-05,1.7880524985091e-09,1.3719284160409e-09,0.94628951626021,0.9461879671165979,32.848542573906045,1369,1.136094997460334,0.9461879671165979,32.848542573906045,1369
