time,NumDofs,NumElems,area,gradPx_avg,gradPy_avg,integral_in,integral_out,mem,product_avg,product_int,velx_avg,velx_int,vely_avg,vely_int,vol,M0_ps,M1_ps,M3_ps,Tau_ps,M0_eff_ps,M1_eff_ps,M3_eff_ps
0,0,0,10.536228345656,-1.0,7.0093820520489e-17,0.0,0.0,3679,0.0,0.0,0.0,0.0,0.0,0.0,0.97928887609277,0.9792119308757796,10.474931203261137,400,1.0280086564886262,0.9792119308757796,10.474931203261137,400
1,10962675,2421216,10.536228345656,-0.50097540974192,0.0030919541483078,0.0002282511854053,0.0002283932346536,6373,-0.0002418950751929,-0.000191877304237,0.0002423584325696,0.0001922448510515,-6.8399058084176e-07,-5.4255866379578e-07,0.97928887609277,0.9792119308757796,10.474931203261137,400,1.0280086564886262,0.9792119308757796,10.474931203261137,400
