time,NumDofs,NumElems,area,gradPx_avg,gradPy_avg,integral_in,integral_out,mem,product_avg,product_int,velx_avg,velx_int,vely_avg,vely_int,vol,M0_ps,M1_ps,M3_ps,Tau_ps,M0_eff_ps,M1_eff_ps,M3_eff_ps
0,0,0,147.32327420774,-1.0,3.7601053687411e-17,0.0,0.0,6196,0.0,0.0,0.0,0.0,0.0,0.0,0.76130417598994,0.760805177489247,145.98042960206897,6084,1.413539660928716,0.760805177489247,145.98042960206897,6084
1,19048329,4030856,147.32327420774,-0.48357706487484,-0.13866491180719,2.1723893812121e-06,2.1732377546282e-06,10369,-2.783071247895e-06,-1.7191373659079e-06,2.8400139973095e-06,1.7543116031144e-06,3.3703314445796e-07,2.0818952178293e-07,0.76130417598994,0.760805177489247,145.98042960206897,6084,1.413539660928716,0.760805177489247,145.98042960206897,6084
