time,NumDofs,NumElems,area,gradPx_avg,gradPy_avg,integral_in,integral_out,mem,product_avg,product_int,velx_avg,velx_int,vely_avg,vely_int,vol,M0_ps,M1_ps,M3_ps,Tau_ps,M0_eff_ps,M1_eff_ps,M3_eff_ps
0,0,0,131.92270276997,-1.0,1.0912234454424001e-16,0.0,0.0,7806,0.0,0.0,0.0,0.0,0.0,0.0,0.78111869601569,0.7808342135172148,121.15159107755512,4761,1.399660847284122,0.7808342135172148,121.15159107755512,4761
1,25372431,5417978,131.92270276997,-0.32081877083926,-0.086341689754346,2.3794967808205e-06,2.3793849075887e-06,13358,-2.9354759700697e-06,-1.8532751717359e-06,3.0305337269561e-06,1.9132886695518e-06,2.0634093248463e-07,1.3027070600667e-07,0.78111869601569,0.7808342135172148,121.15159107755512,4761,1.399660847284122,0.7808342135172148,121.15159107755512,4761
