time,NumDofs,NumElems,area,gradPx_avg,gradPy_avg,integral_in,integral_out,mem,product_avg,product_int,velx_avg,velx_int,vely_avg,vely_int,vol,M0_ps,M1_ps,M3_ps,Tau_ps,M0_eff_ps,M1_eff_ps,M3_eff_ps
0,0,0,56.110790403129,-1.0,-8.9163920953054e-17,0.0,0.0,5534,0.0,0.0,0.0,0.0,0.0,0.0,0.90690303705774,0.9064561989710884,51.60778143987174,2025,1.153415865798804,0.9064561989710884,51.60778143987174,2025
1,16981101,3679094,56.110790403129,-0.36350274081134,-0.052977690853509,1.7123911106948e-05,1.7124941483038e-05,9184,-1.8819481794651e-05,-1.3788922985124e-05,1.9011010237224e-05,1.3929254742019e-05,8.8455016986084e-07,6.4810467693941e-07,0.90690303705774,0.9064561989710884,51.60778143987174,2025,1.153415865798804,0.9064561989710884,51.60778143987174,2025
