time,NumDofs,NumElems,area,gradPx_avg,gradPy_avg,integral_in,integral_out,mem,product_avg,product_int,velx_avg,velx_int,vely_avg,vely_int,vol,M0_ps,M1_ps,M3_ps,Tau_ps,M0_eff_ps,M1_eff_ps,M3_eff_ps
0,0,0,33.295383280589,-1.0,-1.2692815009431e-17,0.0,0.0,4589,0.0,0.0,0.0,0.0,0.0,0.0,0.96804888829619,0.9679900883932193,29.790754399172915,1369,1.0329521139330915,0.9679900883932193,29.790754399172915,1369
1,14347515,3131330,33.295383280589,-0.26207021645606,0.000660208575849,3.3090351874716e-05,3.3107292736403e-05,7613,-3.4184572336963e-05,-2.6821118454366e-05,3.5014701613455e-05,2.747243552915e-05,-1.235184495121e-09,-9.691222499459201e-10,0.96804888829619,0.9679900883932193,29.790754399172915,1369,1.0329521139330915,0.9679900883932193,29.790754399172915,1369
