time,NumDofs,NumElems,area,gradPx_avg,gradPy_avg,integral_in,integral_out,mem,product_avg,product_int,velx_avg,velx_int,vely_avg,vely_int,vol,M0_ps,M1_ps,M3_ps,Tau_ps,M0_eff_ps,M1_eff_ps,M3_eff_ps
0,0,0,102.77584971772,-1.0,-1.9281330935726e-17,0.0,0.0,4849,0.0,0.0,0.0,0.0,0.0,0.0,0.7810659137689,0.7806575073995686,102.24407027873895,3721,1.1989340811938347,0.7806575073995686,102.24407027873895,3721
1,15015081,3206356,102.77584971772,-0.39742141974072,6.2833318339632e-05,3.1580008656174e-06,3.1581390467092e-06,7997,-3.9779839195702e-06,-2.5141438131921e-06,4.0462356494265e-06,2.5572799011772e-06,1.2618362554307001e-10,7.9749890371484e-11,0.7810659137689,0.7806575073995686,102.24407027873895,3721,1.1989340811938347,0.7806575073995686,102.24407027873895,3721
