time,NumDofs,NumElems,area,gradPx_avg,gradPy_avg,integral_in,integral_out,mem,product_avg,product_int,velx_avg,velx_int,vely_avg,vely_int,vol,M0_ps,M1_ps,M3_ps,Tau_ps,M0_eff_ps,M1_eff_ps,M3_eff_ps
0,0,0,118.12422808688,-1.0,-1.1387822584658e-17,0.0,0.0,7547,0.0,0.0,0.0,0.0,0.0,0.0,0.87578798499082,0.8754713836490616,106.75012986185511,5482,1.2920848037291988,0.8754713836490616,106.75012986185511,5482
1,24422778,5230749,118.12422808688,-0.36641202402875,-0.0024433510032878,4.1202059523376e-06,4.0719435246391e-06,12798,-4.555973992253e-06,-3.2272634963514e-06,4.6841526261139e-06,3.3180599378533e-06,1.6088479025968e-08,1.1396412964738e-08,0.87578798499082,0.8754713836490616,106.75012986185511,5482,1.2920848037291988,0.8754713836490616,106.75012986185511,5482
