time,NumDofs,NumElems,area,gradPx_avg,gradPy_avg,integral_in,integral_out,mem,product_avg,product_int,velx_avg,velx_int,vely_avg,vely_int,vol,M0_ps,M1_ps,M3_ps,Tau_ps,M0_eff_ps,M1_eff_ps,M3_eff_ps
0,0,0,111.37568995631,-1.0,-6.2139372275596e-17,0.0,0.0,7393,0.0,0.0,0.0,0.0,0.0,0.0,0.88288432359247,0.8826932421958145,101.06433083566162,4489,1.4142902727148805,0.8826932421958145,101.06433083566162,4489
1,23851692,5114993,111.37568995631,-0.55462819081345,0.0006923013969826,8.0262274634916e-06,8.1168817006053e-06,12501,-8.9966642017296e-06,-6.42297325957e-06,9.1544522570498e-06,6.5356226190744e-06,1.601739956293e-10,1.1435274983451002e-10,0.88288432359247,0.8826932421958145,101.06433083566162,4489,1.4142902727148805,0.8826932421958145,101.06433083566162,4489
