time,NumDofs,NumElems,area,gradPx_avg,gradPy_avg,integral_in,integral_out,mem,product_avg,product_int,velx_avg,velx_int,vely_avg,vely_int,vol,M0_ps,M1_ps,M3_ps,Tau_ps,M0_eff_ps,M1_eff_ps,M3_eff_ps
0,0,0,78.652000000022,-1.0,-4.4664236671504e-17,0.0,0.0,6163,0.0,0.0,0.0,0.0,0.0,0.0,0.86516800000017,0.8648860847948402,75.22288140094884,2809,1.2101303528163152,0.8648860847948402,75.22288140094884,2809
1,19364427,4172658,78.652000000022,-0.40402968959926,0.0009187470347473,9.099672951844e-06,9.1207350145392e-06,10116,-1.0412676510012e-05,-7.3231037263291e-06,1.0646932180609e-05,7.4878527774124e-06,8.3783199047557e-09,5.892366449289e-09,0.86516800000017,0.8648860847948402,75.22288140094884,2809,1.2101303528163152,0.8648860847948402,75.22288140094884,2809
