time,NumDofs,NumElems,area,gradPx_avg,gradPy_avg,integral_in,integral_out,mem,product_avg,product_int,velx_avg,velx_int,vely_avg,vely_int,vol,M0_ps,M1_ps,M3_ps,Tau_ps,M0_eff_ps,M1_eff_ps,M3_eff_ps
0,0,0,42.715032166741,-1.0,-4.9710423457917e-18,0.0,0.0,4250,0.0,0.0,0.0,0.0,0.0,0.0,0.93079233504997,0.9306338127156116,42.33767430436395,1764,1.1119407975420375,0.9306338127156116,42.33767430436395,1764
1,13000338,2829418,42.715032166741,-0.49146678218719,-0.1302925117531,2.6982635293973e-05,2.6983075868067e-05,7905,-2.9258876970865e-05,-2.2042104059924e-05,2.9391302637661e-05,2.2141866615084e-05,2.5633286834879e-06,1.9310774517249e-06,0.93079233504997,0.9306338127156116,42.33767430436395,1764,1.1119407975420375,0.9306338127156116,42.33767430436395,1764
