time,NumDofs,NumElems,area,gradPx_avg,gradPy_avg,integral_in,integral_out,mem,product_avg,product_int,velx_avg,velx_int,vely_avg,vely_int,vol,M0_ps,M1_ps,M3_ps,Tau_ps,M0_eff_ps,M1_eff_ps,M3_eff_ps
0,0,0,106.49944563229,-1.0,-5.3260449895933e-17,0.0,0.0,7135,0.0,0.0,0.0,0.0,0.0,0.0,0.84123999999991,0.8409474259139521,101.49540058740608,3969,1.2978763823781065,0.8409474259139521,101.49540058740608,3969
1,22999239,4932326,106.49944563229,-0.38792166450979,-0.0029084517660657,4.7569100787616e-06,4.7401994406748e-06,11942,-5.5406548959988e-06,-3.7676419670517e-06,5.6324036918457e-06,3.8300310925518e-06,1.6578491882031e-08,1.1273364419479e-08,0.84123999999991,0.8409474259139521,101.49540058740608,3969,1.2978763823781065,0.8409474259139521,101.49540058740608,3969
