time,NumDofs,NumElems,area,gradPx_avg,gradPy_avg,integral_in,integral_out,mem,product_avg,product_int,velx_avg,velx_int,vely_avg,vely_int,vol,M0_ps,M1_ps,M3_ps,Tau_ps,M0_eff_ps,M1_eff_ps,M3_eff_ps
0,0,0,56.434131053205,-1.0,2.2715824276281e-17,0.0,0.0,5581,0.0,0.0,0.0,0.0,0.0,0.0,0.93335308812857,0.9331578989642612,51.7486532493348,2387,1.1338342486576438,0.9331578989642612,51.7486532493348,2387
1,17275620,3743442,56.434131053205,-0.39359781538664,-0.0011411988322747,1.8011485462354e-05,1.8009382887896e-05,10288,-1.9353566019694e-05,-1.4602053103489e-05,1.963165053864e-05,1.4811864820295e-05,1.7705029585284e-08,1.3358250460927e-08,0.93335308812857,0.9331578989642612,51.7486532493348,2387,1.1338342486576438,0.9331578989642612,51.7486532493348,2387
