time,NumDofs,NumElems,area,gradPx_avg,gradPy_avg,integral_in,integral_out,mem,product_avg,product_int,velx_avg,velx_int,vely_avg,vely_int,vol,M0_ps,M1_ps,M3_ps,Tau_ps,M0_eff_ps,M1_eff_ps,M3_eff_ps
0,0,0,38.857543382493,-1.0,-8.2643503935286e-18,0.0,0.0,4775,0.0,0.0,0.0,0.0,0.0,0.0,0.95411047851673,0.953964040305059,35.761328000586566,1521,1.065645553121777,0.953964040305059,35.761328000586566,1521
1,15109641,3291468,38.857543382493,-0.32796834740883,-0.0007020360923257,2.968109908305e-05,2.968211205155e-05,8055,-3.1180479447266e-05,-2.4103925670008e-05,3.1777464052818e-05,2.4565421862928e-05,-1.3426600289186e-08,-1.0379371360174e-08,0.95411047851673,0.953964040305059,35.761328000586566,1521,1.065645553121777,0.953964040305059,35.761328000586566,1521
