time,NumDofs,NumElems,area,gradPx_avg,gradPy_avg,integral_in,integral_out,mem,product_avg,product_int,velx_avg,velx_int,vely_avg,vely_int,vol,M0_ps,M1_ps,M3_ps,Tau_ps,M0_eff_ps,M1_eff_ps,M3_eff_ps
0,0,0,61.852000000015,-1.0,-4.707055645078001e-17,0.0,0.0,5665,0.0,0.0,0.0,0.0,0.0,0.0,0.89396800000013,0.8935425962144731,56.185790935002935,2209,1.1047743311350728,0.8935425962144731,56.185790935002935,2209
1,17460756,3777220,61.852000000015,-0.40327004291253,-0.0003135272563229,1.3442478278893e-05,1.3440196997122e-05,9895,-1.5101022489498e-05,-1.0899701137023e-05,1.5245293043046e-05,1.1003833550417e-05,-5.9257955892909e-10,-4.2771541441835006e-10,0.89396800000013,0.8935425962144731,56.185790935002935,2209,1.1047743311350728,0.8935425962144731,56.185790935002935,2209
