time,NumDofs,NumElems,area,gradPx_avg,gradPy_avg,integral_in,integral_out,mem,product_avg,product_int,velx_avg,velx_int,vely_avg,vely_int,vol,M0_ps,M1_ps,M3_ps,Tau_ps,M0_eff_ps,M1_eff_ps,M3_eff_ps
0,0,0,3.0517615666976,-1.0,2.1574931984964e-17,0.0,0.0,3643,0.0,0.0,0.0,0.0,0.0,0.0,0.9965664201909,0.9965602547780933,2.8029464454579682,155,1.0070044197345436,0.9965602547780933,2.8029464454579682,155
1,10872894,2409823,3.0517615666976,-0.43002684959747,-0.078729417277925,0.0011423832365344,0.0011424320913061,7007,-0.0011903448319162,-0.000961459446326,0.0012314677383619,0.0009946750371384,3.583403010756e-05,2.8943685748089e-05,0.9965664201909,0.9965602547780933,2.8029464454579682,155,1.0070044197345436,0.9965602547780933,2.8029464454579682,155
