time,NumDofs,NumElems,area,gradPx_avg,gradPy_avg,integral_in,integral_out,mem,product_avg,product_int,velx_avg,velx_int,vely_avg,vely_int,vol,M0_ps,M1_ps,M3_ps,Tau_ps,M0_eff_ps,M1_eff_ps,M3_eff_ps
0,0,0,49.249927789036,-1.0,-3.7622639311691997e-17,0.0,0.0,5371,0.0,0.0,0.0,0.0,0.0,0.0,0.95273849437542,0.9526005919654941,44.29519618242689,3039,1.1164382056770739,0.9526005919654941,44.29519618242689,3039
1,16471872,3576732,49.249927789036,-0.39218058669956,-0.1504780985871,2.3049991897134e-05,2.3055273462544e-05,8791,-2.4120126966167e-05,-1.8592072929421e-05,2.4437237363438e-05,1.8836505292526e-05,2.758460446112e-06,2.1262532265678e-06,0.95273849437542,0.9526005919654941,44.29519618242689,3039,1.1164382056770739,0.9526005919654941,44.29519618242689,3039
