time,NumDofs,NumElems,area,gradPx_avg,gradPy_avg,integral_in,integral_out,mem,product_avg,product_int,velx_avg,velx_int,vely_avg,vely_int,vol,M0_ps,M1_ps,M3_ps,Tau_ps,M0_eff_ps,M1_eff_ps,M3_eff_ps
0,0,0,36.060241513008,-1.0,-2.3931505283330002e-17,0.0,0.0,4044,0.0,0.0,0.0,0.0,0.0,0.0,0.92911617843105,0.9289862289709679,35.83530556675282,1369,1.0978747409781127,0.9289862289709679,35.83530556675282,1369
1,12222315,2668190,36.060241513008,-0.50178428664512,-0.077892457362089,3.5930868992586e-05,3.5930476984716e-05,6929,-3.9154271890702e-05,-2.950707642602e-05,3.9624287104086e-05,2.9861284898123e-05,2.0564372334649e-06,1.5497530073486e-06,0.92911617843105,0.9289862289709679,35.83530556675282,1369,1.0978747409781127,0.9289862289709679,35.83530556675282,1369
