time,NumDofs,NumElems,area,gradPx_avg,gradPy_avg,integral_in,integral_out,mem,product_avg,product_int,velx_avg,velx_int,vely_avg,vely_int,vol,M0_ps,M1_ps,M3_ps,Tau_ps,M0_eff_ps,M1_eff_ps,M3_eff_ps
0,0,0,120.31486196462,-1.0,-1.7010401764767e-17,0.0,0.0,5080,0.0,0.0,0.0,0.0,0.0,0.0,0.74370414414869,0.7432048465668812,119.70519560396578,4356,1.2280415273775291,0.7432048465668812,119.70519560396578,4356
1,15628878,3320742,120.31486196462,-0.38688477515906,-0.0001552878028428,1.9018716054633e-06,1.9019139830391e-06,8849,-2.5203475301559e-06,-1.5110293815184e-06,2.5633418857774e-06,1.5368058801188e-06,2.9143724548959e-10,1.7472599930547002e-10,0.74370414414869,0.7432048465668812,119.70519560396578,4356,1.2280415273775291,0.7432048465668812,119.70519560396578,4356
