time,NumDofs,NumElems,area,gradPx_avg,gradPy_avg,integral_in,integral_out,mem,product_avg,product_int,velx_avg,velx_int,vely_avg,vely_int,vol,M0_ps,M1_ps,M3_ps,Tau_ps,M0_eff_ps,M1_eff_ps,M3_eff_ps
0,0,0,59.273689947534,-1.0,-4.795993024237e-17,0.0,0.0,5675,0.0,0.0,0.0,0.0,0.0,0.0,0.9116400000001,0.911471239071329,56.49244285303878,2209,1.1581965702022294,0.911471239071329,56.49244285303878,2209
1,17557572,3801680,59.273689947534,-0.40089563180961,-0.0021684861140694,1.6188710583947e-05,1.5963622834618e-05,9995,-1.7731362706565e-05,-1.3060018166745e-05,1.7883362670082e-05,1.3171973593845e-05,4.6221823041188e-08,3.4044639355016e-08,0.9116400000001,0.911471239071329,56.49244285303878,2209,1.1581965702022294,0.911471239071329,56.49244285303878,2209
