time,NumDofs,NumElems,area,gradPx_avg,gradPy_avg,integral_in,integral_out,mem,product_avg,product_int,velx_avg,velx_int,vely_avg,vely_int,vol,M0_ps,M1_ps,M3_ps,Tau_ps,M0_eff_ps,M1_eff_ps,M3_eff_ps
0,0,0,33.965987870361,-1.0,2.5921989144885e-17,0.0,0.0,4633,0.0,0.0,0.0,0.0,0.0,0.0,0.96428350167006,0.9642973321392283,30.786182480939022,1369,1.1080181894631995,0.9642973321392283,30.786182480939022,1369
1,14530644,3171569,33.965987870361,-0.56558008707021,-0.0011465774801338,5.2733517290371e-05,5.2971078451066e-05,8077,-5.5226712796759e-05,-4.3164030876055e-05,5.6134003194544e-05,4.3873149865043e-05,-4.7121612913898e-09,-3.6829256201256e-09,0.96428350167006,0.9642973321392283,30.786182480939022,1369,1.1080181894631995,0.9642973321392283,30.786182480939022,1369
