time,NumDofs,NumElems,area,gradPx_avg,gradPy_avg,integral_in,integral_out,mem,product_avg,product_int,velx_avg,velx_int,vely_avg,vely_int,vol,M0_ps,M1_ps,M3_ps,Tau_ps,M0_eff_ps,M1_eff_ps,M3_eff_ps
0,0,0,132.78281772615,-1.0,9.1654428887693e-17,0.0,0.0,5626,0.0,0.0,0.0,0.0,0.0,0.0,0.73898806097383,0.7384709298356231,132.00138813664745,5041,1.1968909198147883,0.7384709298356231,132.00138813664745,5041
1,16905240,3583992,132.78281772615,-0.33028471666503,-0.0002159617997836,1.1864584413385e-06,1.186639441063e-06,9698,-1.5434898173134e-06,-9.2613398933177e-07,1.6044104088855e-06,9.6268792695561e-07,2.1600319319985002e-10,1.2960752755387e-10,0.73898806097383,0.7384709298356231,132.00138813664745,5041,1.1968909198147883,0.7384709298356231,132.00138813664745,5041
