time,NumDofs,NumElems,area,gradPx_avg,gradPy_avg,integral_in,integral_out,mem,product_avg,product_int,velx_avg,velx_int,vely_avg,vely_int,vol,M0_ps,M1_ps,M3_ps,Tau_ps,M0_eff_ps,M1_eff_ps,M3_eff_ps
0,0,0,93.081963519812,-1.0,-3.2005837472014e-18,0.0,0.0,5362,0.0,0.0,0.0,0.0,0.0,0.0,0.84918692513242,0.848871088871129,92.30834678967321,3844,1.2574102514089223,0.848871088871129,92.30834678967321,3844
1,16141869,3458896,93.081963519812,-0.46723566768493,0.0011585753731079,5.9532906887906e-06,5.9809468362105e-06,8550,-7.049404899117e-06,-4.8427856310057e-06,7.1350800099591e-06,4.9016425418597e-06,-8.0080575039798e-09,-5.5013588192953e-09,0.84918692513242,0.848871088871129,92.30834678967321,3844,1.2574102514089223,0.848871088871129,92.30834678967321,3844
