time,NumDofs,NumElems,area,gradPx_avg,gradPy_avg,integral_in,integral_out,mem,product_avg,product_int,velx_avg,velx_int,vely_avg,vely_int,vol,M0_ps,M1_ps,M3_ps,Tau_ps,M0_eff_ps,M1_eff_ps,M3_eff_ps
0,0,0,181.01933598377,-1.0,-2.4409199617701998e-17,0.0,0.0,9276,0.0,0.0,0.0,0.0,0.0,0.0,0.67999999999994,0.6783587214509179,164.60391469612495,6400,1.4092021079712767,0.6783587214509179,164.60391469612495,6400
1,30797016,6539514,181.01933598377,-0.50722237830398,0.0001261329503734,1.3303110712632e-06,1.3307143344763e-06,15707,-1.8937239817704e-06,-1.0430466947903e-06,1.928253022736e-06,1.0620649901703e-06,-3.1659765446277e-11,-1.7437923385067e-11,0.67999999999994,0.6783587214509179,164.60391469612495,6400,1.4092021079712767,0.6783587214509179,164.60391469612495,6400
