time,NumDofs,NumElems,area,gradPx_avg,gradPy_avg,integral_in,integral_out,mem,product_avg,product_int,velx_avg,velx_int,vely_avg,vely_int,vol,M0_ps,M1_ps,M3_ps,Tau_ps,M0_eff_ps,M1_eff_ps,M3_eff_ps
0,0,0,87.555427180458,-1.0,-3.0998433286577e-17,0.0,0.0,6630,0.0,0.0,0.0,0.0,0.0,0.0,0.91597954555636,0.9158507395552629,78.17514830097883,4394,1.208524351652656,0.9158507395552629,78.17514830097883,4394
1,21217149,4567188,87.555427180458,-0.38117073346445,-0.0001393674044092,8.0181809559145e-06,8.0125407257511e-06,10973,-8.5515059773597e-06,-6.3447387116403e-06,8.7491094320628e-06,6.4913494129516e-06,2.8906916878829e-08,2.1447314080216e-08,0.91597954555636,0.9158507395552629,78.17514830097883,4394,1.208524351652656,0.9158507395552629,78.17514830097883,4394
