time,NumDofs,NumElems,area,gradPx_avg,gradPy_avg,integral_in,integral_out,mem,product_avg,product_int,velx_avg,velx_int,vely_avg,vely_int,vol,M0_ps,M1_ps,M3_ps,Tau_ps,M0_eff_ps,M1_eff_ps,M3_eff_ps
0,0,0,80.54135387714,-1.0,-5.3434311996400005e-17,0.0,0.0,4616,0.0,0.0,0.0,0.0,0.0,0.0,0.82843004690938,0.8280910518431653,80.13709214891955,2916,1.1595994770860827,0.8280910518431653,80.13709214891955,2916
1,14225508,3058802,80.54135387714,-0.41160601027555,-0.0002833385653005,6.0788601109571e-06,6.0770836083812e-06,7637,-7.2859818624294e-06,-4.9118496117837e-06,7.4242221423539e-06,5.005044390209e-06,-3.2396938488592e-11,-2.1840418044235e-11,0.82843004690938,0.8280910518431653,80.13709214891955,2916,1.1595994770860827,0.8280910518431653,80.13709214891955,2916
