time,NumDofs,NumElems,area,gradPx_avg,gradPy_avg,integral_in,integral_out,mem,product_avg,product_int,velx_avg,velx_int,vely_avg,vely_int,vol,M0_ps,M1_ps,M3_ps,Tau_ps,M0_eff_ps,M1_eff_ps,M3_eff_ps
0,0,0,7.2407734393502,-1.0,-7.5721061416032e-18,0.0,0.0,3770,0.0,0.0,0.0,0.0,0.0,0.0,0.98719999999956,0.9871586861096944,6.916166865919347,256,1.0184746976627728,0.9871586861096944,6.916166865919347,256
1,11381658,2515806,7.2407734393502,-0.41281051496375,0.0007442492547284,0.0004069758921495,0.0004070735686286,6568,-0.0004239468718366,-0.0003392384995706,0.0004359864851664,0.0003488724906028,-2.629410764933e-09,-2.1040310046075e-09,0.98719999999956,0.9871586861096944,6.916166865919347,256,1.0184746976627728,0.9871586861096944,6.916166865919347,256
