time,NumDofs,NumElems,area,gradPx_avg,gradPy_avg,integral_in,integral_out,mem,product_avg,product_int,velx_avg,velx_int,vely_avg,vely_int,vol,M0_ps,M1_ps,M3_ps,Tau_ps,M0_eff_ps,M1_eff_ps,M3_eff_ps
0,0,0,32.031641336308,-1.0,-3.2966723306146e-17,0.0,0.0,4561,0.0,0.0,0.0,0.0,0.0,0.0,0.94685427695739,0.9463937895831743,29.144922904965846,1156,1.0483673642787907,0.9463937895831743,29.144922904965846,1156
1,14250681,3112308,32.031641336308,-0.37418017834639,0.0003427165588923,4.2153199728668e-05,4.2153153988055e-05,8192,-4.4991314370319e-05,-3.458353302282e-05,4.5806450558802e-05,3.5210104833114e-05,2.4186429044674e-09,1.8591414349131e-09,0.94685427695739,0.9463937895831743,29.144922904965846,1156,1.0483673642787907,0.9463937895831743,29.144922904965846,1156
