time,NumDofs,NumElems,area,gradPx_avg,gradPy_avg,integral_in,integral_out,mem,product_avg,product_int,velx_avg,velx_int,vely_avg,vely_int,vol,M0_ps,M1_ps,M3_ps,Tau_ps,M0_eff_ps,M1_eff_ps,M3_eff_ps
0,0,0,75.373379385514,-1.0,-5.1010965041169e-17,0.0,0.0,6179,0.0,0.0,0.0,0.0,0.0,0.0,0.88763999999992,0.8874924197091578,69.13904489104534,2809,1.2090276087088492,0.8874924197091578,69.13904489104534,2809
1,19454097,4196330,75.373379385514,-0.36006642394684,-0.084183764660286,9.7875042582452e-06,9.7870119140158e-06,10146,-1.0880917395583e-05,-7.845825373202e-06,1.1167926832488e-05,8.0527772174771e-06,8.7707888215981e-07,6.3242900371089e-07,0.88763999999992,0.8874924197091578,69.13904489104534,2809,1.2090276087088492,0.8874924197091578,69.13904489104534,2809
