time,NumDofs,NumElems,area,gradPx_avg,gradPy_avg,integral_in,integral_out,mem,product_avg,product_int,velx_avg,velx_int,vely_avg,vely_int,vol,M0_ps,M1_ps,M3_ps,Tau_ps,M0_eff_ps,M1_eff_ps,M3_eff_ps
0,0,0,176.77114705544,-1.0,9.4293460747839e-17,0.0,0.0,6024,0.0,0.0,0.0,0.0,0.0,0.0,0.62344043217428,0.6226671780434617,175.896391681121,6400,1.3035673779739283,0.6226671780434617,175.896391681121,6400
1,18157647,3811832,176.77114705544,-0.31777679742542,8.4461136778235e-05,3.802690376061e-07,3.7926151724039e-07,10105,-5.6168199866252e-07,-2.8364126676643e-07,5.9199082203678e-07,2.9894678319129e-07,1.4690988174884e-10,7.418736056874e-11,0.62344043217428,0.6226671780434617,175.896391681121,6400,1.3035673779739283,0.6226671780434617,175.896391681121,6400
