time,NumDofs,NumElems,area,gradPx_avg,gradPy_avg,integral_in,integral_out,mem,product_avg,product_int,velx_avg,velx_int,vely_avg,vely_int,vol,M0_ps,M1_ps,M3_ps,Tau_ps,M0_eff_ps,M1_eff_ps,M3_eff_ps
0,0,0,6.3515652993512,-1.0,-3.9989385699114e-17,0.0,0.0,3722,0.0,0.0,0.0,0.0,0.0,0.0,0.99332109307957,0.9933494242995008,5.743817279555964,256,1.00764986755253,0.9933494242995008,5.743817279555964,256
1,11167956,2469938,6.3515652993512,-0.2924049323166,0.0015974848991802,0.0004072123387272,0.0004072239211096,6652,-0.0004204254863633,-0.0003383948695142,0.0004336346589864,0.0003490267564743,8.2323592522148e-09,6.6261162210793e-09,0.99332109307957,0.9933494242995008,5.743817279555964,256,1.00764986755253,0.9933494242995008,5.743817279555964,256
