time,NumDofs,NumElems,area,gradPx_avg,gradPy_avg,integral_in,integral_out,mem,product_avg,product_int,velx_avg,velx_int,vely_avg,vely_int,vol,M0_ps,M1_ps,M3_ps,Tau_ps,M0_eff_ps,M1_eff_ps,M3_eff_ps
0,0,0,172.82048543964,-1.0,1.2642546713750002e-16,0.0,0.0,6177,0.0,0.0,0.0,0.0,0.0,0.0,0.66028579013101,0.6596349010646544,171.87017691611769,6561,1.5469058874607517,0.6596349010646544,171.87017691611769,6561
1,18843894,3963124,172.82048543964,-0.44190149137993,0.0009075578152759,9.691798237553e-07,9.9573543979106e-07,10245,-1.4117286400841e-06,-7.5396857961678e-07,1.4532385760556e-06,7.7613798709056e-07,-1.7282615486428e-09,-9.230208044506601e-10,0.66028579013101,0.6596349010646544,171.87017691611769,6561,1.5469058874607517,0.6596349010646544,171.87017691611769,6561
