time,NumDofs,NumElems,area,gradPx_avg,gradPy_avg,integral_in,integral_out,mem,product_avg,product_int,velx_avg,velx_int,vely_avg,vely_int,vol,M0_ps,M1_ps,M3_ps,Tau_ps,M0_eff_ps,M1_eff_ps,M3_eff_ps
0,0,0,155.86330667527,-1.0,5.7069573737263e-17,0.0,0.0,8524,0.0,0.0,0.0,0.0,0.0,0.0,0.7413973251603,0.7410532487821334,141.36505207261337,5625,1.5910251961059667,0.7410532487821334,141.36505207261337,5625
1,28036431,5970234,155.86330667527,-0.64081700505977,0.0003530996186745,3.3460337094387e-06,3.3462676525605e-06,14378,-4.466747621363e-06,-2.6920486091293e-06,4.5142370509171e-06,2.7206698484776e-06,-2.6588761896387004e-10,-1.6024688553995002e-10,0.7413973251603,0.7410532487821334,141.36505207261337,5625,1.5910251961059667,0.7410532487821334,141.36505207261337,5625
