time,NumDofs,NumElems,area,gradPx_avg,gradPy_avg,integral_in,integral_out,mem,product_avg,product_int,velx_avg,velx_int,vely_avg,vely_int,vol,M0_ps,M1_ps,M3_ps,Tau_ps,M0_eff_ps,M1_eff_ps,M3_eff_ps
0,0,0,21.374828761821,-1.0,-4.0832204081361e-17,0.0,0.0,4284,0.0,0.0,0.0,0.0,0.0,0.0,0.98188467420563,0.9818123220388674,18.824461617656553,1518,1.048305763104717,0.9818123220388674,18.824461617656553,1518
1,13199526,2896494,21.374828761821,-0.41219209946607,-0.16931984830043,8.4819545853991e-05,8.4849094036899e-05,7260,-8.7715738568258e-05,-6.9759897290461e-05,8.8902158443479e-05,7.0703451206664e-05,8.7646895213438e-06,6.9705146507537e-06,0.98188467420563,0.9818123220388674,18.824461617656553,1518,1.048305763104717,0.9818123220388674,18.824461617656553,1518
