time,NumDofs,NumElems,area,gradPx_avg,gradPy_avg,integral_in,integral_out,mem,product_avg,product_int,velx_avg,velx_int,vely_avg,vely_int,vol,M0_ps,M1_ps,M3_ps,Tau_ps,M0_eff_ps,M1_eff_ps,M3_eff_ps
0,0,0,47.067999999996,-1.0,-6.3321487729736e-17,0.0,0.0,5236,0.0,0.0,0.0,0.0,0.0,0.0,0.91931200000012,0.9189882771555135,42.75614058928924,1681,1.1356823430171585,0.9189882771555135,42.75614058928924,1681
1,15867234,3447392,47.067999999996,-0.4998410581273,0.0010731902006005,2.8436338953531e-05,2.8435632629108e-05,8840,-3.1117259705245e-05,-2.3161196331683e-05,3.1333994518974e-05,2.3322516371436e-05,1.0946216126835e-09,8.1474867390049e-10,0.91931200000012,0.9189882771555135,42.75614058928924,1681,1.1356823430171585,0.9189882771555135,42.75614058928924,1681
