time,NumDofs,NumElems,area,gradPx_avg,gradPy_avg,integral_in,integral_out,mem,product_avg,product_int,velx_avg,velx_int,vely_avg,vely_int,vol,M0_ps,M1_ps,M3_ps,Tau_ps,M0_eff_ps,M1_eff_ps,M3_eff_ps
0,0,0,56.035473395519,-1.0,-4.6396594081362e-17,0.0,0.0,5627,0.0,0.0,0.0,0.0,0.0,0.0,0.94622690915605,0.9460213011192726,50.19825559857049,2304,1.055360275845723,0.9460213011192726,50.19825559857049,2304
1,17487009,3790972,56.035473395519,-0.25346783453852,0.0004760423766406,1.2502581351545e-05,1.2501471134942e-05,9330,-1.3039706812106e-05,-9.9798159135156e-06,1.3316884713769e-05,1.0191951391233e-05,-1.8404298815879e-09,-1.4085555514889e-09,0.94622690915605,0.9460213011192726,50.19825559857049,2304,1.055360275845723,0.9460213011192726,50.19825559857049,2304
