time,NumDofs,NumElems,area,gradPx_avg,gradPy_avg,integral_in,integral_out,mem,product_avg,product_int,velx_avg,velx_int,vely_avg,vely_int,vol,M0_ps,M1_ps,M3_ps,Tau_ps,M0_eff_ps,M1_eff_ps,M3_eff_ps
0,0,0,103.14534366604,-1.0,5.8651303355657e-17,0.0,0.0,7039,0.0,0.0,0.0,0.0,0.0,0.0,0.84623999999993,0.8458088521732845,98.45161831210307,3844,1.289217801293287,0.8458088521732845,98.45161831210307,3844
1,22616490,4852854,103.14534366604,-0.38928930649682,-0.0010114419878941,5.0860497140538e-06,5.1008480817271e-06,12096,-5.9754233360188e-06,-4.0903500097624e-06,6.0906578842369e-06,4.1692313891933e-06,1.651812035791e-08,1.1307130887274e-08,0.84623999999993,0.8458088521732845,98.45161831210307,3844,1.289217801293287,0.8458088521732845,98.45161831210307,3844
