time,NumDofs,NumElems,area,gradPx_avg,gradPy_avg,integral_in,integral_out,mem,product_avg,product_int,velx_avg,velx_int,vely_avg,vely_int,vol,M0_ps,M1_ps,M3_ps,Tau_ps,M0_eff_ps,M1_eff_ps,M3_eff_ps
0,0,0,63.841610414224,-1.0,5.8190039011508e-17,0.0,0.0,5759,0.0,0.0,0.0,0.0,0.0,0.0,0.89407634438574,0.8940365701342565,58.64776842339525,2304,1.1750172942272088,0.8940365701342565,58.64776842339525,2304
1,17875350,3864982,63.841610414224,-0.36296170301609,-0.056024410847514,1.3319513757103e-05,1.331958356754e-05,9626,-1.4876966331559e-05,-1.074777291354e-05,1.5050022974639e-05,1.0872796621972e-05,7.156573989576e-07,5.1702229046348e-07,0.89407634438574,0.8940365701342565,58.64776842339525,2304,1.1750172942272088,0.8940365701342565,58.64776842339525,2304
