time,NumDofs,NumElems,area,gradPx_avg,gradPy_avg,integral_in,integral_out,mem,product_avg,product_int,velx_avg,velx_int,vely_avg,vely_int,vol,M0_ps,M1_ps,M3_ps,Tau_ps,M0_eff_ps,M1_eff_ps,M3_eff_ps
0,0,0,75.711999999993,-1.0,4.1597052718309e-17,0.0,0.0,6078,0.0,0.0,0.0,0.0,0.0,0.0,0.87020800000019,0.8696872703322477,68.77608813410953,2704,1.2245956178384527,0.8696872703322477,68.77608813410953,2704
1,19020285,4101012,75.711999999993,-0.52936952477235,0.0006467739527015,1.2523083818554e-05,1.2522844751306e-05,9897,-1.4442501721756e-05,-1.0204748817294e-05,1.4604367719959e-05,1.0319119712694e-05,-9.429388144226099e-12,-6.662594844468399e-12,0.87020800000019,0.8696872703322477,68.77608813410953,2704,1.2245956178384527,0.8696872703322477,68.77608813410953,2704
