time,NumDofs,NumElems,area,gradPx_avg,gradPy_avg,integral_in,integral_out,mem,product_avg,product_int,velx_avg,velx_int,vely_avg,vely_int,vol,M0_ps,M1_ps,M3_ps,Tau_ps,M0_eff_ps,M1_eff_ps,M3_eff_ps
0,0,0,42.396786724118,-1.0,1.0638894758470001e-17,0.0,0.0,4878,0.0,0.0,0.0,0.0,0.0,0.0,0.95229877968601,0.9522783041031964,38.907615051788724,2148,1.1008331232641486,0.9522783041031964,38.907615051788724,2148
1,15457980,3363731,42.396786724118,-0.3909681830489,-0.10352836493255,2.9575971019863e-05,2.9578892888128e-05,8680,-3.1068668780212e-05,-2.39591373407e-05,3.1517234867213e-05,2.430505678002e-05,2.2631257766084e-06,1.7452482977184e-06,0.95229877968601,0.9522783041031964,38.907615051788724,2148,1.1008331232641486,0.9522783041031964,38.907615051788724,2148
