time,NumDofs,NumElems,area,gradPx_avg,gradPy_avg,integral_in,integral_out,mem,product_avg,product_int,velx_avg,velx_int,vely_avg,vely_int,vol,M0_ps,M1_ps,M3_ps,Tau_ps,M0_eff_ps,M1_eff_ps,M3_eff_ps
0,0,0,93.489739467146,-1.0,-7.2080848664609e-17,0.0,0.0,6840,0.0,0.0,0.0,0.0,0.0,0.0,0.91028482586628,0.9100375098895185,83.59547353581966,4721,1.221030262440027,0.9100375098895185,83.59547353581966,4721
1,21917244,4712842,93.489739467146,-0.3705560047136,0.0003713329284532,6.8227419044652e-06,6.8328458943041e-06,11396,-7.3816815316364e-06,-5.4389142582474e-06,7.5631989431259e-06,5.5726585322639e-06,8.9758725344603e-09,6.6135339080477e-09,0.91028482586628,0.9100375098895185,83.59547353581966,4721,1.221030262440027,0.9100375098895185,83.59547353581966,4721
