time,NumDofs,NumElems,area,gradPx_avg,gradPy_avg,integral_in,integral_out,mem,product_avg,product_int,velx_avg,velx_int,vely_avg,vely_int,vol,M0_ps,M1_ps,M3_ps,Tau_ps,M0_eff_ps,M1_eff_ps,M3_eff_ps
0,0,0,114.73952668422,-1.0,1.5338969914476e-17,0.0,0.0,5394,0.0,0.0,0.0,0.0,0.0,0.0,0.77445586066306,0.774013959783294,114.05903652212515,4356,1.176640480825597,0.774013959783294,114.05903652212515,4356
1,16130520,3435122,114.73952668422,-0.35075570329609,-0.0003445877507874,2.0075567491882e-06,2.006887302987e-06,8815,-2.5510185441685e-06,-1.593298741834e-06,2.5995399145381e-06,1.6236039070155e-06,5.0955088153783e-10,3.1825200969649003e-10,0.77445586066306,0.774013959783294,114.05903652212515,4356,1.176640480825597,0.774013959783294,114.05903652212515,4356
