time,NumDofs,NumElems,area,gradPx_avg,gradPy_avg,integral_in,integral_out,mem,product_avg,product_int,velx_avg,velx_int,vely_avg,vely_int,vol,M0_ps,M1_ps,M3_ps,Tau_ps,M0_eff_ps,M1_eff_ps,M3_eff_ps
0,0,0,147.18960041538,-1.0,-6.8535221565451e-17,0.0,0.0,5611,0.0,0.0,0.0,0.0,0.0,0.0,0.68645532235258,0.6858034706687925,146.45594682094992,5329,1.4428751798280588,0.6858034706687925,146.45594682094992,5329
1,16801977,3547700,147.18960041538,-0.48666541909151,-0.07311608721485,1.6482491143901e-06,1.6492262743713e-06,10037,-2.3391463882948e-06,-1.3052989214574e-06,2.3910069643776e-06,1.3342383475514e-06,1.3649868563616e-07,7.6169489875801e-08,0.68645532235258,0.6858034706687925,146.45594682094992,5329,1.4428751798280588,0.6858034706687925,146.45594682094992,5329
