time,NumDofs,NumElems,area,gradPx_avg,gradPy_avg,integral_in,integral_out,mem,product_avg,product_int,velx_avg,velx_int,vely_avg,vely_int,vol,M0_ps,M1_ps,M3_ps,Tau_ps,M0_eff_ps,M1_eff_ps,M3_eff_ps
0,0,0,104.18799999997,-1.0,-1.3453838632825e-17,0.0,0.0,6917,0.0,0.0,0.0,0.0,0.0,0.0,0.8213920000002,0.820675418974221,94.64342601591032,3721,1.1695146134702459,0.820675418974221,94.64342601591032,3721
1,22127454,4744712,104.18799999997,-0.41080654674167,-0.0001700828980224,4.3059452212436e-06,4.3068419969768e-06,11579,-5.1683979386001e-06,-3.4357707590842e-06,5.2532991426858e-06,3.4922101195735e-06,-3.3093796843843004e-10,-2.1999602363038003e-10,0.8213920000002,0.820675418974221,94.64342601591032,3721,1.1695146134702459,0.820675418974221,94.64342601591032,3721
