time,NumDofs,NumElems,area,gradPx_avg,gradPy_avg,integral_in,integral_out,mem,product_avg,product_int,velx_avg,velx_int,vely_avg,vely_int,vol,M0_ps,M1_ps,M3_ps,Tau_ps,M0_eff_ps,M1_eff_ps,M3_eff_ps
0,0,0,32.5134895277,-1.0,-7.2434209967008e-18,0.0,0.0,4637,0.0,0.0,0.0,0.0,0.0,0.0,0.97244457665291,0.9724388657073666,28.56841175808668,2304,1.0739376872099646,0.9724388657073666,28.56841175808668,2304
1,14568054,3182164,32.5134895277,-0.4075639741985,-0.16524428512681,4.5081819005495e-05,4.508621845193e-05,7648,-4.6544352425354e-05,-3.6680812414909e-05,4.7605583449755e-05,3.7517150533424e-05,5.3717028185095e-06,4.2333476172085e-06,0.97244457665291,0.9724388657073666,28.56841175808668,2304,1.0739376872099646,0.9724388657073666,28.56841175808668,2304
