time,NumDofs,NumElems,area,gradPx_avg,gradPy_avg,integral_in,integral_out,mem,product_avg,product_int,velx_avg,velx_int,vely_avg,vely_int,vol,M0_ps,M1_ps,M3_ps,Tau_ps,M0_eff_ps,M1_eff_ps,M3_eff_ps
0,0,0,81.16926758319,-1.0,-1.8573393714562e-17,0.0,0.0,6352,0.0,0.0,0.0,0.0,0.0,0.0,0.87899999999989,0.8788428560527869,77.45283679149779,3025,1.220516631477513,0.8788428560527869,77.45283679149779,3025
1,20097228,4329600,81.16926758319,-0.40024096706829,-6.8204226808223e-05,8.6673236616442e-06,8.7206239168939e-06,10816,-9.8498885159303e-06,-7.0325254366418e-06,1.005824047388e-05,7.1812824953317e-06,-1.3976621815369e-09,-9.978889433717102e-10,0.87899999999989,0.8788428560527869,77.45283679149779,3025,1.220516631477513,0.8788428560527869,77.45283679149779,3025
