time,NumDofs,NumElems,area,gradPx_avg,gradPy_avg,integral_in,integral_out,mem,product_avg,product_int,velx_avg,velx_int,vely_avg,vely_int,vol,M0_ps,M1_ps,M3_ps,Tau_ps,M0_eff_ps,M1_eff_ps,M3_eff_ps
0,0,0,172.82048543964,-1.0,9.4272793084577e-17,0.0,0.0,6208,0.0,0.0,0.0,0.0,0.0,0.0,0.66028579013126,0.6595877124991466,171.81663372680921,6561,2.066822978042455,0.6595877124991466,171.81663372680921,6561
1,18926595,3981502,172.82048543964,-0.67412444861672,-0.0001268062109096,2.1052063505463e-06,2.1038303539827e-06,10142,-3.1217343558286e-06,-1.6672974050691e-06,3.1499399443703e-06,1.682361820943e-06,-2.2536880355032e-10,-1.2036796809485002e-10,0.66028579013126,0.6595877124991466,171.81663372680921,6561,2.066822978042455,0.6595877124991466,171.81663372680921,6561
