time,NumDofs,NumElems,area,gradPx_avg,gradPy_avg,integral_in,integral_out,mem,product_avg,product_int,velx_avg,velx_int,vely_avg,vely_int,vol,M0_ps,M1_ps,M3_ps,Tau_ps,M0_eff_ps,M1_eff_ps,M3_eff_ps
0,0,0,25.455844122716,-1.0,2.3601035602744e-18,0.0,0.0,4346,0.0,0.0,0.0,0.0,0.0,0.0,0.95500000000004,0.9549359239521127,24.30997518196822,900,1.06517745863408,0.9549359239521127,24.30997518196822,900
1,13431123,2940760,25.455844122716,-0.40822991217312,0.0006506466291476,6.7826976614048e-05,6.7715526747295e-05,7299,-7.2235373599438e-05,-5.587728990047e-05,7.2856660447272e-05,5.6357883044492e-05,5.1374510806278e-09,3.9740480193759e-09,0.95500000000004,0.9549359239521127,24.30997518196822,900,1.06517745863408,0.9549359239521127,24.30997518196822,900
