time,NumDofs,NumElems,area,gradPx_avg,gradPy_avg,integral_in,integral_out,mem,product_avg,product_int,velx_avg,velx_int,vely_avg,vely_int,vol,M0_ps,M1_ps,M3_ps,Tau_ps,M0_eff_ps,M1_eff_ps,M3_eff_ps
0,0,0,189.33234779092,-1.0,4.2454615905635997e-17,0.0,0.0,10222,0.0,0.0,0.0,0.0,0.0,0.0,0.71775999999995,0.7168686069533857,171.50526433956563,7056,1.126714383968577,0.7168686069533857,171.50526433956563,7056
1,32661162,6941534,189.33234779092,-0.26847908308962,-3.7133719055215e-05,3.3314668230476e-07,3.325473430895e-07,17250,-4.267524151625e-07,-2.47212079091e-07,4.4591066446226e-07,2.5831020173275e-07,1.2150008867963002e-10,7.0383408423816e-11,0.71775999999995,0.7168686069533857,171.50526433956563,7056,1.126714383968577,0.7168686069533857,171.50526433956563,7056
