time,NumDofs,NumElems,area,gradPx_avg,gradPy_avg,integral_in,integral_out,mem,product_avg,product_int,velx_avg,velx_int,vely_avg,vely_int,vol,M0_ps,M1_ps,M3_ps,Tau_ps,M0_eff_ps,M1_eff_ps,M3_eff_ps
0,0,0,101.25315440177,-1.0,3.1946893486513e-17,0.0,0.0,4993,0.0,0.0,0.0,0.0,0.0,0.0,0.80096609926285,0.8005861422243284,100.6420600139854,3844,1.1595273362709224,0.8005861422243284,100.6420600139854,3844
1,15580449,3330292,101.25315440177,-0.35919220864935,-0.0006962010295494,2.9887170931873e-06,2.9883853585483e-06,8649,-3.6699920655289e-06,-2.376783159831e-06,3.74350347636e-06,2.4243910783766e-06,2.6443733401179e-10,1.7125655616895003e-10,0.80096609926285,0.8005861422243284,100.6420600139854,3844,1.1595273362709224,0.8005861422243284,100.6420600139854,3844
