time,NumDofs,NumElems,area,gradPx_avg,gradPy_avg,integral_in,integral_out,mem,product_avg,product_int,velx_avg,velx_int,vely_avg,vely_int,vol,M0_ps,M1_ps,M3_ps,Tau_ps,M0_eff_ps,M1_eff_ps,M3_eff_ps
0,0,0,40.705197886787,-1.0,7.7499505784354e-18,0.0,0.0,4217,0.0,0.0,0.0,0.0,0.0,0.0,0.93404870477228,0.9339350042770913,40.330409126396695,1681,1.1699057425715176,0.9339350042770913,40.330409126396695,1681
1,12881214,2805685,40.705197886787,-0.68563889392764,-0.0002227739987232,3.8063180664232e-05,3.8066088036445e-05,6964,-4.1215354798299e-05,-3.1170781588298e-05,4.1318725213663e-05,3.1248959652172e-05,5.278565772499e-10,3.9921291858156003e-10,0.93404870477228,0.9339350042770913,40.330409126396695,1681,1.1699057425715176,0.9339350042770913,40.330409126396695,1681
