time,NumDofs,NumElems,area,gradPx_avg,gradPy_avg,integral_in,integral_out,mem,product_avg,product_int,velx_avg,velx_int,vely_avg,vely_int,vol,M0_ps,M1_ps,M3_ps,Tau_ps,M0_eff_ps,M1_eff_ps,M3_eff_ps
0,0,0,119.50104602044,-1.0,7.4743038730907e-19,0.0,0.0,7434,0.0,0.0,0.0,0.0,0.0,0.0,0.78874999999983,0.7883793639382974,114.29180159399219,4225,1.3324782290754276,0.7883793639382974,114.29180159399219,4225
1,24055791,5144414,119.50104602044,-0.39678051356594,0.0008963622915311,3.4463891493078e-06,3.4189379608493e-06,12590,-4.2584389432037e-06,-2.7086209457484e-06,4.3448617674474e-06,2.7635910122586e-06,-4.803854781142501e-10,-3.0555379222479e-10,0.78874999999983,0.7883793639382974,114.29180159399219,4225,1.3324782290754276,0.7883793639382974,114.29180159399219,4225
