time,NumDofs,NumElems,area,gradPx_avg,gradPy_avg,integral_in,integral_out,mem,product_avg,product_int,velx_avg,velx_int,vely_avg,vely_int,vol,M0_ps,M1_ps,M3_ps,Tau_ps,M0_eff_ps,M1_eff_ps,M3_eff_ps
0,0,0,113.49619629192,-1.0,1.4335785951807e-17,0.0,0.0,7246,0.0,0.0,0.0,0.0,0.0,0.0,0.81169127890784,0.8114013598338963,108.51174997570587,4096,1.317298903443043,0.8114013598338963,108.51174997570587,4096
1,23379237,5005636,113.49619629192,-0.3921961492259,0.0007730410621635,3.9764772763152e-06,4.0052719760656e-06,12669,-4.7935624731248e-06,-3.1413748427636e-06,4.8816473232156e-06,3.1990996630106e-06,-5.629558757792e-12,-3.6892299530331e-12,0.81169127890784,0.8114013598338963,108.51174997570587,4096,1.317298903443043,0.8114013598338963,108.51174997570587,4096
