time,NumDofs,NumElems,area,gradPx_avg,gradPy_avg,integral_in,integral_out,mem,product_avg,product_int,velx_avg,velx_int,vely_avg,vely_int,vol,M0_ps,M1_ps,M3_ps,Tau_ps,M0_eff_ps,M1_eff_ps,M3_eff_ps
0,0,0,170.35199999983,-1.0,-3.1978253435309e-17,0.0,0.0,8873,0.0,0.0,0.0,0.0,0.0,0.0,0.70796800000022,0.7067963582475573,154.74619830174643,6084,1.247082690567426,0.7067963582475573,154.74619830174643,6084
1,29336715,6238072,170.35199999983,-0.40488200831361,-5.5591086397877e-05,1.0276285391314e-06,1.0280065341111e-06,15125,-1.3949207733281e-06,-8.0171996539428e-07,1.4327093463742e-06,8.2343865655871e-07,-1.3325115089025002e-10,-7.6585072158323e-11,0.70796800000022,0.7067963582475573,154.74619830174643,6084,1.247082690567426,0.7067963582475573,154.74619830174643,6084
