time,NumDofs,NumElems,area,gradPx_avg,gradPy_avg,integral_in,integral_out,mem,product_avg,product_int,velx_avg,velx_int,vely_avg,vely_int,vol,M0_ps,M1_ps,M3_ps,Tau_ps,M0_eff_ps,M1_eff_ps,M3_eff_ps
0,0,0,71.843174449467,-1.0,-4.9946934553255996e-17,0.0,0.0,6112,0.0,0.0,0.0,0.0,0.0,0.0,0.93911237719124,0.9389942209067433,62.85831006643268,3025,1.2650093614126396,0.9389942209067433,62.85831006643268,3025
1,19276782,4163412,71.843174449467,-0.65822240946394,-0.0007062727698033,1.9632171489615e-05,1.9764885682901e-05,10133,-2.10050733237e-05,-1.5998888894562e-05,2.1304604141926e-05,1.622703188685e-05,-1.3192021291601e-09,-1.0047938404523e-09,0.93911237719124,0.9389942209067433,62.85831006643268,3025,1.2650093614126396,0.9389942209067433,62.85831006643268,3025
