time,NumDofs,NumElems,area,gradPx_avg,gradPy_avg,integral_in,integral_out,mem,product_avg,product_int,velx_avg,velx_int,vely_avg,vely_int,vol,M0_ps,M1_ps,M3_ps,Tau_ps,M0_eff_ps,M1_eff_ps,M3_eff_ps
0,0,0,108.70055521343,-1.0,-1.0018174561951999e-17,0.0,0.0,5660,0.0,0.0,0.0,0.0,0.0,0.0,0.8238814013838,0.823555929494259,107.71739744969963,4489,1.1092255231969326,0.823555929494259,107.71739744969963,4489
1,17193978,3671413,108.70055521343,-0.28343652430762,0.0004019585988955,2.0110483878225e-06,2.0091909275949e-06,9692,-2.3807852771466e-06,-1.5843034504759e-06,2.4377233682732e-06,1.6221931396895e-06,-6.097360171342e-10,-4.0575136493741004e-10,0.8238814013838,0.823555929494259,107.71739744969963,4489,1.1092255231969326,0.823555929494259,107.71739744969963,4489
