time,NumDofs,NumElems,area,gradPx_avg,gradPy_avg,integral_in,integral_out,mem,product_avg,product_int,velx_avg,velx_int,vely_avg,vely_int,vol,M0_ps,M1_ps,M3_ps,Tau_ps,M0_eff_ps,M1_eff_ps,M3_eff_ps
0,0,0,179.1999999998,-1.0,-6.975613573492e-17,0.0,0.0,9123,0.0,0.0,0.0,0.0,0.0,0.0,0.69280000000025,0.6915675037449649,162.7836405541054,6400,1.2544251040342156,0.6915675037449649,162.7836405541054,6400
1,30269331,6430784,179.1999999998,-0.40115159145162,-4.3536848904337e-05,8.6794371990666e-07,8.6824992290726e-07,15437,-1.2000376665728e-06,-6.7345070405184e-07,1.2319249622086e-06,6.9134557709992e-07,-1.510058706634e-10,-8.4743181607504e-11,0.69280000000025,0.6915675037449649,162.7836405541054,6400,1.2544251040342156,0.6915675037449649,162.7836405541054,6400
