time,NumDofs,NumElems,area,gradPx_avg,gradPy_avg,integral_in,integral_out,mem,product_avg,product_int,velx_avg,velx_int,vely_avg,vely_int,vol,M0_ps,M1_ps,M3_ps,Tau_ps,M0_eff_ps,M1_eff_ps,M3_eff_ps
0,0,0,54.336451853223,-1.0,-6.4618702400437e-19,0.0,0.0,5519,0.0,0.0,0.0,0.0,0.0,0.0,0.91900000000009,0.91847020694696,49.28730215848607,2025,1.201028730947155,0.91847020694696,49.28730215848607,2025
1,16955388,3676080,54.336451853223,-0.5799517966391,-0.0004248530741042,2.6033938327088e-05,2.6033844565444e-05,9357,-2.8467140626269e-05,-2.1145290687936e-05,2.8537631590039e-05,2.1197651124811e-05,-1.1645228242981e-09,-8.650034071141201e-10,0.91900000000009,0.91847020694696,49.28730215848607,2025,1.201028730947155,0.91847020694696,49.28730215848607,2025
