time,NumDofs,NumElems,area,gradPx_avg,gradPy_avg,integral_in,integral_out,mem,product_avg,product_int,velx_avg,velx_int,vely_avg,vely_int,vol,M0_ps,M1_ps,M3_ps,Tau_ps,M0_eff_ps,M1_eff_ps,M3_eff_ps
0,0,0,116.62268995396,-1.0,-1.4679224291201e-17,0.0,0.0,7454,0.0,0.0,0.0,0.0,0.0,0.0,0.86878617327088,0.8685055481704893,107.13589687296003,5911,1.2988843334479205,0.8685055481704893,107.13589687296003,5911
1,24085731,5158384,116.62268995396,-0.3690948288648,-0.11722073490062,4.2884974671202e-06,4.2896247335109e-06,12767,-4.8240387103292e-06,-3.3916079458986e-06,4.9661122695504e-06,3.491494750564e-06,4.9160124518689e-07,3.4562713724072e-07,0.86878617327088,0.8685055481704893,107.13589687296003,5911,1.2988843334479205,0.8685055481704893,107.13589687296003,5911
