time,NumDofs,NumElems,area,gradPx_avg,gradPy_avg,integral_in,integral_out,mem,product_avg,product_int,velx_avg,velx_int,vely_avg,vely_int,vol,M0_ps,M1_ps,M3_ps,Tau_ps,M0_eff_ps,M1_eff_ps,M3_eff_ps
0,0,0,148.1657111108,-1.0,1.3076767529142e-16,0.0,0.0,5821,0.0,0.0,0.0,0.0,0.0,0.0,0.70874982007104,0.7081859108999562,147.2760536048408,5625,1.4321159619342645,0.7081859108999562,147.2760536048408,5625
1,17580159,3714118,148.1657111108,-0.49048864356674,-0.10223067319106,1.7874494443997e-06,1.7869988112433e-06,9503,-2.4588927543011e-06,-1.41708652946e-06,2.5104182467194e-06,1.4467812288738e-06,2.1974432904635e-07,1.2664103713841e-07,0.70874982007104,0.7081859108999562,147.2760536048408,5625,1.4321159619342645,0.7081859108999562,147.2760536048408,5625
