time,NumDofs,NumElems,area,gradPx_avg,gradPy_avg,integral_in,integral_out,mem,product_avg,product_int,velx_avg,velx_int,vely_avg,vely_int,vol,M0_ps,M1_ps,M3_ps,Tau_ps,M0_eff_ps,M1_eff_ps,M3_eff_ps
0,0,0,74.925223333349,-1.0,-1.6518049647327e-17,0.0,0.0,6116,0.0,0.0,0.0,0.0,0.0,0.0,0.87568682084153,0.8754824277814145,71.64495176171671,2704,1.1991413279994148,0.8754824277814145,71.64495176171671,2704
1,19146537,4129068,74.925223333349,-0.40055125429075,-0.0001854314081452,1.0004041431244e-05,1.005913256512e-05,10563,-1.1426521409669e-05,-8.1252569664163e-06,1.1642518072089e-05,8.2788495011107e-06,1.2743487719284e-08,9.0617352959171e-09,0.87568682084153,0.8754824277814145,71.64495176171671,2704,1.1991413279994148,0.8754824277814145,71.64495176171671,2704
