time,NumDofs,NumElems,area,gradPx_avg,gradPy_avg,integral_in,integral_out,mem,product_avg,product_int,velx_avg,velx_int,vely_avg,vely_int,vol,M0_ps,M1_ps,M3_ps,Tau_ps,M0_eff_ps,M1_eff_ps,M3_eff_ps
0,0,0,63.637612939962,-1.0,-3.041484127193e-17,0.0,0.0,4384,0.0,0.0,0.0,0.0,0.0,0.0,0.86443855558256,0.86413307577078,63.3109158204156,2304,1.1802249871743868,0.86413307577078,63.3109158204156,2304
1,13419135,2900824,63.637612939962,-0.49974524488417,0.0009059608676404,1.2780585542409e-05,1.2857355135033e-05,7220,-1.4867473247844e-05,-1.0382390597223e-05,1.4915513289992e-05,1.0415938361094e-05,-2.1481509745267e-08,-1.5001165367878e-08,0.86443855558256,0.86413307577078,63.3109158204156,2304,1.1802249871743868,0.86413307577078,63.3109158204156,2304
