time,NumDofs,NumElems,area,gradPx_avg,gradPy_avg,integral_in,integral_out,mem,product_avg,product_int,velx_avg,velx_int,vely_avg,vely_int,vol,M0_ps,M1_ps,M3_ps,Tau_ps,M0_eff_ps,M1_eff_ps,M3_eff_ps
0,0,0,139.23489879789,-1.0,1.0640963085780001e-16,0.0,0.0,5571,0.0,0.0,0.0,0.0,0.0,0.0,0.70340050290477,0.7028184625764555,138.53825084274166,5041,1.4157743175555904,0.7028184625764555,138.53825084274166,5041
1,16657905,3525668,139.23489879789,-0.48964782715543,-0.072113009252551,1.9439490947962e-06,1.9450748114022e-06,9427,-2.7110670768337e-06,-1.5483436939437e-06,2.7641603202122e-06,1.5786662887915e-06,1.6036472795543e-07,9.1587448124221e-08,0.70340050290477,0.7028184625764555,138.53825084274166,5041,1.4157743175555904,0.7028184625764555,138.53825084274166,5041
