time,NumDofs,NumElems,area,gradPx_avg,gradPy_avg,integral_in,integral_out,mem,product_avg,product_int,velx_avg,velx_int,vely_avg,vely_int,vol,M0_ps,M1_ps,M3_ps,Tau_ps,M0_eff_ps,M1_eff_ps,M3_eff_ps
0,0,0,81.64800000002,-1.0,-8.2520588700321e-18,0.0,0.0,6248,0.0,0.0,0.0,0.0,0.0,0.0,0.86003200000017,0.8594704438937997,74.16829622746427,2916,1.1361021095222377,0.8594704438937997,74.16829622746427,2916
1,19655739,4232472,81.64800000002,-0.41105813916227,-0.0001522268414617,7.582054723823e-06,7.5817108887218e-06,10517,-8.7686924381121e-06,-6.1329398629481e-06,8.9358051316733e-06,6.2498206986234e-06,-6.7742200389092e-10,-4.737979397753e-10,0.86003200000017,0.8594704438937997,74.16829622746427,2916,1.1361021095222377,0.8594704438937997,74.16829622746427,2916
