time,NumDofs,NumElems,area,gradPx_avg,gradPy_avg,integral_in,integral_out,mem,product_avg,product_int,velx_avg,velx_int,vely_avg,vely_int,vol,M0_ps,M1_ps,M3_ps,Tau_ps,M0_eff_ps,M1_eff_ps,M3_eff_ps
0,0,0,13.514556508443,-1.0,1.1511454710683999e-17,0.0,0.0,3991,0.0,0.0,0.0,0.0,0.0,0.0,0.98403973907616,0.9840141204252192,12.380851570251915,584,1.03049148516904,0.9840141204252192,12.380851570251915,584
1,12161289,2678604,13.514556508443,-0.40015936266459,-0.002006261334197,0.0001666409513424,0.0001665237566309,6941,-0.0001748301330539,-0.0001392884342846,0.0001745220530515,0.0001390429847135,-1.0443290355106e-07,-8.3202451255552e-08,0.98403973907616,0.9840141204252192,12.380851570251915,584,1.03049148516904,0.9840141204252192,12.380851570251915,584
