time,NumDofs,NumElems,area,gradPx_avg,gradPy_avg,integral_in,integral_out,mem,product_avg,product_int,velx_avg,velx_int,vely_avg,vely_int,vol,M0_ps,M1_ps,M3_ps,Tau_ps,M0_eff_ps,M1_eff_ps,M3_eff_ps
0,0,0,177.11399849049,-1.0,-1.3657207658921e-17,0.0,0.0,6247,0.0,0.0,0.0,0.0,0.0,0.0,0.6518460071393,0.6509522050112249,176.18845445527896,6724,1.5647084639407491,0.6509522050112249,176.18845445527896,6724
1,19053810,4004230,177.11399849049,-0.43811061239348,-0.0005855334008284,8.9389952513388e-07,8.7183146194835e-07,10741,-1.2899556814951e-06,-6.7908508917159e-07,1.3286476378999e-06,6.9945410730319e-07,2.1758156595632e-09,1.1454377792909e-09,0.6518460071393,0.6509522050112249,176.18845445527896,6724,1.5647084639407491,0.6509522050112249,176.18845445527896,6724
