time,NumDofs,NumElems,area,gradPx_avg,gradPy_avg,integral_in,integral_out,mem,product_avg,product_int,velx_avg,velx_int,vely_avg,vely_int,vol,M0_ps,M1_ps,M3_ps,Tau_ps,M0_eff_ps,M1_eff_ps,M3_eff_ps
0,0,0,145.15199999984,-1.0,-1.9604463335931e-17,0.0,0.0,8151,0.0,0.0,0.0,0.0,0.0,0.0,0.75116800000022,0.7501696780334216,131.85474884882538,5184,1.4687803541267312,0.7501696780334216,131.85474884882538,5184
1,26633520,5678762,145.15199999984,-0.59119597422154,0.0004510680437412,3.3916908129969e-06,3.3915930987696e-06,13959,-4.4547249808695e-06,-2.7129547411709e-06,4.5082579393148e-06,2.745556640064e-06,-1.2699833827198002e-10,-7.7342764236941e-11,0.75116800000022,0.7501696780334216,131.85474884882538,5184,1.4687803541267312,0.7501696780334216,131.85474884882538,5184
