time,NumDofs,NumElems,area,gradPx_avg,gradPy_avg,integral_in,integral_out,mem,product_avg,product_int,velx_avg,velx_int,vely_avg,vely_int,vol,M0_ps,M1_ps,M3_ps,Tau_ps,M0_eff_ps,M1_eff_ps,M3_eff_ps
0,0,0,34.775329186082,-1.0,-4.5046440515001e-17,0.0,0.0,4677,0.0,0.0,0.0,0.0,0.0,0.0,0.94816000000005,0.9482733001072284,31.461961045040205,1296,1.0369512227146198,0.9482733001072284,31.461961045040205,1296
1,14695092,3206354,34.775329186082,-0.33622149320064,0.0002078839855773,3.3627584576832e-05,3.3627231487612e-05,7863,-3.5704742172631e-05,-2.7458462441813e-05,3.6346853753615e-05,2.7952273506032e-05,4.4384376742232e-09,3.4133469887204e-09,0.94816000000005,0.9482733001072284,31.461961045040205,1296,1.0369512227146198,0.9482733001072284,31.461961045040205,1296
