time,NumDofs,NumElems,area,gradPx_avg,gradPy_avg,integral_in,integral_out,mem,product_avg,product_int,velx_avg,velx_int,vely_avg,vely_int,vol,M0_ps,M1_ps,M3_ps,Tau_ps,M0_eff_ps,M1_eff_ps,M3_eff_ps
0,0,0,128.12656534517,-1.0,1.9283298202344e-17,0.0,0.0,7690,0.0,0.0,0.0,0.0,0.0,0.0,0.78741710782955,0.7870540680559516,122.40297666952367,4624,1.3637661726088504,0.7870540680559516,122.40297666952367,4624
1,24966855,5334152,128.12656534517,-0.39071218627715,0.0007209731163076,2.9611597441799e-06,2.9127479344107e-06,13029,-3.6190402222473e-06,-2.3058313247595e-06,3.7088799886807e-06,2.3630717351804e-06,-2.3430659083605e-09,-1.4928584474584e-09,0.78741710782955,0.7870540680559516,122.40297666952367,4624,1.3637661726088504,0.7870540680559516,122.40297666952367,4624
