time,NumDofs,NumElems,area,gradPx_avg,gradPy_avg,integral_in,integral_out,mem,product_avg,product_int,velx_avg,velx_int,vely_avg,vely_int,vol,M0_ps,M1_ps,M3_ps,Tau_ps,M0_eff_ps,M1_eff_ps,M3_eff_ps
0,0,0,25.455844122717,-1.0,-9.1438302999796e-18,0.0,0.0,4370,0.0,0.0,0.0,0.0,0.0,0.0,0.95500000000006,0.9551206621660154,23.346349693112654,900,1.0671534007679355,0.9551206621660154,23.346349693112654,900
1,13507263,2957680,25.455844122717,-0.38645864764252,0.0003049347664054,6.6730628895382e-05,6.6736880779839e-05,7611,-7.1048276158089e-05,-5.4959373867227e-05,7.1709809083942e-05,5.5471102474358e-05,-8.4104336426165e-10,-6.5058885583874e-10,0.95500000000006,0.9551206621660154,23.346349693112654,900,1.0671534007679355,0.9551206621660154,23.346349693112654,900
