time,NumDofs,NumElems,area,gradPx_avg,gradPy_avg,integral_in,integral_out,mem,product_avg,product_int,velx_avg,velx_int,vely_avg,vely_int,vol,M0_ps,M1_ps,M3_ps,Tau_ps,M0_eff_ps,M1_eff_ps,M3_eff_ps
0,0,0,183.70799999979,-1.0,-1.8823358448874e-18,0.0,0.0,9224,0.0,0.0,0.0,0.0,0.0,0.0,0.68507200000026,0.6844370102931313,168.82572570822887,6561,1.6498711518222173,0.6844370102931313,168.82572570822887,6561
1,30663477,6510966,183.70799999979,-0.26737480162986,-0.081166193942437,6.9152526088978e-07,6.9198329469235e-07,15747,-9.2214924753405e-07,-5.1104525114526e-07,9.8510740407855e-07,5.4593598820216e-07,3.3959156535886e-08,1.8819801379193e-08,0.68507200000026,0.6844370102931313,168.82572570822887,6561,1.6498711518222173,0.6844370102931313,168.82572570822887,6561
