time,NumDofs,NumElems,area,gradPx_avg,gradPy_avg,integral_in,integral_out,mem,product_avg,product_int,velx_avg,velx_int,vely_avg,vely_int,vol,M0_ps,M1_ps,M3_ps,Tau_ps,M0_eff_ps,M1_eff_ps,M3_eff_ps
0,0,0,79.894359949754,-1.0,-4.0674557743368e-17,0.0,0.0,6373,0.0,0.0,0.0,0.0,0.0,0.0,0.93228893780889,0.9320595098011655,69.96739554071267,3364,1.0608731881763747,0.9320595098011655,69.96739554071267,3364
1,20258664,4368274,79.894359949754,-0.22519014158391,0.0004284037068885,5.162890443277e-06,5.1637989269483e-06,10623,-5.4002902271511e-06,-4.0803094677447e-06,5.6223983458421e-06,4.2481281999678e-06,-1.086579320307e-10,-8.2098918791685e-11,0.93228893780889,0.9320595098011655,69.96739554071267,3364,1.0608731881763747,0.9320595098011655,69.96739554071267,3364
