time,NumDofs,NumElems,area,gradPx_avg,gradPy_avg,integral_in,integral_out,mem,product_avg,product_int,velx_avg,velx_int,vely_avg,vely_int,vol,M0_ps,M1_ps,M3_ps,Tau_ps,M0_eff_ps,M1_eff_ps,M3_eff_ps
0,0,0,194.85034462391,-1.0,-1.9749794426224e-17,0.0,0.0,10075,0.0,0.0,0.0,0.0,0.0,0.0,0.65554999999963,0.6550013855366043,179.0957510934337,6889,1.746024056714528,0.6550013855366043,179.0957510934337,6889
1,31962156,6775288,194.85034462391,-0.22317513908073,-0.0001775771202812,4.0526455227008e-07,4.0576683121913e-07,18162,-5.4209291659235e-07,-2.86879740562e-07,6.0767723678486e-07,3.2158746720052e-07,-2.931104540304e-10,-1.5511630651224002e-10,0.65554999999963,0.6550013855366043,179.0957510934337,6889,1.746024056714528,0.6550013855366043,179.0957510934337,6889
