time,NumDofs,NumElems,area,gradPx_avg,gradPy_avg,integral_in,integral_out,mem,product_avg,product_int,velx_avg,velx_int,vely_avg,vely_int,vol,M0_ps,M1_ps,M3_ps,Tau_ps,M0_eff_ps,M1_eff_ps,M3_eff_ps
0,0,0,101.62504478969,-1.0,-1.5140527153009e-17,0.0,0.0,7073,0.0,0.0,0.0,0.0,0.0,0.0,0.89313748929265,0.8928638840807869,92.26778012179501,4096,1.3698695317582918,0.8928638840807869,92.26778012179501,4096
1,22622940,4858050,101.62504478969,-0.55916398199879,-0.0001857070456429,9.4199778476709e-06,9.5240860667582e-06,11867,-1.0492333390009e-05,-7.5778065741143e-06,1.0634072268055e-05,7.6801736798799e-06,-1.0683691882095e-09,-7.716010116209401e-10,0.89313748929265,0.8928638840807869,92.26778012179501,4096,1.3698695317582918,0.8928638840807869,92.26778012179501,4096
