time,NumDofs,NumElems,area,gradPx_avg,gradPy_avg,integral_in,integral_out,mem,product_avg,product_int,velx_avg,velx_int,vely_avg,vely_int,vol,M0_ps,M1_ps,M3_ps,Tau_ps,M0_eff_ps,M1_eff_ps,M3_eff_ps
0,0,0,17.499999999999,-1.0,2.1770318787658e-17,0.0,0.0,4122,0.0,0.0,0.0,0.0,0.0,0.0,0.96999999999979,0.9698796390375942,15.896839897861854,625,1.0490618276473793,0.9698796390375942,15.896839897861854,625
1,12548133,2758390,17.499999999999,-0.46826671910543,0.0011282366017508,0.0001275196129138,0.0001275184689935,7904,-0.000135764626551,-0.000106528899874,0.0001346892538377,0.0001056850992831,3.8985032937656e-09,3.0589946556064e-09,0.96999999999979,0.9698796390375942,15.896839897861854,625,1.0490618276473793,0.9698796390375942,15.896839897861854,625
