time,NumDofs,NumElems,area,gradPx_avg,gradPy_avg,integral_in,integral_out,mem,product_avg,product_int,velx_avg,velx_int,vely_avg,vely_int,vol,M0_ps,M1_ps,M3_ps,Tau_ps,M0_eff_ps,M1_eff_ps,M3_eff_ps
0,0,0,22.699052975435,-1.0,4.7783667103530005e-17,0.0,0.0,4248,0.0,0.0,0.0,0.0,0.0,0.0,0.97446097663107,0.9743695808450569,20.79471884223533,900,1.067716910752121,0.9743695808450569,20.79471884223533,900
1,13062438,2863930,22.699052975435,-0.52686114832034,-0.0013843413834224,9.0906509555297e-05,9.0981411255343e-05,7132,-9.5003097515219e-05,-7.498616484491e-05,9.5903826573157e-05,7.5697112375945e-05,-1.2593474779873e-08,-9.9400588034771e-09,0.97446097663107,0.9743695808450569,20.79471884223533,900,1.067716910752121,0.9743695808450569,20.79471884223533,900
