time,NumDofs,NumElems,area,gradPx_avg,gradPy_avg,integral_in,integral_out,mem,product_avg,product_int,velx_avg,velx_int,vely_avg,vely_int,vol,M0_ps,M1_ps,M3_ps,Tau_ps,M0_eff_ps,M1_eff_ps,M3_eff_ps
0,0,0,172.82048543964,-1.0,8.124071910416001e-17,0.0,0.0,6205,0.0,0.0,0.0,0.0,0.0,0.0,0.66028579013132,0.6595917285472749,171.81284148901332,6561,1.2298235525983476,0.6595917285472749,171.81284148901332,6561
1,18912591,3978390,172.82048543964,-0.27612364692784,-1.3195305325898e-05,3.5620472590785e-07,3.5726042605309e-07,9935,-4.8461045801083e-07,-2.5882366199548e-07,5.1669879711248e-07,2.7596159473372e-07,-1.6948030552861e-10,-9.0517058779709e-11,0.66028579013132,0.6595917285472749,171.81284148901332,6561,1.2298235525983476,0.6595917285472749,171.81284148901332,6561
