time,NumDofs,NumElems,area,gradPx_avg,gradPy_avg,integral_in,integral_out,mem,product_avg,product_int,velx_avg,velx_int,vely_avg,vely_int,vol,M0_ps,M1_ps,M3_ps,Tau_ps,M0_eff_ps,M1_eff_ps,M3_eff_ps
0,0,0,96.950177375155,-1.0,3.286512112452e-17,0.0,0.0,6841,0.0,0.0,0.0,0.0,0.0,0.0,0.89091999352368,0.890725338452456,88.39260085474483,4247,1.2355513750251268,0.890725338452456,88.39260085474483,4247
1,21901071,4705404,96.950177375155,-0.37493863846658,0.0015804625374126,6.217204470077e-06,6.2508467350834e-06,11332,-6.8921566413876e-06,-4.9692705705101e-06,7.0757699185496e-06,5.1016564262054e-06,-6.9370398044737e-09,-5.0016314980166e-09,0.89091999352368,0.890725338452456,88.39260085474483,4247,1.2355513750251268,0.890725338452456,88.39260085474483,4247
