time,NumDofs,NumElems,area,gradPx_avg,gradPy_avg,integral_in,integral_out,mem,product_avg,product_int,velx_avg,velx_int,vely_avg,vely_int,vol,M0_ps,M1_ps,M3_ps,Tau_ps,M0_eff_ps,M1_eff_ps,M3_eff_ps
0,0,0,28.963093757402,-1.0,-6.5108892518775e-19,0.0,0.0,4464,0.0,0.0,0.0,0.0,0.0,0.0,0.9488000000001,0.948706029293055,27.708149055152607,1024,1.0746773951857134,0.948706029293055,27.708149055152607,1024
1,13876332,3033826,28.963093757402,-0.40811569775287,0.000648232343596,5.5214242312354e-05,5.526277357409e-05,7376,-5.8893585694532e-05,-4.5369845250094e-05,5.9746098386788e-05,4.6026595360743e-05,4.2376262684601e-09,3.2645396907056e-09,0.9488000000001,0.948706029293055,27.708149055152607,1024,1.0746773951857134,0.948706029293055,27.708149055152607,1024
