time,NumDofs,NumElems,area,gradPx_avg,gradPy_avg,integral_in,integral_out,mem,product_avg,product_int,velx_avg,velx_int,vely_avg,vely_int,vol,M0_ps,M1_ps,M3_ps,Tau_ps,M0_eff_ps,M1_eff_ps,M3_eff_ps
0,0,0,16.462856790087,-1.0,2.6412281089276e-17,0.0,0.0,3762,0.0,0.0,0.0,0.0,0.0,0.0,0.96763886889572,0.9675653913036494,16.368435371291557,625,1.0441829813277332,0.9675653913036494,16.368435371291557,625
1,11252268,2477920,16.462856790087,-0.50330161995617,-0.086444492968677,0.0001217177202047,0.000121713976079,6507,-0.0001302791730315,-0.0001019578637784,0.0001288943286847,0.0001008740698919,5.3656725700519e-06,4.1992323120179e-06,0.96763886889572,0.9675653913036494,16.368435371291557,625,1.0441829813277332,0.9675653913036494,16.368435371291557,625
