time,NumDofs,NumElems,area,gradPx_avg,gradPy_avg,integral_in,integral_out,mem,product_avg,product_int,velx_avg,velx_int,vely_avg,vely_int,vol,M0_ps,M1_ps,M3_ps,Tau_ps,M0_eff_ps,M1_eff_ps,M3_eff_ps
0,0,0,6.5401256449177,-1.0,4.1024818213195e-17,0.0,0.0,3731,0.0,0.0,0.0,0.0,0.0,0.0,0.99227631985469,0.9922108746551219,6.03587937312576,256,1.0109399529216074,0.9922108746551219,6.03587937312576,256
1,11219637,2480996,6.5401256449177,-0.3345433187318,0.0019381774574371,0.0004154905345661,0.0004155300781142,6811,-0.0004295460989517,-0.0003453906689315,0.0004428903860534,0.0003561205818784,5.3229205323097e-08,4.2800693285549e-08,0.99227631985469,0.9922108746551219,6.03587937312576,256,1.0109399529216074,0.9922108746551219,6.03587937312576,256
