time,NumDofs,NumElems,area,gradPx_avg,gradPy_avg,integral_in,integral_out,mem,product_avg,product_int,velx_avg,velx_int,vely_avg,vely_int,vol,M0_ps,M1_ps,M3_ps,Tau_ps,M0_eff_ps,M1_eff_ps,M3_eff_ps
0,0,0,44.490143831852,-1.0,-2.7636564203897e-17,0.0,0.0,5195,0.0,0.0,0.0,0.0,0.0,0.0,0.94994351419755,0.9498887554668455,40.552877152130215,1962,1.1035307674835328,0.9498887554668455,40.552877152130215,1962
1,15762591,3427964,44.490143831852,-0.39859892514925,0.000277675980008,2.7197213612259e-05,2.7276616333873e-05,8999,-2.8773789800663e-05,-2.2127978914083e-05,2.9076749639027e-05,2.236096486976e-05,1.7842685217167e-08,1.3721604452918e-08,0.94994351419755,0.9498887554668455,40.552877152130215,1962,1.1035307674835328,0.9498887554668455,40.552877152130215,1962
