time,NumDofs,NumElems,area,gradPx_avg,gradPy_avg,integral_in,integral_out,mem,product_avg,product_int,velx_avg,velx_int,vely_avg,vely_int,vol,M0_ps,M1_ps,M3_ps,Tau_ps,M0_eff_ps,M1_eff_ps,M3_eff_ps
0,0,0,27.992390694304,-1.0,2.1490233940866e-17,0.0,0.0,4017,0.0,0.0,0.0,0.0,0.0,0.0,0.95464622410274,0.954539339199441,27.756188448794212,1156,1.113648720079037,0.954539339199441,27.756188448794212,1156
1,12084300,2645918,27.992390694304,-0.67275379898377,-5.0727462124522e-05,6.5830239315698e-05,6.5824849421724e-05,7705,-6.9912168992588e-05,-5.4160032135984e-05,7.0898943411683e-05,5.492447321998e-05,6.827203682536601e-10,5.288944345072401e-10,0.95464622410274,0.954539339199441,27.756188448794212,1156,1.113648720079037,0.954539339199441,27.756188448794212,1156
