time,NumDofs,NumElems,area,gradPx_avg,gradPy_avg,integral_in,integral_out,mem,product_avg,product_int,velx_avg,velx_int,vely_avg,vely_int,vol,M0_ps,M1_ps,M3_ps,Tau_ps,M0_eff_ps,M1_eff_ps,M3_eff_ps
0,0,0,113.4961962919,-1.0,-1.2425430083786999e-17,0.0,0.0,7257,0.0,0.0,0.0,0.0,0.0,0.0,0.81169127890784,0.8112778663539504,102.96801385994773,4096,1.3942385934752937,0.8112778663539504,102.96801385994773,4096
1,23433813,5017764,113.4961962919,-0.5965619885598,0.0007727724863967,6.4089166938535e-06,6.4082368621004e-06,12351,-7.8424360423265e-06,-5.139370022659e-06,7.9001586192787e-06,5.1771972589944e-06,-6.088312169627601e-10,-3.9898430646164003e-10,0.81169127890784,0.8112778663539504,102.96801385994773,4096,1.3942385934752937,0.8112778663539504,102.96801385994773,4096
