time,NumDofs,NumElems,area,gradPx_avg,gradPy_avg,integral_in,integral_out,mem,product_avg,product_int,velx_avg,velx_int,vely_avg,vely_int,vol,M0_ps,M1_ps,M3_ps,Tau_ps,M0_eff_ps,M1_eff_ps,M3_eff_ps
0,0,0,54.807061508849,-1.0,-3.0909945036581e-17,0.0,0.0,5534,0.0,0.0,0.0,0.0,0.0,0.0,0.94236833834153,0.9423124806727684,49.93513795334012,3033,1.1311889036394827,0.9423124806727684,49.93513795334012,3033
1,17079183,3703471,54.807061508849,-0.39125108124501,-0.12798053470868,1.9040648649832e-05,1.9044119663149e-05,9481,-2.0210942662478e-05,-1.5400930044414e-05,2.0528490342133e-05,1.5642904388798e-05,1.9880669046296e-06,1.5149258415669e-06,0.94236833834153,0.9423124806727684,49.93513795334012,3033,1.1311889036394827,0.9423124806727684,49.93513795334012,3033
