time,NumDofs,NumElems,area,gradPx_avg,gradPy_avg,integral_in,integral_out,mem,product_avg,product_int,velx_avg,velx_int,vely_avg,vely_int,vol,M0_ps,M1_ps,M3_ps,Tau_ps,M0_eff_ps,M1_eff_ps,M3_eff_ps
0,0,0,90.103534406145,-1.0,-4.5828488154069e-17,0.0,0.0,5317,0.0,0.0,0.0,0.0,0.0,0.0,0.8540126296612,0.8538680567547922,89.30101138077713,3721,1.24908018555333,0.8538680567547922,89.30101138077713,3721
1,15951870,3420733,90.103534406145,-0.46983678324439,0.0007701685112979,6.572222501503e-06,6.4303126991161e-06,8609,-7.5850877916039e-06,-5.2437568368378e-06,7.6648354055556e-06,5.298888314201e-06,-1.1664656231136e-08,-8.064062347319e-09,0.8540126296612,0.8538680567547922,89.30101138077713,3721,1.24908018555333,0.8538680567547922,89.30101138077713,3721
