time,NumDofs,NumElems,area,gradPx_avg,gradPy_avg,integral_in,integral_out,mem,product_avg,product_int,velx_avg,velx_int,vely_avg,vely_int,vol,M0_ps,M1_ps,M3_ps,Tau_ps,M0_eff_ps,M1_eff_ps,M3_eff_ps
0,0,0,121.57292955801,-1.0,2.8824091283468e-17,0.0,0.0,7698,0.0,0.0,0.0,0.0,0.0,0.0,0.87216154724954,0.8718850526704712,110.78276752864357,6721,1.3113201478341514,0.8718850526704712,110.78276752864357,6721
1,24970311,5346724,121.57292955801,-0.37146757810814,-0.13629979382128,4.0169023222041e-06,4.0188557403163e-06,13058,-4.4826567261313e-06,-3.1667712424458e-06,4.6288260709209e-06,3.2700325238437e-06,5.6700641516643e-07,4.0056147939327e-07,0.87216154724954,0.8718850526704712,110.78276752864357,6721,1.3113201478341514,0.8718850526704712,110.78276752864357,6721
