time,NumDofs,NumElems,area,gradPx_avg,gradPy_avg,integral_in,integral_out,mem,product_avg,product_int,velx_avg,velx_int,vely_avg,vely_int,vol,M0_ps,M1_ps,M3_ps,Tau_ps,M0_eff_ps,M1_eff_ps,M3_eff_ps
0,0,0,6.8692008268794,-1.0,-8.9384930981888e-18,0.0,0.0,3778,0.0,0.0,0.0,0.0,0.0,0.0,0.98975999999957,0.9897068686471139,6.320387563335728,256,1.017915084273811,0.9897068686471139,6.320387563335728,256
1,11384544,2517130,6.8692008268794,-0.41384855161194,-0.073899169169914,0.0004238703786203,0.000423879550694,7155,-0.0004401275025363,-0.0003530592992629,0.0004529412813943,0.0003633381928981,1.7682784280584e-05,1.4184688280426e-05,0.98975999999957,0.9897068686471139,6.320387563335728,256,1.017915084273811,0.9897068686471139,6.320387563335728,256
