time,NumDofs,NumElems,area,gradPx_avg,gradPy_avg,integral_in,integral_out,mem,product_avg,product_int,velx_avg,velx_int,vely_avg,vely_int,vol,M0_ps,M1_ps,M3_ps,Tau_ps,M0_eff_ps,M1_eff_ps,M3_eff_ps
0,0,0,56.700000000013,-1.0,7.514683553348999e-18,0.0,0.0,5517,0.0,0.0,0.0,0.0,0.0,0.0,0.90280000000012,0.9024100304818053,51.50576126907241,2025,1.096344677140939,0.9024100304818053,51.50576126907241,2025
1,16910676,3663444,56.700000000013,-0.39799108446451,-0.0002343482409845,1.5967898712114e-05,1.596657463082e-05,9295,-1.7669996344423e-05,-1.2887603939108e-05,1.776521767379e-05,1.2957053573138e-05,-1.2793008466082e-09,-9.3305750090066e-10,0.90280000000012,0.9024100304818053,51.50576126907241,2025,1.096344677140939,0.9024100304818053,51.50576126907241,2025
