time,NumDofs,NumElems,area,gradPx_avg,gradPy_avg,integral_in,integral_out,mem,product_avg,product_int,velx_avg,velx_int,vely_avg,vely_int,vol,M0_ps,M1_ps,M3_ps,Tau_ps,M0_eff_ps,M1_eff_ps,M3_eff_ps
0,0,0,69.051229318537,-1.0,-3.9786389940361997e-17,0.0,0.0,4451,0.0,0.0,0.0,0.0,0.0,0.0,0.85290641881799,0.8526311139312693,68.70075930451449,2500,1.2599209692057713,0.8526311139312693,68.70075930451449,2500
1,13643715,2943936,69.051229318537,-0.59268444994823,-0.0001920669313586,1.3261109806346e-05,1.3262517553737e-05,7625,-1.5623890466552e-05,-1.0793783778802e-05,1.5715200256956e-05,1.0856865258836e-05,-8.1142266750955e-10,-5.6057233920495e-10,0.85290641881799,0.8526311139312693,68.70075930451449,2500,1.2599209692057713,0.8526311139312693,68.70075930451449,2500
