time,NumDofs,NumElems,area,gradPx_avg,gradPy_avg,integral_in,integral_out,mem,product_avg,product_int,velx_avg,velx_int,vely_avg,vely_int,vol,M0_ps,M1_ps,M3_ps,Tau_ps,M0_eff_ps,M1_eff_ps,M3_eff_ps
0,0,0,68.198043606201,-1.0,-4.7838491176952004e-18,0.0,0.0,5931,0.0,0.0,0.0,0.0,0.0,0.0,0.92326942312375,0.9231308307998763,62.13725720959017,3001,1.1613412828295497,0.9231308307998763,62.13725720959017,3001
1,18593166,4017814,68.198043606201,-0.3888936852134,0.0018860157789175,1.2699984100164e-05,1.2728067230022e-05,10424,-1.3634021480535e-05,-1.0215182551244e-05,1.3939646045165e-05,1.0444169334366e-05,-1.3763743249586e-08,-1.0312375558723e-08,0.92326942312375,0.9231308307998763,62.13725720959017,3001,1.1613412828295497,0.9231308307998763,62.13725720959017,3001
