time,NumDofs,NumElems,area,gradPx_avg,gradPy_avg,integral_in,integral_out,mem,product_avg,product_int,velx_avg,velx_int,vely_avg,vely_int,vol,M0_ps,M1_ps,M3_ps,Tau_ps,M0_eff_ps,M1_eff_ps,M3_eff_ps
0,0,0,40.064008284356,-1.0,5.672683414426399e-17,0.0,0.0,4120,0.0,0.0,0.0,0.0,0.0,0.0,0.92124595134654,0.9210896743386573,39.82376656522082,1521,1.0677510187994117,0.9210896743386573,39.82376656522082,1521
1,12488355,2722142,40.064008284356,-0.39550980179602,7.4451980361314e-05,2.4955714229165e-05,2.4957669330599e-05,6939,-2.7403042118278e-05,-2.0458385622774e-05,2.7672475304734e-05,2.0659537305288e-05,-2.7080544618876e-09,-2.0217617529339e-09,0.92124595134654,0.9210896743386573,39.82376656522082,1521,1.0677510187994117,0.9210896743386573,39.82376656522082,1521
