time,NumDofs,NumElems,area,gradPx_avg,gradPy_avg,integral_in,integral_out,mem,product_avg,product_int,velx_avg,velx_int,vely_avg,vely_int,vol,M0_ps,M1_ps,M3_ps,Tau_ps,M0_eff_ps,M1_eff_ps,M3_eff_ps
0,0,0,85.941338552717,-1.0,2.6351415325461e-17,0.0,0.0,6537,0.0,0.0,0.0,0.0,0.0,0.0,0.89850601560173,0.8982654688133782,79.06113661455966,3364,1.1475256007875174,0.8982654688133782,79.06113661455966,3364
1,20838873,4485996,85.941338552717,-0.32348087615433,0.0007778797365626,6.3066587112427e-06,6.3065428128569e-06,10854,-6.9085419656271e-06,-5.0323776535754e-06,7.1172588322262e-06,5.1844129311526e-06,1.6648296328111e-09,1.212709061167e-09,0.89850601560173,0.8982654688133782,79.06113661455966,3364,1.1475256007875174,0.8982654688133782,79.06113661455966,3364
