time,NumDofs,NumElems,area,gradPx_avg,gradPy_avg,integral_in,integral_out,mem,product_avg,product_int,velx_avg,velx_int,vely_avg,vely_int,vol,M0_ps,M1_ps,M3_ps,Tau_ps,M0_eff_ps,M1_eff_ps,M3_eff_ps
0,0,0,125.69199999988,-1.0,-6.790973837924001e-17,0.0,0.0,7588,0.0,0.0,0.0,0.0,0.0,0.0,0.78452800000019,0.7836635194236168,114.17746288240296,4489,1.395169810330926,0.7836635194236168,114.17746288240296,4489
1,24583527,5255178,125.69199999988,-0.5732953864779,0.0005496939749124,4.6611416117679e-06,4.6612913898573e-06,12746,-5.8757709635995e-06,-3.7242268404624e-06,5.9413956306735e-06,3.7658215772258e-06,-2.9420375905162003e-10,-1.8647451420635e-10,0.78452800000019,0.7836635194236168,114.17746288240296,4489,1.395169810330926,0.7836635194236168,114.17746288240296,4489
