time,NumDofs,NumElems,area,gradPx_avg,gradPy_avg,integral_in,integral_out,mem,product_avg,product_int,velx_avg,velx_int,vely_avg,vely_int,vol,M0_ps,M1_ps,M3_ps,Tau_ps,M0_eff_ps,M1_eff_ps,M3_eff_ps
0,0,0,98.204074136933,-1.0,-4.1002960121210004e-17,0.0,0.0,6946,0.0,0.0,0.0,0.0,0.0,0.0,0.88402411533089,0.8838227557319047,90.31350529578205,3844,1.1691544522963604,0.8838227557319047,90.31350529578205,3844
1,22116972,4749538,98.204074136933,-0.31923477421587,0.0010394217381539,4.6355004439318e-06,4.6339225830128e-06,11464,-5.1076419325913e-06,-3.6537450383558e-06,5.2654782414187e-06,3.7666530373622e-06,2.6907758255086e-09,1.9248430002594e-09,0.88402411533089,0.8838227557319047,90.31350529578205,3844,1.1691544522963604,0.8838227557319047,90.31350529578205,3844
