time,NumDofs,NumElems,area,gradPx_avg,gradPy_avg,integral_in,integral_out,mem,product_avg,product_int,velx_avg,velx_int,vely_avg,vely_int,vol,M0_ps,M1_ps,M3_ps,Tau_ps,M0_eff_ps,M1_eff_ps,M3_eff_ps
0,0,0,93.48973946715,-1.0,-7.8143692895977e-18,0.0,0.0,6939,0.0,0.0,0.0,0.0,0.0,0.0,0.91028482586635,0.9101469472010153,83.64624734135917,3844,1.0909816566880821,0.9101469472010153,83.64624734135917,3844
1,22200537,4775796,93.48973946715,-0.24114829887532,0.0003953628917214,3.8049730865199e-06,3.8059150591164e-06,11510,-4.0364027419249e-06,-2.9740823114135e-06,4.2003167843767e-06,3.0948566457446e-06,-1.4347271046506e-09,-1.0571285316321e-09,0.91028482586635,0.9101469472010153,83.64624734135917,3844,1.0909816566880821,0.9101469472010153,83.64624734135917,3844
