time,NumDofs,NumElems,area,gradPx_avg,gradPy_avg,integral_in,integral_out,mem,product_avg,product_int,velx_avg,velx_int,vely_avg,vely_int,vol,M0_ps,M1_ps,M3_ps,Tau_ps,M0_eff_ps,M1_eff_ps,M3_eff_ps
0,0,0,32.686636284625,-1.0,-4.1749553781960004e-17,0.0,0.0,4559,0.0,0.0,0.0,0.0,0.0,0.0,0.96322380634917,0.9630945257247963,29.944579163055785,1296,1.0989076446927957,0.9630945257247963,29.944579163055785,1296
1,14291478,3120550,32.686636284625,-0.52487613142496,-0.0006201329060434,5.3586006628509e-05,5.3805448702652e-05,7650,-5.6107783188216e-05,-4.3818582144439e-05,5.713927988254e-05,4.4624151711862e-05,-2.9662880384817e-09,-2.3165865534601e-09,0.96322380634917,0.9630945257247963,29.944579163055785,1296,1.0989076446927957,0.9630945257247963,29.944579163055785,1296
