time,NumDofs,NumElems,area,gradPx_avg,gradPy_avg,integral_in,integral_out,mem,product_avg,product_int,velx_avg,velx_int,vely_avg,vely_int,vol,M0_ps,M1_ps,M3_ps,Tau_ps,M0_eff_ps,M1_eff_ps,M3_eff_ps
0,0,0,96.598136627933,-1.0,-1.4275192389105e-16,0.0,0.0,6786,0.0,0.0,0.0,0.0,0.0,0.0,0.85599999999988,0.8557756796157445,87.47018099214027,3600,1.0933116557774332,0.8557756796157445,87.47018099214027,3600
1,21757590,4672886,96.598136627933,-0.3274775400245,0.0001590062481684,3.8889023574754e-06,3.8903569061307e-06,11236,-4.4522172659251e-06,-3.0871609297783e-06,4.550492699703e-06,3.1553049715882e-06,1.0049382913478e-09,6.968227390049401e-10,0.85599999999988,0.8557756796157445,87.47018099214027,3600,1.0933116557774332,0.8557756796157445,87.47018099214027,3600
