time,NumDofs,NumElems,area,gradPx_avg,gradPy_avg,integral_in,integral_out,mem,product_avg,product_int,velx_avg,velx_int,vely_avg,vely_int,vol,M0_ps,M1_ps,M3_ps,Tau_ps,M0_eff_ps,M1_eff_ps,M3_eff_ps
0,0,0,176.77114705543,-1.0,8.2498062520959e-18,0.0,0.0,6077,0.0,0.0,0.0,0.0,0.0,0.0,0.62344043217424,0.6226852502600391,175.8912341210856,6400,1.5507740789665028,0.6226852502600391,175.8912341210856,6400
1,18418557,3869812,176.77114705543,-0.47692123982275,-0.078600072254544,8.9262309670877e-07,8.9286605582436e-07,9917,-1.370191127084e-06,-6.9192942962829e-07,1.402892788189e-06,7.0844336061866e-07,7.8959559391543e-08,3.9873592678828e-08,0.62344043217424,0.6226852502600391,175.8912341210856,6400,1.5507740789665028,0.6226852502600391,175.8912341210856,6400
