time,NumDofs,NumElems,area,gradPx_avg,gradPy_avg,integral_in,integral_out,mem,product_avg,product_int,velx_avg,velx_int,vely_avg,vely_int,vol,M0_ps,M1_ps,M3_ps,Tau_ps,M0_eff_ps,M1_eff_ps,M3_eff_ps
0,0,0,61.852000000022,-1.0,-4.7319443274751e-17,0.0,0.0,5666,0.0,0.0,0.0,0.0,0.0,0.0,0.89396800000012,0.8936409893936169,56.86882543435687,2209,1.170336718549349,0.8936409893936169,56.86882543435687,2209
1,17478936,3781260,61.852000000022,-0.36165279392919,-0.03856253484321,1.4019385826998e-05,1.4019032093586e-05,10637,-1.5752576481347e-05,-1.1371418754361e-05,1.5919134818107e-05,1.1491653345608e-05,5.1880555407579e-07,3.7451366857159e-07,0.89396800000012,0.8936409893936169,56.86882543435687,2209,1.170336718549349,0.8936409893936169,56.86882543435687,2209
