time,NumDofs,NumElems,area,gradPx_avg,gradPy_avg,integral_in,integral_out,mem,product_avg,product_int,velx_avg,velx_int,vely_avg,vely_int,vol,M0_ps,M1_ps,M3_ps,Tau_ps,M0_eff_ps,M1_eff_ps,M3_eff_ps
0,0,0,63.637612939963,-1.0,1.0600413373274001e-16,0.0,0.0,4375,0.0,0.0,0.0,0.0,0.0,0.0,0.86443855558259,0.8641491399632933,63.324650371378624,2304,1.2371161323141175,0.8641491399632933,63.324650371378624,2304
1,13377204,2891506,63.637612939963,-0.59179588724561,-0.000227301392797,1.5506006741678e-05,1.5507052475279e-05,7196,-1.8045657237236e-05,-1.2601287022651e-05,1.8092932466309e-05,1.2634299327095e-05,-7.0566745126861e-10,-4.927677600807801e-10,0.86443855558259,0.8641491399632933,63.324650371378624,2304,1.2371161323141175,0.8641491399632933,63.324650371378624,2304
