time,NumDofs,NumElems,area,gradPx_avg,gradPy_avg,integral_in,integral_out,mem,product_avg,product_int,velx_avg,velx_int,vely_avg,vely_int,vol,M0_ps,M1_ps,M3_ps,Tau_ps,M0_eff_ps,M1_eff_ps,M3_eff_ps
0,0,0,88.373042025302,-1.0,8.933614732813e-17,0.0,0.0,6644,0.0,0.0,0.0,0.0,0.0,0.0,0.92510319191057,0.9250083332998663,77.29710457225896,3721,1.3394786849992828,0.9250083332998663,77.29710457225896,3721
1,21276276,4580368,88.373042025302,-0.66392587077152,-0.0005199477416341,1.4441396383019e-05,1.4538716214654e-05,10920,-1.561914876162e-05,-1.1700822989385e-05,1.5778559108332e-05,1.1820242573514e-05,-1.3538291261586e-09,-1.0141983538809e-09,0.92510319191057,0.9250083332998663,77.29710457225896,3721,1.3394786849992828,0.9250083332998663,77.29710457225896,3721
