time,NumDofs,NumElems,area,gradPx_avg,gradPy_avg,integral_in,integral_out,mem,product_avg,product_int,velx_avg,velx_int,vely_avg,vely_int,vol,M0_ps,M1_ps,M3_ps,Tau_ps,M0_eff_ps,M1_eff_ps,M3_eff_ps
0,0,0,16.462856790087,-1.0,8.066944999502899e-17,0.0,0.0,3764,0.0,0.0,0.0,0.0,0.0,0.0,0.96763886889573,0.9676055517849326,16.37377131869237,625,1.044142009962423,0.9676055517849326,16.37377131869237,625
1,11267775,2481366,16.462856790087,-0.5038641308164,-0.001193089876551,0.0001216157384886,0.0001214772705061,6760,-0.0001300694057635,-0.0001017938121838,0.0001287806196509,0.0001007851933566,-1.9149139865957e-07,-1.4986336991049e-07,0.96763886889573,0.9676055517849326,16.37377131869237,625,1.044142009962423,0.9676055517849326,16.37377131869237,625
