time,NumDofs,NumElems,area,gradPx_avg,gradPy_avg,integral_in,integral_out,mem,product_avg,product_int,velx_avg,velx_int,vely_avg,vely_int,vol,M0_ps,M1_ps,M3_ps,Tau_ps,M0_eff_ps,M1_eff_ps,M3_eff_ps
0,0,0,129.47199999991,-1.0,2.1629726156103e-18,0.0,0.0,7653,0.0,0.0,0.0,0.0,0.0,0.0,0.77804800000015,0.7776263950747185,123.68951844511649,4624,1.363616016036301,0.7776263950747185,123.68951844511649,4624
1,24827373,5303156,129.47199999991,-0.39436262790533,-0.000432121902228,2.8419901499272e-06,2.7754792320031e-06,12889,-3.5148467096011e-06,-2.2126722108702e-06,3.5999323718699e-06,2.2662354800538e-06,1.5015998549926e-09,9.4528966566679e-10,0.77804800000015,0.7776263950747185,123.68951844511649,4624,1.363616016036301,0.7776263950747185,123.68951844511649,4624
