time,NumDofs,NumElems,area,gradPx_avg,gradPy_avg,integral_in,integral_out,mem,product_avg,product_int,velx_avg,velx_int,vely_avg,vely_int,vol,M0_ps,M1_ps,M3_ps,Tau_ps,M0_eff_ps,M1_eff_ps,M3_eff_ps
0,0,0,21.723881321514,-1.0,1.2890281028034e-17,0.0,0.0,4262,0.0,0.0,0.0,0.0,0.0,0.0,0.96395653385338,0.9638977353504604,19.99994157698598,784,1.0577140126503775,0.9638977353504604,19.99994157698598,784
1,13086207,2870648,21.723881321514,-0.3901135628475,-0.050888017030335,8.506151488022e-05,8.506141615651e-05,7465,-9.0343765206882e-05,-7.0377085756656e-05,9.0251056583025e-05,7.0304866464526e-05,3.2197038843952e-06,2.5081241175219e-06,0.96395653385338,0.9638977353504604,19.99994157698598,784,1.0577140126503775,0.9638977353504604,19.99994157698598,784
