time,NumDofs,NumElems,area,gradPx_avg,gradPy_avg,integral_in,integral_out,mem,product_avg,product_int,velx_avg,velx_int,vely_avg,vely_int,vol,M0_ps,M1_ps,M3_ps,Tau_ps,M0_eff_ps,M1_eff_ps,M3_eff_ps
0,0,0,77.280781546366,-1.0,-2.8848832845055e-17,0.0,0.0,6263,0.0,0.0,0.0,0.0,0.0,0.0,0.90873385766816,0.9086820936462102,71.02639831863715,3025,1.1320309013828345,0.9086820936462102,71.02639831863715,3025
1,19814889,4272908,77.280781546366,-0.32733498799092,0.0008320767312722,7.9883701331131e-06,7.9897750485356e-06,10496,-8.673877338874e-06,-6.3977178292633e-06,8.9323785787826e-06,6.5883843474578e-06,2.9862237540404e-09,2.2025924747368e-09,0.90873385766816,0.9086820936462102,71.02639831863715,3025,1.1320309013828345,0.9086820936462102,71.02639831863715,3025
