time,NumDofs,NumElems,area,gradPx_avg,gradPy_avg,integral_in,integral_out,mem,product_avg,product_int,velx_avg,velx_int,vely_avg,vely_int,vol,M0_ps,M1_ps,M3_ps,Tau_ps,M0_eff_ps,M1_eff_ps,M3_eff_ps
0,0,0,47.333086947707,-1.0,-5.5799262971041e-17,0.0,0.0,5297,0.0,0.0,0.0,0.0,0.0,0.0,0.92944000000009,0.9293597214469018,43.438796837034204,1764,1.1276165992224922,0.9293597214469018,43.438796837034204,1764
1,16118514,3501766,47.333086947707,-0.37590547368479,-0.08081204205046,2.37198063567e-05,2.3720008913637e-05,8966,-2.5576014244669e-05,-1.9238155655688e-05,2.5849908874044e-05,1.9444177886625e-05,1.8747484488406e-06,1.4101768214949e-06,0.92944000000009,0.9293597214469018,43.438796837034204,1764,1.1276165992224922,0.9293597214469018,43.438796837034204,1764
