time,NumDofs,NumElems,area,gradPx_avg,gradPy_avg,integral_in,integral_out,mem,product_avg,product_int,velx_avg,velx_int,vely_avg,vely_int,vol,M0_ps,M1_ps,M3_ps,Tau_ps,M0_eff_ps,M1_eff_ps,M3_eff_ps
0,0,0,117.07066145834,-1.0,-2.6969459370637e-17,0.0,0.0,7366,0.0,0.0,0.0,0.0,0.0,0.0,0.80576065756485,0.8051855213432878,106.23016042588706,4225,1.157918243168644,0.8051855213432878,106.23016042588706,4225
1,23854113,5105230,117.07066145834,-0.37773618846357,3.5138888690249e-05,2.828598363611e-06,2.8285490371669e-06,12530,-3.450996150921e-06,-2.2434951635768e-06,3.5097363916227e-06,2.2816822377311e-06,2.1702753621951003e-10,1.4108976265926e-10,0.80576065756485,0.8051855213432878,106.23016042588706,4225,1.157918243168644,0.8051855213432878,106.23016042588706,4225
