time,NumDofs,NumElems,area,gradPx_avg,gradPy_avg,integral_in,integral_out,mem,product_avg,product_int,velx_avg,velx_int,vely_avg,vely_int,vol,M0_ps,M1_ps,M3_ps,Tau_ps,M0_eff_ps,M1_eff_ps,M3_eff_ps
0,0,0,109.62573166611,-1.0,6.6845485736519e-17,0.0,0.0,5007,0.0,0.0,0.0,0.0,0.0,0.0,0.76647423051557,0.7660029477793262,109.07963840718061,3969,1.3198934899322132,0.7660029477793262,109.07963840718061,3969
1,15592248,3326018,109.62573166611,-0.49777507231503,-0.069113541720241,3.7870559376464e-06,3.7869111891799e-06,8333,-4.8819494510619e-06,-3.0211099310101e-06,4.9291621448193e-06,3.0503266894813e-06,2.8407217492235e-07,1.7579314931147e-07,0.76647423051557,0.7660029477793262,109.07963840718061,3969,1.3198934899322132,0.7660029477793262,109.07963840718061,3969
