time,NumDofs,NumElems,area,gradPx_avg,gradPy_avg,integral_in,integral_out,mem,product_avg,product_int,velx_avg,velx_int,vely_avg,vely_int,vol,M0_ps,M1_ps,M3_ps,Tau_ps,M0_eff_ps,M1_eff_ps,M3_eff_ps
0,0,0,6.7431861412199,-1.0,-2.7771513809176997e-17,0.0,0.0,3618,0.0,0.0,0.0,0.0,0.0,0.0,0.98674488069891,0.9867108967433865,6.712788209845507,256,1.0116504854713768,0.9867108967433865,6.712788209845507,256
1,10763514,2381854,6.7431861412199,-0.41054929110305,0.0002041047535727,0.0003879786609617,0.0003879822468174,6601,-0.0004053029894312,-0.0003241818954588,0.0004158050442862,0.0003325819717915,-6.1874674314969e-09,-4.9490503952293e-09,0.98674488069891,0.9867108967433865,6.712788209845507,256,1.0116504854713768,0.9867108967433865,6.712788209845507,256
