time,NumDofs,NumElems,area,gradPx_avg,gradPy_avg,integral_in,integral_out,mem,product_avg,product_int,velx_avg,velx_int,vely_avg,vely_int,vol,M0_ps,M1_ps,M3_ps,Tau_ps,M0_eff_ps,M1_eff_ps,M3_eff_ps
0,0,0,181.21804622354,-1.0,8.2755248560733e-17,0.0,0.0,6095,0.0,0.0,0.0,0.0,0.0,0.0,0.61396760554615,0.6132274569178437,180.31870047757567,6561,1.5857443066469956,0.6132274569178437,180.31870047757567,6561
1,18450000,3871218,181.21804622354,-0.44347356227727,0.0014844189663259,7.5394945715293e-07,7.3546590583304e-07,9988,-1.1263012268527e-06,-5.5916011052955e-07,1.1579742934995e-06,5.7488442568146e-07,-1.0761120324768e-09,-5.342433344437801e-10,0.61396760554615,0.6132274569178437,180.31870047757567,6561,1.5857443066469956,0.6132274569178437,180.31870047757567,6561
