time,NumDofs,NumElems,area,gradPx_avg,gradPy_avg,integral_in,integral_out,mem,product_avg,product_int,velx_avg,velx_int,vely_avg,vely_int,vol,M0_ps,M1_ps,M3_ps,Tau_ps,M0_eff_ps,M1_eff_ps,M3_eff_ps
0,0,0,92.915334171024,-1.0,-2.0898799414884e-17,0.0,0.0,4774,0.0,0.0,0.0,0.0,0.0,0.0,0.80207087716157,0.8016594310866222,92.45845873350092,3364,1.2689671452104196,0.8016594310866222,92.45845873350092,3364
1,14737071,3156952,92.915334171024,-0.49247088788062,8.7476523990943e-05,5.5342460800194e-06,5.5967522539765e-06,7899,-6.9716092046653e-06,-4.5378356355546e-06,7.0564127157715e-06,4.5930344258798e-06,-2.8017433328897e-09,-1.8236608456418e-09,0.80207087716157,0.8016594310866222,92.45845873350092,3364,1.2689671452104196,0.8016594310866222,92.45845873350092,3364
