time,NumDofs,NumElems,area,gradPx_avg,gradPy_avg,integral_in,integral_out,mem,product_avg,product_int,velx_avg,velx_int,vely_avg,vely_int,vol,M0_ps,M1_ps,M3_ps,Tau_ps,M0_eff_ps,M1_eff_ps,M3_eff_ps
0,0,0,63.84161041422,-1.0,-5.4515315212208996e-17,0.0,0.0,5770,0.0,0.0,0.0,0.0,0.0,0.0,0.89407634438578,0.8938970124617973,61.01984205965993,2304,1.1678255304339207,0.8938970124617973,61.01984205965993,2304
1,17912340,3873202,63.84161041422,-0.40399515105671,-0.0002655101830033,1.3856900121994e-05,1.3873753753464e-05,9900,-1.5524996168482e-05,-1.1216663509004e-05,1.568762648024e-05,1.133416237751e-05,-9.4650393837055e-09,-6.8384018079202e-09,0.89407634438578,0.8938970124617973,61.01984205965993,2304,1.1678255304339207,0.8938970124617973,61.01984205965993,2304
