time,NumDofs,NumElems,area,gradPx_avg,gradPy_avg,integral_in,integral_out,mem,product_avg,product_int,velx_avg,velx_int,vely_avg,vely_int,vol,M0_ps,M1_ps,M3_ps,Tau_ps,M0_eff_ps,M1_eff_ps,M3_eff_ps
0,0,0,71.224903616632,-1.0,-2.1221761136868e-17,0.0,0.0,4545,0.0,0.0,0.0,0.0,0.0,0.0,0.85999280239495,0.859700362649146,70.8096017374969,2704,1.197315868215115,0.859700362649146,70.8096017374969,2704
1,14014197,3020996,71.224903616632,-0.49804689926808,-0.078256380421676,1.0373484992968e-05,1.037378664944e-05,7566,-1.2098867869862e-05,-8.4500921741742e-06,1.2254976952392e-05,8.5591218909042e-06,7.314002166979e-07,5.1082459233261e-07,0.85999280239495,0.859700362649146,70.8096017374969,2704,1.197315868215115,0.859700362649146,70.8096017374969,2704
