time,NumDofs,NumElems,area,gradPx_avg,gradPy_avg,integral_in,integral_out,mem,product_avg,product_int,velx_avg,velx_int,vely_avg,vely_int,vol,M0_ps,M1_ps,M3_ps,Tau_ps,M0_eff_ps,M1_eff_ps,M3_eff_ps
0,0,0,42.010767917399,-1.0,2.9307489974228e-17,0.0,0.0,4101,0.0,0.0,0.0,0.0,0.0,0.0,0.91050826520832,0.9103296773908538,41.80557792805565,1521,1.0854716882013131,0.9103296773908538,41.80557792805565,1521
1,12399093,2701292,42.010767917399,-0.42769688767403,-0.0001685429322909,2.4235964553108e-05,2.4231094748432e-05,7009,-2.6944971853748e-05,-1.9883337110514e-05,2.7185404500444e-05,2.0060758092528e-05,-5.0682594115842e-10,-3.7399894492762005e-10,0.91050826520832,0.9103296773908538,41.80557792805565,1521,1.0854716882013131,0.9103296773908538,41.80557792805565,1521
