time,NumDofs,NumElems,area,gradPx_avg,gradPy_avg,integral_in,integral_out,mem,product_avg,product_int,velx_avg,velx_int,vely_avg,vely_int,vol,M0_ps,M1_ps,M3_ps,Tau_ps,M0_eff_ps,M1_eff_ps,M3_eff_ps
0,0,0,7.0935122682495,-1.0,-2.9346219450648003e-18,0.0,0.0,3775,0.0,0.0,0.0,0.0,0.0,0.0,0.98823070493133,0.9881606901177103,6.450669817430229,256,1.021446681442212,0.9881606901177103,6.450669817430229,256
1,11380779,2515952,7.0935122682495,-0.47944299921599,0.0005688836376598,0.0004398017127487,0.0004398051568426,6642,-0.0004575903638566,-0.0003665297401059,0.0004705808748383,0.0003769351353897,-1.651209510545e-08,-1.3226183079114e-08,0.98823070493133,0.9881606901177103,6.450669817430229,256,1.021446681442212,0.9881606901177103,6.450669817430229,256
