time,NumDofs,NumElems,area,gradPx_avg,gradPy_avg,integral_in,integral_out,mem,product_avg,product_int,velx_avg,velx_int,vely_avg,vely_int,vol,M0_ps,M1_ps,M3_ps,Tau_ps,M0_eff_ps,M1_eff_ps,M3_eff_ps
0,0,0,6.1990069357628,-1.0,2.5564915004740002e-17,0.0,0.0,3618,0.0,0.0,0.0,0.0,0.0,0.0,0.98995625723963,0.9899408034505885,6.156472671152191,256,1.015380679269119,0.9899408034505885,6.156472671152191,256
1,10780065,2385788,6.1990069357628,-0.48589741384968,0.0023774561860985,0.0004416544628996,0.000441740081412,6817,-0.000460478207981,-0.0003694464160027,0.0004715561757331,0.0003783343837972,1.1532308400535e-07,9.2524899831762e-08,0.98995625723963,0.9899408034505885,6.156472671152191,256,1.015380679269119,0.9899408034505885,6.156472671152191,256
