time,NumDofs,NumElems,area,gradPx_avg,gradPy_avg,integral_in,integral_out,mem,product_avg,product_int,velx_avg,velx_int,vely_avg,vely_int,vol,M0_ps,M1_ps,M3_ps,Tau_ps,M0_eff_ps,M1_eff_ps,M3_eff_ps
0,0,0,21.654465514293,-1.0,-6.5202762722188e-18,0.0,0.0,3812,0.0,0.0,0.0,0.0,0.0,0.0,0.95387145294043,0.9537642419106751,21.552916729160803,784,1.0443812805127834,0.9537642419106751,21.552916729160803,784
1,11420517,2509380,21.654465514293,-0.4319812997924,-0.0001817561715423,7.5294871811169e-05,7.5287164238649e-05,7100,-8.1085122832262e-05,-6.2466829308159e-05,8.0666636969969e-05,6.2144433731577e-05,-7.1064799300637e-10,-5.4747314090091e-10,0.95387145294043,0.9537642419106751,21.552916729160803,784,1.0443812805127834,0.9537642419106751,21.552916729160803,784
