time,NumDofs,NumElems,area,gradPx_avg,gradPy_avg,integral_in,integral_out,mem,product_avg,product_int,velx_avg,velx_int,vely_avg,vely_int,vol,M0_ps,M1_ps,M3_ps,Tau_ps,M0_eff_ps,M1_eff_ps,M3_eff_ps
0,0,0,70.000000000016,-1.0,8.988950280568001e-17,0.0,0.0,5919,0.0,0.0,0.0,0.0,0.0,0.0,0.88000000000016,0.8798277918562576,66.96027954794417,2500,1.1869002472220582,0.8798277918562576,66.96027954794417,2500
1,18423855,3977856,70.000000000016,-0.4054208238445,0.0002532649289627,1.1650924064485e-05,1.1465656610507e-05,9701,-1.3069973992472e-05,-9.3161436835415e-06,1.3285825316575e-05,9.470000298006e-06,-1.4325047032665e-08,-1.0210746900236e-08,0.88000000000016,0.8798277918562576,66.96027954794417,2500,1.1869002472220582,0.8798277918562576,66.96027954794417,2500
