time,NumDofs,NumElems,area,gradPx_avg,gradPy_avg,integral_in,integral_out,mem,product_avg,product_int,velx_avg,velx_int,vely_avg,vely_int,vol,M0_ps,M1_ps,M3_ps,Tau_ps,M0_eff_ps,M1_eff_ps,M3_eff_ps
0,0,0,140.36890213502,-1.0,-1.3240444112731002e-16,0.0,0.0,5756,0.0,0.0,0.0,0.0,0.0,0.0,0.72407605176158,0.7235252067260775,139.54193628527725,5329,1.7165325383903456,0.7235252067260775,139.54193628527725,5329
1,17342640,3671400,140.36890213502,-0.65709907265745,-0.0003469486063772,3.4806155206348e-06,3.4800463830898e-06,9502,-4.7519514599412e-06,-2.7968992484691e-06,4.8043789924167e-06,2.8277569976309e-06,-8.000498835024601e-10,-4.708926294321801e-10,0.72407605176158,0.7235252067260775,139.54193628527725,5329,1.7165325383903456,0.7235252067260775,139.54193628527725,5329
