time,NumDofs,NumElems,area,gradPx_avg,gradPy_avg,integral_in,integral_out,mem,product_avg,product_int,velx_avg,velx_int,vely_avg,vely_int,vol,M0_ps,M1_ps,M3_ps,Tau_ps,M0_eff_ps,M1_eff_ps,M3_eff_ps
0,0,0,143.5699692271,-1.0,-2.7682390358531998e-17,0.0,0.0,6224,0.0,0.0,0.0,0.0,0.0,0.0,0.76738534836374,0.7671013369424219,142.35939726935752,5929,1.4296230514215549,0.7671013369424219,142.35939726935752,5929
1,19178244,4064841,143.5699692271,-0.44250350721025,-0.0008038005931816,2.0985418818098e-06,2.0809450725515e-06,10821,-2.6153943135716e-06,-1.6299703374918e-06,2.672231265309e-06,1.6653923558563e-06,4.2624555323746e-09,2.6564545340626e-09,0.76738534836374,0.7671013369424219,142.35939726935752,5929,1.4296230514215549,0.7671013369424219,142.35939726935752,5929
