time,NumDofs,NumElems,area,gradPx_avg,gradPy_avg,integral_in,integral_out,mem,product_avg,product_int,velx_avg,velx_int,vely_avg,vely_int,vol,M0_ps,M1_ps,M3_ps,Tau_ps,M0_eff_ps,M1_eff_ps,M3_eff_ps
0,0,0,176.67733794183,-1.0,-1.5821865456432002e-16,0.0,0.0,5740,0.0,0.0,0.0,0.0,0.0,0.0,0.55858588534659,0.5577236637603865,176.0049639110495,5625,1.6218835917784002,0.5577236637603865,176.0049639110495,5625
1,17111520,3581851,176.67733794183,-0.44982349523496,-0.0002250216400529,5.9899661781489e-07,5.9952103360754e-07,9226,-1.0155552384244e-06,-4.6182722488464e-07,1.0493066501608e-06,4.7717579503462e-07,-7.308814175659001e-11,-3.3237082929914e-11,0.55858588534659,0.5577236637603865,176.0049639110495,5625,1.6218835917784002,0.5577236637603865,176.0049639110495,5625
