time,NumDofs,NumElems,area,gradPx_avg,gradPy_avg,integral_in,integral_out,mem,product_avg,product_int,velx_avg,velx_int,vely_avg,vely_int,vol,M0_ps,M1_ps,M3_ps,Tau_ps,M0_eff_ps,M1_eff_ps,M3_eff_ps
0,0,0,38.331999999997,-1.0,-3.8088830039308e-17,0.0,0.0,4711,0.0,0.0,0.0,0.0,0.0,0.0,0.93428799999992,0.9341629150083735,35.23867935706393,1369,1.1029674183443468,0.9341629150083735,35.23867935706393,1369
1,14786766,3221640,38.331999999997,-0.38049707509821,-0.032778487943134,3.3913525234877e-05,3.3914405937675e-05,7978,-3.6525869470203e-05,-2.7676146524458e-05,3.7182645235935e-05,2.8173794426884e-05,1.0763878065536e-06,8.155936349611e-07,0.93428799999992,0.9341629150083735,35.23867935706393,1369,1.1029674183443468,0.9341629150083735,35.23867935706393,1369
