time,NumDofs,NumElems,area,gradPx_avg,gradPy_avg,integral_in,integral_out,mem,product_avg,product_int,velx_avg,velx_int,vely_avg,vely_int,vol,M0_ps,M1_ps,M3_ps,Tau_ps,M0_eff_ps,M1_eff_ps,M3_eff_ps
0,0,0,6.8692008268796,-1.0,-3.3256757330516e-17,0.0,0.0,3776,0.0,0.0,0.0,0.0,0.0,0.0,0.98975999999967,0.9897349809840121,6.20796659849429,256,1.007613930570048,0.9897349809840121,6.20796659849429,256
1,11398017,2520124,6.8692008268796,-0.33567884410082,0.0001400981797366,0.0003877031156975,0.00038771308666,6693,-0.0004029653836477,-0.0003232467903591,0.0004143490561194,0.0003323784322775,-1.1159455401998e-09,-8.951781684567201e-10,0.98975999999967,0.9897349809840121,6.20796659849429,256,1.007613930570048,0.9897349809840121,6.20796659849429,256
