time,NumDofs,NumElems,area,gradPx_avg,gradPy_avg,integral_in,integral_out,mem,product_avg,product_int,velx_avg,velx_int,vely_avg,vely_int,vol,M0_ps,M1_ps,M3_ps,Tau_ps,M0_eff_ps,M1_eff_ps,M3_eff_ps
0,0,0,94.262994839668,-1.0,-2.2449876539326e-17,0.0,0.0,6901,0.0,0.0,0.0,0.0,0.0,0.0,0.92011141324733,0.9197693985164718,82.78661616456394,5230,1.217947741530242,0.9197693985164718,82.78661616456394,5230
1,22093092,4752128,94.262994839668,-0.36981418962587,-0.0006561793165366,6.9135137327265e-06,6.7691493443359e-06,11410,-7.2331598088267e-06,-5.3858169248513e-06,7.3964202631944e-06,5.5073807975615e-06,-5.4382644916106e-09,-4.0493363502065e-09,0.92011141324733,0.9197693985164718,82.78661616456394,5230,1.217947741530242,0.9197693985164718,82.78661616456394,5230
