time,NumDofs,NumElems,area,gradPx_avg,gradPy_avg,integral_in,integral_out,mem,product_avg,product_int,velx_avg,velx_int,vely_avg,vely_int,vol,M0_ps,M1_ps,M3_ps,Tau_ps,M0_eff_ps,M1_eff_ps,M3_eff_ps
0,0,0,93.405031556061,-1.0,-2.6004325771716e-17,0.0,0.0,6716,0.0,0.0,0.0,0.0,0.0,0.0,0.86075999999991,0.8605316846117084,89.20031645178558,3481,1.2594105217838734,0.8605316846117084,89.20031645178558,3481
1,21507375,4622598,93.405031556061,-0.39414433191837,-0.0008286461427186,6.442376390603e-06,6.357420638496e-06,10984,-7.3998781107364e-06,-5.1625196938628e-06,7.5502722969776e-06,5.2674420907853e-06,-2.2973916944646e-09,-1.6027736794721e-09,0.86075999999991,0.8605316846117084,89.20031645178558,3481,1.2594105217838734,0.8605316846117084,89.20031645178558,3481
