time,NumDofs,NumElems,area,gradPx_avg,gradPy_avg,integral_in,integral_out,mem,product_avg,product_int,velx_avg,velx_int,vely_avg,vely_int,vol,M0_ps,M1_ps,M3_ps,Tau_ps,M0_eff_ps,M1_eff_ps,M3_eff_ps
0,0,0,22.992629220413,-1.0,-2.0187033763701e-17,0.0,0.0,4305,0.0,0.0,0.0,0.0,0.0,0.0,0.97284643699196,0.9728555307006799,21.173241488086465,1087,1.0538730113426371,0.9728555307006799,21.173241488086465,1087
1,13280418,2911470,22.992629220413,-0.39644046325164,-0.076391232366189,7.7492166038443e-05,7.7496294179133e-05,7430,-8.0872573876456e-05,-6.3727519223392e-05,8.1834952114557e-05,6.4485872454024e-05,3.5378938805759e-06,2.7878573597663e-06,0.97284643699196,0.9728555307006799,21.173241488086465,1087,1.0538730113426371,0.9728555307006799,21.173241488086465,1087
