time,NumDofs,NumElems,area,gradPx_avg,gradPy_avg,integral_in,integral_out,mem,product_avg,product_int,velx_avg,velx_int,vely_avg,vely_int,vol,M0_ps,M1_ps,M3_ps,Tau_ps,M0_eff_ps,M1_eff_ps,M3_eff_ps
0,0,0,62.027004876469,-1.0,-7.0534633839586e-17,0.0,0.0,5799,0.0,0.0,0.0,0.0,0.0,0.0,0.93477629961696,0.9346066883265529,56.5304875199252,3428,1.1498377407207485,0.9346066883265529,56.5304875199252,3428
1,18082611,3914524,62.027004876469,-0.3881968002554,-0.12633172042677,1.5281723908487e-05,1.528270483461e-05,10068,-1.6236527095104e-05,-1.2293295384397e-05,1.6586921543494e-05,1.2558592416816e-05,1.6650520770306e-06,1.2606745822826e-06,0.93477629961696,0.9346066883265529,56.5304875199252,3428,1.1498377407207485,0.9346066883265529,56.5304875199252,3428
