time,NumDofs,NumElems,area,gradPx_avg,gradPy_avg,integral_in,integral_out,mem,product_avg,product_int,velx_avg,velx_int,vely_avg,vely_int,vol,M0_ps,M1_ps,M3_ps,Tau_ps,M0_eff_ps,M1_eff_ps,M3_eff_ps
0,0,0,25.826478052051,-1.0,3.9904664409141e-17,0.0,0.0,4349,0.0,0.0,0.0,0.0,0.0,0.0,0.97094226674483,0.9709750161645937,23.60526494973118,1024,1.0372270957732712,0.9709750161645937,23.60526494973118,1024
1,13416591,2937464,25.826478052051,-0.30448365719926,0.0016805373619421,5.5679244079508e-05,5.5667310415285e-05,8146,-5.7696638072701e-05,-4.5440929340533e-05,5.8892686584173e-05,4.6382917603855e-05,1.4166662788221e-08,1.1157432118307e-08,0.97094226674483,0.9709750161645937,23.60526494973118,1024,1.0372270957732712,0.9709750161645937,23.60526494973118,1024
