time,NumDofs,NumElems,area,gradPx_avg,gradPy_avg,integral_in,integral_out,mem,product_avg,product_int,velx_avg,velx_int,vely_avg,vely_int,vol,M0_ps,M1_ps,M3_ps,Tau_ps,M0_eff_ps,M1_eff_ps,M3_eff_ps
0,0,0,66.316800637522,-1.0,3.4751584672766e-17,0.0,0.0,4412,0.0,0.0,0.0,0.0,0.0,0.0,0.85873132463277,0.8584563917413987,65.98008629174134,2401,1.132931741570825,0.8584563917413987,65.98008629174134,2401
1,13510893,2917852,66.316800637522,-0.42030675368397,-0.0002779808463015,9.6006329838159e-06,9.5994581845298e-06,7278,-1.1202633551852e-05,-7.7808183736314e-06,1.1281473330022e-05,7.8355767473405e-06,1.9735744878854e-10,1.3707513118225e-10,0.85873132463277,0.8584563917413987,65.98008629174134,2401,1.132931741570825,0.8584563917413987,65.98008629174134,2401
