time,NumDofs,NumElems,area,gradPx_avg,gradPy_avg,integral_in,integral_out,mem,product_avg,product_int,velx_avg,velx_int,vely_avg,vely_int,vol,M0_ps,M1_ps,M3_ps,Tau_ps,M0_eff_ps,M1_eff_ps,M3_eff_ps
0,0,0,65.763854193351,-1.0,5.7861083097238e-17,0.0,0.0,5922,0.0,0.0,0.0,0.0,0.0,0.0,0.93689130310678,0.9367432259308196,58.867253259076,2704,1.2331168522551745,0.9367432259308196,58.867253259076,2704
1,18551973,4011364,65.763854193351,-0.61315860073348,-1.1779692695901e-05,2.0790033317878e-05,2.0949131176062e-05,10168,-2.2384133936517e-05,-1.7011168388973e-05,2.2640709951106e-05,1.7206157295004e-05,1.9773470658071e-09,1.502715449938e-09,0.93689130310678,0.9367432259308196,58.867253259076,2704,1.2331168522551745,0.9367432259308196,58.867253259076,2704
