time,NumDofs,NumElems,area,gradPx_avg,gradPy_avg,integral_in,integral_out,mem,product_avg,product_int,velx_avg,velx_int,vely_avg,vely_int,vol,M0_ps,M1_ps,M3_ps,Tau_ps,M0_eff_ps,M1_eff_ps,M3_eff_ps
0,0,0,9.6859483371294,-1.0,-1.9125680550055e-17,0.0,0.0,3684,0.0,0.0,0.0,0.0,0.0,0.0,0.98430665193762,0.9842701434933996,9.606733657206838,400,1.0113048268183624,0.9842701434933996,9.606733657206838,400
1,10991340,2427986,9.6859483371294,-0.34003065728418,0.0003883074786367,0.000216050275177,0.0002160373177095,6360,-0.0002271697248781,-0.0001811195012375,0.000228181356807,0.0001819260623692,-9.1498435529494e-09,-7.2950526378464e-09,0.98430665193762,0.9842701434933996,9.606733657206838,400,1.0113048268183624,0.9842701434933996,9.606733657206838,400
