time,NumDofs,NumElems,area,gradPx_avg,gradPy_avg,integral_in,integral_out,mem,product_avg,product_int,velx_avg,velx_int,vely_avg,vely_int,vol,M0_ps,M1_ps,M3_ps,Tau_ps,M0_eff_ps,M1_eff_ps,M3_eff_ps
0,0,0,86.895525286014,-1.0,3.0115783778596e-17,0.0,0.0,6454,0.0,0.0,0.0,0.0,0.0,0.0,0.85582613541383,0.8555648370890077,79.9124659021466,3136,1.2467670356249325,0.8555648370890077,79.9124659021466,3136
1,20461329,4401372,86.895525286014,-0.34798172414427,-0.057664755625081,6.876004450786e-06,6.8760824754072e-06,11376,-7.919073324778e-06,-5.5043325121456e-06,8.127406339238e-06,5.649139124967e-06,3.9006950899474e-07,2.7112670792408e-07,0.85582613541383,0.8555648370890077,79.9124659021466,3136,1.2467670356249325,0.8555648370890077,79.9124659021466,3136
