time,NumDofs,NumElems,area,gradPx_avg,gradPy_avg,integral_in,integral_out,mem,product_avg,product_int,velx_avg,velx_int,vely_avg,vely_int,vol,M0_ps,M1_ps,M3_ps,Tau_ps,M0_eff_ps,M1_eff_ps,M3_eff_ps
0,0,0,90.265592115653,-1.0,-3.532964236695e-18,0.0,0.0,6626,0.0,0.0,0.0,0.0,0.0,0.0,0.86543999999993,0.8649874900100802,86.17045649207368,3364,1.248172799309447,0.8649874900100802,86.17045649207368,3364
1,21145188,4547338,90.265592115653,-0.39446269788451,0.0025432855977472,6.8206730062765e-06,6.9983279377499e-06,10981,-7.9160482476448e-06,-5.5559128529928e-06,8.0850432735165e-06,5.6745227460808e-06,-2.7301067066377e-08,-1.9161372526959e-08,0.86543999999993,0.8649874900100802,86.17045649207368,3364,1.248172799309447,0.8649874900100802,86.17045649207368,3364
