time,NumDofs,NumElems,area,gradPx_avg,gradPy_avg,integral_in,integral_out,mem,product_avg,product_int,velx_avg,velx_int,vely_avg,vely_int,vol,M0_ps,M1_ps,M3_ps,Tau_ps,M0_eff_ps,M1_eff_ps,M3_eff_ps
0,0,0,19.773397258602,-1.0,-5.8697478467659e-17,0.0,0.0,4168,0.0,0.0,0.0,0.0,0.0,0.0,0.97775267297628,0.9777320171404934,18.09256048621022,784,1.0285142089840025,0.9777320171404934,18.09256048621022,784
1,12764217,2802492,19.773397258602,-0.29517228278933,0.0020537562392326,8.4566638281262e-05,8.4555352261073e-05,6965,-8.8000240854207e-05,-6.9594013063473e-05,8.8317534602671e-05,6.9844941300273e-05,1.3608486030822e-08,1.0762120028423e-08,0.97775267297628,0.9777320171404934,18.09256048621022,784,1.0285142089840025,0.9777320171404934,18.09256048621022,784
