time,NumDofs,NumElems,area,gradPx_avg,gradPy_avg,integral_in,integral_out,mem,product_avg,product_int,velx_avg,velx_int,vely_avg,vely_int,vol,M0_ps,M1_ps,M3_ps,Tau_ps,M0_eff_ps,M1_eff_ps,M3_eff_ps
0,0,0,66.713215546621,-1.0,4.9060910889972996e-17,0.0,0.0,5966,0.0,0.0,0.0,0.0,0.0,0.0,0.94346005538218,0.9433245248011052,58.69320058912097,4732,1.1570872774642877,0.9433245248011052,58.69320058912097,4732
1,18729285,4050242,66.713215546621,-0.39329433319415,-0.16238470100453,1.3716550471422e-05,1.3721313420047e-05,9833,-1.4390171310929e-05,-1.1013145805444e-05,1.4792490581137e-05,1.1321050463936e-05,2.1021325260942e-06,1.6088128148035e-06,0.94346005538218,0.9433245248011052,58.69320058912097,4732,1.1570872774642877,0.9433245248011052,58.69320058912097,4732
