time,NumDofs,NumElems,area,gradPx_avg,gradPy_avg,integral_in,integral_out,mem,product_avg,product_int,velx_avg,velx_int,vely_avg,vely_int,vol,M0_ps,M1_ps,M3_ps,Tau_ps,M0_eff_ps,M1_eff_ps,M3_eff_ps
0,0,0,172.93207057081,-1.0,2.0878322340631e-17,0.0,0.0,9018,0.0,0.0,0.0,0.0,0.0,0.0,0.71307745890229,0.7125634033598258,165.14176200316982,6241,1.527805296504479,0.7125634033598258,165.14176200316982,6241
1,29894553,6354814,172.93207057081,-0.37271271152832,-0.0009235464574916,1.1949873680117e-06,1.219147413615e-06,15439,-1.6077077165196e-06,-9.2963980355199e-07,1.6648572483983e-06,9.6268590953436e-07,1.8918732254164e-09,1.0939554718495e-09,0.71307745890229,0.7125634033598258,165.14176200316982,6241,1.527805296504479,0.7125634033598258,165.14176200316982,6241
