time,NumDofs,NumElems,area,gradPx_avg,gradPy_avg,integral_in,integral_out,mem,product_avg,product_int,velx_avg,velx_int,vely_avg,vely_int,vol,M0_ps,M1_ps,M3_ps,Tau_ps,M0_eff_ps,M1_eff_ps,M3_eff_ps
0,0,0,105.94206688839,-1.0,3.169023420108e-17,0.0,0.0,7274,0.0,0.0,0.0,0.0,0.0,0.0,0.89833525012327,0.8981540234778174,94.64548528735968,5336,1.2546779410325744,0.8981540234778174,94.64548528735968,5336
1,23393853,5020156,105.94206688839,-0.3660046143475,0.0027091220967483,5.3140868733096e-06,5.1270420920968e-06,12177,-5.6943720427172e-06,-4.1366152645826e-06,5.8683208930856e-06,4.2629785341922e-06,-2.3804680279916e-08,-1.7292653707155e-08,0.89833525012327,0.8981540234778174,94.64548528735968,5336,1.2546779410325744,0.8981540234778174,94.64548528735968,5336
