time,NumDofs,NumElems,area,gradPx_avg,gradPy_avg,integral_in,integral_out,mem,product_avg,product_int,velx_avg,velx_int,vely_avg,vely_int,vol,M0_ps,M1_ps,M3_ps,Tau_ps,M0_eff_ps,M1_eff_ps,M3_eff_ps
0,0,0,172.08150626953,-1.0,-1.4292718765138002e-16,0.0,0.0,8579,0.0,0.0,0.0,0.0,0.0,0.0,0.69579999999969,0.695362669226228,158.15597725469607,6084,1.598826193272208,0.695362669226228,158.15597725469607,6084
1,28064025,5947140,172.08150626953,-0.25425195927773,-0.0009647615407083,7.7566522033647e-07,7.7567011436863e-07,14515,-1.0210656935952e-06,-5.7654379331395e-07,1.0985436939181e-06,6.2029167406706e-07,-5.9991375811341e-10,-3.3874074502109e-10,0.69579999999969,0.695362669226228,158.15597725469607,6084,1.598826193272208,0.695362669226228,158.15597725469607,6084
