time,NumDofs,NumElems,area,gradPx_avg,gradPy_avg,integral_in,integral_out,mem,product_avg,product_int,velx_avg,velx_int,vely_avg,vely_int,vol,M0_ps,M1_ps,M3_ps,Tau_ps,M0_eff_ps,M1_eff_ps,M3_eff_ps
0,0,0,3.2467707033297,-1.0,1.6398803878627e-17,0.0,0.0,3631,0.0,0.0,0.0,0.0,0.0,0.0,0.99515999999897,0.9951847582941434,2.97340773855896,121,1.00836579774878,0.9951847582941434,2.97340773855896,121
1,10839414,2402020,3.2467707033297,-0.42932448573574,-0.065241929260345,0.0010953557215894,0.00109534781227,6635,-0.0011449996406394,-0.0009237384336672,0.00118223869575,0.0009537813657504,3.606361720946e-05,2.9094637317822e-05,0.99515999999897,0.9951847582941434,2.97340773855896,121,1.00836579774878,0.9951847582941434,2.97340773855896,121
