time,NumDofs,NumElems,area,gradPx_avg,gradPy_avg,integral_in,integral_out,mem,product_avg,product_int,velx_avg,velx_int,vely_avg,vely_int,vol,M0_ps,M1_ps,M3_ps,Tau_ps,M0_eff_ps,M1_eff_ps,M3_eff_ps
0,0,0,59.570735483362,-1.0,-5.649594591214699e-17,0.0,0.0,5675,0.0,0.0,0.0,0.0,0.0,0.0,0.93735915815211,0.9372211356580897,53.89029395996359,2789,1.138934651345062,0.9372211356580897,53.89029395996359,2789
1,17641755,3820615,59.570735483362,-0.39526669723702,0.0010468229849975,1.6440693153389e-05,1.6516752975343e-05,10116,-1.7400385948265e-05,-1.3199718830506e-05,1.7711761530342e-05,1.3435924518489e-05,1.1694114680235e-08,8.8710116091524e-09,0.93735915815211,0.9372211356580897,53.89029395996359,2789,1.138934651345062,0.9372211356580897,53.89029395996359,2789
