time,NumDofs,NumElems,area,gradPx_avg,gradPy_avg,integral_in,integral_out,mem,product_avg,product_int,velx_avg,velx_int,vely_avg,vely_int,vol,M0_ps,M1_ps,M3_ps,Tau_ps,M0_eff_ps,M1_eff_ps,M3_eff_ps
0,0,0,81.458825515257,-1.0,5.9497213168362e-17,0.0,0.0,4923,0.0,0.0,0.0,0.0,0.0,0.0,0.86801894280576,0.8678057517841293,80.81180102104831,3364,1.2222698180716234,0.8678057517841293,80.81180102104831,3364
1,15424011,3315212,81.458825515257,-0.47158677426883,-0.0030563315358883,8.061596878021e-06,7.9283944563237e-06,8549,-9.2030807236751e-06,-6.478067820831e-06,9.3183214316328e-06,6.5591859968294e-06,4.5695150089972e-08,3.216491197392e-08,0.86801894280576,0.8678057517841293,80.81180102104831,3364,1.2222698180716234,0.8678057517841293,80.81180102104831,3364
