time,NumDofs,NumElems,area,gradPx_avg,gradPy_avg,integral_in,integral_out,mem,product_avg,product_int,velx_avg,velx_int,vely_avg,vely_int,vol,M0_ps,M1_ps,M3_ps,Tau_ps,M0_eff_ps,M1_eff_ps,M3_eff_ps
0,0,0,15.506751219119,-1.0,-1.0367551779204999e-17,0.0,0.0,4072,0.0,0.0,0.0,0.0,0.0,0.0,0.98369407490393,0.9836195436966116,14.002968084370211,733,1.0344409923814044,0.9836195436966116,14.002968084370211,733
1,12397050,2727941,15.506751219119,-0.40542280366909,0.0022564636233702,0.0001360090224193,0.0001358652250454,7549,-0.0001425577648544,-0.0001135046245464,0.0001416444808291,0.0001127774669587,1.9392418555451e-07,1.5440261633111e-07,0.98369407490393,0.9836195436966116,14.002968084370211,733,1.0344409923814044,0.9836195436966116,14.002968084370211,733
