time,NumDofs,NumElems,area,gradPx_avg,gradPy_avg,integral_in,integral_out,mem,product_avg,product_int,velx_avg,velx_int,vely_avg,vely_int,vol,M0_ps,M1_ps,M3_ps,Tau_ps,M0_eff_ps,M1_eff_ps,M3_eff_ps
0,0,0,27.476803307519,-1.0,3.7547364129068996e-17,0.0,0.0,4445,0.0,0.0,0.0,0.0,0.0,0.0,0.95903999999996,0.9589559881285618,26.227534996708386,1024,1.069550989198152,0.9589559881285618,26.227534996708386,1024
1,13780101,3015172,27.476803307519,-0.40524050541624,0.0011775927821963,5.8862535136183e-05,5.8990716456667e-05,7905,-6.2193404842759e-05,-4.8407173187072e-05,6.3065628383498e-05,4.9086053465474e-05,-2.3279101944776e-08,-1.8118890939149e-08,0.95903999999996,0.9589559881285618,26.227534996708386,1024,1.069550989198152,0.9589559881285618,26.227534996708386,1024
