time,NumDofs,NumElems,area,gradPx_avg,gradPy_avg,integral_in,integral_out,mem,product_avg,product_int,velx_avg,velx_int,vely_avg,vely_int,vol,M0_ps,M1_ps,M3_ps,Tau_ps,M0_eff_ps,M1_eff_ps,M3_eff_ps
0,0,0,61.851999999992,-1.0,-1.3631724156694e-17,0.0,0.0,5670,0.0,0.0,0.0,0.0,0.0,0.0,0.89396800000016,0.8935425962144731,56.185790935002935,2209,1.1809131002648479,0.8935425962144731,56.185790935002935,2209
1,17482572,3782068,61.851999999992,-0.51004720210979,0.0010017176623457,1.7909652502778e-05,1.7908819586938e-05,9311,-2.0130125693166e-05,-1.452941293416e-05,2.0310351170562e-05,1.4659495101667e-05,7.218928589268801e-10,5.2104391206711e-10,0.89396800000016,0.8935425962144731,56.185790935002935,2209,1.1809131002648479,0.8935425962144731,56.185790935002935,2209
