time,NumDofs,NumElems,area,gradPx_avg,gradPy_avg,integral_in,integral_out,mem,product_avg,product_int,velx_avg,velx_int,vely_avg,vely_int,vol,M0_ps,M1_ps,M3_ps,Tau_ps,M0_eff_ps,M1_eff_ps,M3_eff_ps
0,0,0,50.995345192973,-1.0,-2.2316313720438e-17,0.0,0.0,4267,0.0,0.0,0.0,0.0,0.0,0.0,0.89975816029419,0.8995435761302163,50.70049398189693,1936,1.1972471503974773,0.8995435761302163,50.70049398189693,1936
1,13023576,2826970,50.995345192973,-0.62553989299994,0.0001380607372102,2.4347702471655e-05,2.4340909110757e-05,7118,-2.7305901078222e-05,-1.9855898104175e-05,2.7265931733263e-05,1.982683379172e-05,7.8773522652105e-10,5.728135594597101e-10,0.89975816029419,0.8995435761302163,50.70049398189693,1936,1.1972471503974773,0.8995435761302163,50.70049398189693,1936
