time,NumDofs,NumElems,area,gradPx_avg,gradPy_avg,integral_in,integral_out,mem,product_avg,product_int,velx_avg,velx_int,vely_avg,vely_int,vol,M0_ps,M1_ps,M3_ps,Tau_ps,M0_eff_ps,M1_eff_ps,M3_eff_ps
0,0,0,70.610563377668,-1.0,-5.4385386154487e-17,0.0,0.0,4769,0.0,0.0,0.0,0.0,0.0,0.0,0.88559549263406,0.8853619061770837,69.98457428561647,2916,1.3188314999451114,0.8853619061770837,69.98457428561647,2916
1,14881230,3209378,70.610563377668,-0.69582352347196,-5.6890792764493e-05,1.6103525067076e-05,1.6103611917949e-05,7962,-1.8265813664713e-05,-1.3140476071057e-05,1.8435195148821e-05,1.3262329571791e-05,9.3709695360925e-10,6.7415009926176e-10,0.88559549263406,0.8853619061770837,69.98457428561647,2916,1.3188314999451114,0.8853619061770837,69.98457428561647,2916
