time,NumDofs,NumElems,area,gradPx_avg,gradPy_avg,integral_in,integral_out,mem,product_avg,product_int,velx_avg,velx_int,vely_avg,vely_int,vol,M0_ps,M1_ps,M3_ps,Tau_ps,M0_eff_ps,M1_eff_ps,M3_eff_ps
0,0,0,109.90721323,-1.0,-2.6186923035289e-17,0.0,0.0,7233,0.0,0.0,0.0,0.0,0.0,0.0,0.83615999999991,0.8358028682615732,104.75904133685337,4096,1.3110858592604326,0.8358028682615732,104.75904133685337,4096
1,23389761,5013436,109.90721323,-0.38625953101989,-0.0012678090397545,4.5323073368401e-06,4.350077384039e-06,12603,-5.1915355653526e-06,-3.5065140059898e-06,5.2964339741042e-06,3.5773654399948e-06,5.3178161983758e-09,3.5918076157141e-09,0.83615999999991,0.8358028682615732,104.75904133685337,4096,1.3110858592604326,0.8358028682615732,104.75904133685337,4096
