time,NumDofs,NumElems,area,gradPx_avg,gradPy_avg,integral_in,integral_out,mem,product_avg,product_int,velx_avg,velx_int,vely_avg,vely_int,vol,M0_ps,M1_ps,M3_ps,Tau_ps,M0_eff_ps,M1_eff_ps,M3_eff_ps
0,0,0,59.273689947533,-1.0,8.4368850903612e-17,0.0,0.0,5671,0.0,0.0,0.0,0.0,0.0,0.0,0.91164000000006,0.9115364998534142,54.40895413792864,2209,1.161409758956875,0.9115364998534142,54.40895413792864,2209
1,17536647,3797030,59.273689947533,-0.36946848028552,-0.086322292176514,1.5672383256637e-05,1.5672156863176e-05,9744,-1.7274115222109e-05,-1.2723652551551e-05,1.7461692764311e-05,1.2861817166222e-05,1.334000595475e-06,9.8258925925546e-07,0.91164000000006,0.9115364998534142,54.40895413792864,2209,1.161409758956875,0.9115364998534142,54.40895413792864,2209
