time,NumDofs,NumElems,area,gradPx_avg,gradPy_avg,integral_in,integral_out,mem,product_avg,product_int,velx_avg,velx_int,vely_avg,vely_int,vol,M0_ps,M1_ps,M3_ps,Tau_ps,M0_eff_ps,M1_eff_ps,M3_eff_ps
0,0,0,125.07125263305,-1.0,4.1306756428025e-17,0.0,0.0,7813,0.0,0.0,0.0,0.0,0.0,0.0,0.86848293054793,0.8682967136678166,113.91565897738397,6912,1.3217049623086523,0.8682967136678166,113.91565897738397,6912
1,25386660,5433465,125.07125263305,-0.37038070702821,-0.13470480799187,3.7530168896167e-06,3.7562294630522e-06,13215,-4.2020586051648e-06,-2.9600594420372e-06,4.3561923117301e-06,3.0686359699548e-06,5.4228782521315e-07,3.8200423843471e-07,0.86848293054793,0.8682967136678166,113.91565897738397,6912,1.3217049623086523,0.8682967136678166,113.91565897738397,6912
