time,NumDofs,NumElems,area,gradPx_avg,gradPy_avg,integral_in,integral_out,mem,product_avg,product_int,velx_avg,velx_int,vely_avg,vely_int,vol,M0_ps,M1_ps,M3_ps,Tau_ps,M0_eff_ps,M1_eff_ps,M3_eff_ps
0,0,0,36.830818551935,-1.0,2.6607976655246e-17,0.0,0.0,4153,0.0,0.0,0.0,0.0,0.0,0.0,0.94032604399675,0.9402271476821378,36.492694849864385,1521,1.1523703683945956,0.9402271476821378,36.492694849864385,1521
1,12633399,2755895,36.830818551935,-0.68185277660712,-0.0001025372770987,4.4120824378842e-05,4.4126638650346e-05,6738,-4.7591146124297e-05,-3.6261553135576e-05,4.7917839436472e-05,3.6510473530718e-05,2.5759623343032004e-10,1.9627263192321e-10,0.94032604399675,0.9402271476821378,36.492694849864385,1521,1.1523703683945956,0.9402271476821378,36.492694849864385,1521
