time,NumDofs,NumElems,area,gradPx_avg,gradPy_avg,integral_in,integral_out,mem,product_avg,product_int,velx_avg,velx_int,vely_avg,vely_int,vol,M0_ps,M1_ps,M3_ps,Tau_ps,M0_eff_ps,M1_eff_ps,M3_eff_ps
0,0,0,69.693542679203,-1.0,-1.0527958455282e-17,0.0,0.0,5995,0.0,0.0,0.0,0.0,0.0,0.0,0.92671465024959,0.9265163593720507,63.27526469193176,2809,1.2369181910322393,0.9265163593720507,63.27526469193176,2809
1,18801324,4061569,69.693542679203,-0.56812117465482,0.0017195193088282,1.7691931461641e-05,1.782855588733e-05,9850,-1.9153749286072e-05,-1.4404064088806e-05,1.9407635701016e-05,1.4594992566438e-05,-9.9822077779119e-10,-7.506851971032701e-10,0.92671465024959,0.9265163593720507,63.27526469193176,2809,1.2369181910322393,0.9265163593720507,63.27526469193176,2809
