time,NumDofs,NumElems,area,gradPx_avg,gradPy_avg,integral_in,integral_out,mem,product_avg,product_int,velx_avg,velx_int,vely_avg,vely_int,vol,M0_ps,M1_ps,M3_ps,Tau_ps,M0_eff_ps,M1_eff_ps,M3_eff_ps
0,0,0,131.4807970769,-1.0,1.7818563614733e-17,0.0,0.0,7913,0.0,0.0,0.0,0.0,0.0,0.0,0.8039999999999,0.8037116316801941,125.51126084575887,4900,1.3859971554299788,0.8037116316801941,125.51126084575887,4900
1,25817052,5516922,131.4807970769,-0.38035252632509,0.002336606389143,2.8531357270848e-06,2.8262671810227e-06,13473,-3.4321575541079e-06,-2.2351640686936e-06,3.5115974945245e-06,2.2868986693461e-06,-1.0178180504552e-08,-6.6284554219322e-09,0.8039999999999,0.8037116316801941,125.51126084575887,4900,1.3859971554299788,0.8037116316801941,125.51126084575887,4900
