time,NumDofs,NumElems,area,gradPx_avg,gradPy_avg,integral_in,integral_out,mem,product_avg,product_int,velx_avg,velx_int,vely_avg,vely_int,vol,M0_ps,M1_ps,M3_ps,Tau_ps,M0_eff_ps,M1_eff_ps,M3_eff_ps
0,0,0,71.843174449463,-1.0,2.3273627153562e-17,0.0,0.0,6137,0.0,0.0,0.0,0.0,0.0,0.0,0.93911237719156,0.9389088798840165,63.035034346569915,3974,1.1612733877992933,0.9389088798840165,63.035034346569915,3974
1,19386717,4187842,71.843174449463,-0.38743485054721,0.0027598533682835,1.1663176045614e-05,1.1547963007275e-05,10056,-1.2253020312482e-05,-9.3327915938591e-06,1.2598253197978e-05,9.5957460727964e-06,-5.9003231099081e-08,-4.4941152888735e-08,0.93911237719156,0.9389088798840165,63.035034346569915,3974,1.1612733877992933,0.9389088798840165,63.035034346569915,3974
