time,NumDofs,NumElems,area,gradPx_avg,gradPy_avg,integral_in,integral_out,mem,product_avg,product_int,velx_avg,velx_int,vely_avg,vely_int,vol,M0_ps,M1_ps,M3_ps,Tau_ps,M0_eff_ps,M1_eff_ps,M3_eff_ps
0,0,0,136.54951935972,-1.0,5.8335338979024e-18,0.0,0.0,5685,0.0,0.0,0.0,0.0,0.0,0.0,0.73158383417749,0.7310703571471601,135.73729047302172,5184,1.684134631386013,0.7310703571471601,135.73729047302172,5184
1,17082702,3618566,136.54951935972,-0.65597277701995,-0.0004427718157782,3.6891698835132e-06,3.6890711271122e-06,9867,-4.9856678527005e-06,-2.9585010099489e-06,5.0317929019812e-06,2.9858716669828e-06,-9.167204368905301e-10,-5.439829564483401e-10,0.73158383417749,0.7310703571471601,135.73729047302172,5184,1.684134631386013,0.7310703571471601,135.73729047302172,5184
