time,NumDofs,NumElems,area,gradPx_avg,gradPy_avg,integral_in,integral_out,mem,product_avg,product_int,velx_avg,velx_int,vely_avg,vely_int,vol,M0_ps,M1_ps,M3_ps,Tau_ps,M0_eff_ps,M1_eff_ps,M3_eff_ps
0,0,0,33.109386077391,-1.0,-1.8480210556830002e-17,0.0,0.0,4626,0.0,0.0,0.0,0.0,0.0,0.0,0.96089886926866,0.9608907193143803,30.502845874018586,1565,1.0783634532644626,0.9608907193143803,30.502845874018586,1565
1,14472432,3159466,33.109386077391,-0.39739975851358,-0.074555147886754,4.4184536459499e-05,4.4188302988152e-05,8067,-4.615029235224e-05,-3.5955697868599e-05,4.7158926325893e-05,3.6741524708869e-05,2.3207238363229e-06,1.8080761971865e-06,0.96089886926866,0.9608907193143803,30.502845874018586,1565,1.0783634532644626,0.9608907193143803,30.502845874018586,1565
