time,NumDofs,NumElems,area,gradPx_avg,gradPy_avg,integral_in,integral_out,mem,product_avg,product_int,velx_avg,velx_int,vely_avg,vely_int,vol,M0_ps,M1_ps,M3_ps,Tau_ps,M0_eff_ps,M1_eff_ps,M3_eff_ps
0,0,0,74.479403330089,-1.0,-6.7361275377484e-17,0.0,0.0,6236,0.0,0.0,0.0,0.0,0.0,0.0,0.93687815367691,0.9367572820992687,65.50905647007072,5280,1.17655731778254,0.9367572820992687,65.50905647007072,5280
1,19747230,4263590,74.479403330089,-0.38918025047551,-0.1667994712743,1.1203944148744e-05,1.12087906537e-05,10759,-1.1835097666596e-05,-8.9901050793286e-06,1.2169224739933e-05,9.2439126594407e-06,1.7902391843314e-06,1.3598906268173e-06,0.93687815367691,0.9367572820992687,65.50905647007072,5280,1.17655731778254,0.9367572820992687,65.50905647007072,5280
