time,NumDofs,NumElems,area,gradPx_avg,gradPy_avg,integral_in,integral_out,mem,product_avg,product_int,velx_avg,velx_int,vely_avg,vely_int,vol,M0_ps,M1_ps,M3_ps,Tau_ps,M0_eff_ps,M1_eff_ps,M3_eff_ps
0,0,0,104.64201031864,-1.0,1.4306587639051e-17,0.0,0.0,7155,0.0,0.0,0.0,0.0,0.0,0.0,0.87642111768872,0.8762766012987899,95.87490155794256,4422,1.2592196683645507,0.8762766012987899,95.87490155794256,4422
1,22923966,4918118,104.64201031864,-0.37249005672286,1.7739490809086e-05,5.2712709978299e-06,5.3465063869741e-06,11752,-5.9178501621744e-06,-4.1927139351663e-06,6.0691510152116e-06,4.2999084699294e-06,1.0386815666842e-08,7.358913388299e-09,0.87642111768872,0.8762766012987899,95.87490155794256,4422,1.2592196683645507,0.8762766012987899,95.87490155794256,4422
