time,NumDofs,NumElems,area,gradPx_avg,gradPy_avg,integral_in,integral_out,mem,product_avg,product_int,velx_avg,velx_int,vely_avg,vely_int,vol,M0_ps,M1_ps,M3_ps,Tau_ps,M0_eff_ps,M1_eff_ps,M3_eff_ps
0,0,0,58.139904893621,-1.0,-9.945807597953301e-18,0.0,0.0,4516,0.0,0.0,0.0,0.0,0.0,0.0,0.90580067826274,0.9055676483226975,57.68026010768345,2401,1.1548451858990894,0.9055676483226975,57.68026010768345,2401
1,13956669,3020915,58.139904893621,-0.48070124766866,0.0036953437685112,1.552985444116e-05,1.5386396600699e-05,7557,-1.7168930151397e-05,-1.2581919970171e-05,1.7297015440647e-05,1.2675784808835e-05,-6.2445096245676e-08,-4.5761686754186e-08,0.90580067826274,0.9055676483226975,57.68026010768345,2401,1.1548451858990894,0.9055676483226975,57.68026010768345,2401
