time,NumDofs,NumElems,area,gradPx_avg,gradPy_avg,integral_in,integral_out,mem,product_avg,product_int,velx_avg,velx_int,vely_avg,vely_int,vol,M0_ps,M1_ps,M3_ps,Tau_ps,M0_eff_ps,M1_eff_ps,M3_eff_ps
0,0,0,70.710678118616,-1.0,1.8885973968753e-17,0.0,0.0,6028,0.0,0.0,0.0,0.0,0.0,0.0,0.87499999999985,0.8750005020060161,64.94035527180185,2500,1.196227884124047,0.8750005020060161,64.94035527180185,2500
1,18804588,4059130,70.710678118616,-0.35010783096022,0.0005560489099006,1.0538050103945e-05,1.0538126555553e-05,9950,-1.193473635884e-05,-8.4587388451865e-06,1.2170603061532e-05,8.6259092610514e-06,8.012310358028401e-10,5.6787212408714e-10,0.87499999999985,0.8750005020060161,64.94035527180185,2500,1.196227884124047,0.8750005020060161,64.94035527180185,2500
