time,NumDofs,NumElems,area,gradPx_avg,gradPy_avg,integral_in,integral_out,mem,product_avg,product_int,velx_avg,velx_int,vely_avg,vely_int,vol,M0_ps,M1_ps,M3_ps,Tau_ps,M0_eff_ps,M1_eff_ps,M3_eff_ps
0,0,0,77.280781546367,-1.0,-3.8639980556354e-17,0.0,0.0,6245,0.0,0.0,0.0,0.0,0.0,0.0,0.90873385766817,0.9084983594443395,70.8338386093411,3295,1.1862205006998603,0.9084983594443395,70.8338386093411,3295
1,19756497,4259932,77.280781546367,-0.38710412778319,-0.0003178954815578,9.9732102904936e-06,1.0001936466816e-05,10397,-1.0885501149467e-05,-8.0286884750423e-06,1.1174007510135e-05,8.2414786498874e-06,7.9208704995599e-09,5.8421014171892e-09,0.90873385766817,0.9084983594443395,70.8338386093411,3295,1.1862205006998603,0.9084983594443395,70.8338386093411,3295
