time,NumDofs,NumElems,area,gradPx_avg,gradPy_avg,integral_in,integral_out,mem,product_avg,product_int,velx_avg,velx_int,vely_avg,vely_int,vol,M0_ps,M1_ps,M3_ps,Tau_ps,M0_eff_ps,M1_eff_ps,M3_eff_ps
0,0,0,9.7283807978332,-1.0,-5.2802989802309e-18,0.0,0.0,3873,0.0,0.0,0.0,0.0,0.0,0.0,0.99066439395026,0.9906335717527239,8.687379887905823,496,1.0220758955728466,0.9906335717527239,8.687379887905823,496
1,11734293,2590020,9.7283807978332,-0.42539971589777,0.0098472937982885,0.0002585636703283,0.0002584816661108,7366,-0.0002688361936065,-0.0002157278974451,0.0002710772037556,0.0002175261984891,-9.9400637588943e-07,-7.9764150295762e-07,0.99066439395026,0.9906335717527239,8.687379887905823,496,1.0220758955728466,0.9906335717527239,8.687379887905823,496
