time,NumDofs,NumElems,area,gradPx_avg,gradPy_avg,integral_in,integral_out,mem,product_avg,product_int,velx_avg,velx_int,vely_avg,vely_int,vol,M0_ps,M1_ps,M3_ps,Tau_ps,M0_eff_ps,M1_eff_ps,M3_eff_ps
0,0,0,3.2467707033297,-1.0,-2.8648860181445e-17,0.0,0.0,3663,0.0,0.0,0.0,0.0,0.0,0.0,0.99515999999935,0.9950803410428071,2.9524843569622106,121,1.0036493220413454,0.9950803410428071,2.9524843569622106,121
1,10936272,2423544,3.2467707033297,-0.35672337518657,0.0004625206876668,0.0010206249463415,0.0010205893618813,6928,-0.0010695736766375,-0.0008628945588129,0.001101851010365,0.0008889347804964,1.9836819893529e-08,1.6003651103392e-08,0.99515999999935,0.9950803410428071,2.9524843569622106,121,1.0036493220413454,0.9950803410428071,2.9524843569622106,121
