time,NumDofs,NumElems,area,gradPx_avg,gradPy_avg,integral_in,integral_out,mem,product_avg,product_int,velx_avg,velx_int,vely_avg,vely_int,vol,M0_ps,M1_ps,M3_ps,Tau_ps,M0_eff_ps,M1_eff_ps,M3_eff_ps
0,0,0,48.722547407158,-1.0,9.2482053552506e-17,0.0,0.0,4188,0.0,0.0,0.0,0.0,0.0,0.0,0.89621076911754,0.8959190926944068,48.49760527663554,1764,1.137078265419315,0.8959190926944068,48.49760527663554,1764
1,12709692,2761890,48.722547407158,-0.50236017661413,0.0005713506421384,2.1475382718203e-05,2.1116027603163e-05,6898,-2.4004640313467e-05,-1.7404291069893e-05,2.4077079136995e-05,1.7456812013884e-05,-8.170005183167e-09,-5.9235692096831e-09,0.89621076911754,0.8959190926944068,48.49760527663554,1764,1.137078265419315,0.8959190926944068,48.49760527663554,1764
