time,NumDofs,NumElems,area,gradPx_avg,gradPy_avg,integral_in,integral_out,mem,product_avg,product_int,velx_avg,velx_int,vely_avg,vely_int,vol,M0_ps,M1_ps,M3_ps,Tau_ps,M0_eff_ps,M1_eff_ps,M3_eff_ps
0,0,0,102.77584971772,-1.0,1.3110087840847e-17,0.0,0.0,4875,0.0,0.0,0.0,0.0,0.0,0.0,0.7810659137688,0.7806213629664138,102.26442311352231,3721,1.2985366693751268,0.7806213629664138,102.26442311352231,3721
1,15110418,3227542,102.77584971772,-0.49845592416166,-0.067384028790529,4.4851563834791e-06,4.4847631392001e-06,8238,-5.7010497659568e-06,-3.6031590962377e-06,5.7629373178034e-06,3.6422730672666e-06,3.2226821349926e-07,2.0367891749201e-07,0.7810659137688,0.7806213629664138,102.26442311352231,3721,1.2985366693751268,0.7806213629664138,102.26442311352231,3721
