time,NumDofs,NumElems,area,gradPx_avg,gradPy_avg,integral_in,integral_out,mem,product_avg,product_int,velx_avg,velx_int,vely_avg,vely_int,vol,M0_ps,M1_ps,M3_ps,Tau_ps,M0_eff_ps,M1_eff_ps,M3_eff_ps
0,0,0,188.27199999976,-1.0,2.2168245905427e-17,0.0,0.0,9400,0.0,0.0,0.0,0.0,0.0,0.0,0.67724800000029,0.6759531086220537,171.02456235715695,6724,1.652971421960558,0.6759531086220537,171.02456235715695,6724
1,31316130,6648502,188.27199999976,-0.62592622882156,0.0004485989946097,1.8248450572896e-06,1.8247349170398e-06,15496,-2.6330112025785e-06,-1.4408884892864e-06,2.6608596216959e-06,1.4561282522284e-06,-8.1410602068361e-11,-4.4551120523642e-11,0.67724800000029,0.6759531086220537,171.02456235715695,6724,1.652971421960558,0.6759531086220537,171.02456235715695,6724
