time,NumDofs,NumElems,area,gradPx_avg,gradPy_avg,integral_in,integral_out,mem,product_avg,product_int,velx_avg,velx_int,vely_avg,vely_int,vol,M0_ps,M1_ps,M3_ps,Tau_ps,M0_eff_ps,M1_eff_ps,M3_eff_ps
0,0,0,66.713215546618,-1.0,4.1598730648687e-17,0.0,0.0,5993,0.0,0.0,0.0,0.0,0.0,0.0,0.94346005538212,0.9433375769575223,58.386155432369684,2809,1.051057681275568,0.9433375769575223,58.386155432369684,2809
1,18836349,4074034,66.713215546618,-0.22792325103215,0.0005852744974763,7.9741467394595e-06,7.9725879584877e-06,9917,-8.2211280215289e-06,-6.2912092453531e-06,8.5502555567711e-06,6.543073732464e-06,8.613979898676e-10,6.5918387155535e-10,0.94346005538212,0.9433375769575223,58.386155432369684,2809,1.051057681275568,0.9433375769575223,58.386155432369684,2809
