time,NumDofs,NumElems,area,gradPx_avg,gradPy_avg,integral_in,integral_out,mem,product_avg,product_int,velx_avg,velx_int,vely_avg,vely_int,vol,M0_ps,M1_ps,M3_ps,Tau_ps,M0_eff_ps,M1_eff_ps,M3_eff_ps
0,0,0,39.923430165125,-1.0,1.1110909721972e-16,0.0,0.0,4820,0.0,0.0,0.0,0.0,0.0,0.0,0.96616459704397,0.9660342729547271,34.97280904082544,1681,1.0308921575361316,0.9660342729547271,34.97280904082544,1681
1,15279315,3327950,39.923430165125,-0.23099725000994,0.0005159647521032,2.2760129415571e-05,2.2762695597577e-05,8056,-2.3383689952473e-05,-1.829639300513e-05,2.3844729767082e-05,1.8657130153811e-05,-9.949580427709e-10,-7.78497466018e-10,0.96616459704397,0.9660342729547271,34.97280904082544,1681,1.0308921575361316,0.9660342729547271,34.97280904082544,1681
