time,NumDofs,NumElems,area,gradPx_avg,gradPy_avg,integral_in,integral_out,mem,product_avg,product_int,velx_avg,velx_int,vely_avg,vely_int,vol,M0_ps,M1_ps,M3_ps,Tau_ps,M0_eff_ps,M1_eff_ps,M3_eff_ps
0,0,0,60.53717710706,-1.0,-1.4469118691680002e-17,0.0,0.0,4560,0.0,0.0,0.0,0.0,0.0,0.0,0.90191657461763,0.9018226834430384,59.99743416261562,2500,1.1597936879640551,0.9018226834430384,59.99743416261562,2500
1,14108427,3051372,60.53717710706,-0.47652888132015,-0.0011552074145039,1.4331211413501e-05,1.4120034382882e-05,7593,-1.5821067785307e-05,-1.155832069174e-05,1.597910178967e-05,1.1673774827162e-05,1.8989326564046002e-10,1.3872940128051e-10,0.90191657461763,0.9018226834430384,59.99743416261562,2500,1.1597936879640551,0.9018226834430384,59.99743416261562,2500
