time,NumDofs,NumElems,area,gradPx_avg,gradPy_avg,integral_in,integral_out,mem,product_avg,product_int,velx_avg,velx_int,vely_avg,vely_int,vol,M0_ps,M1_ps,M3_ps,Tau_ps,M0_eff_ps,M1_eff_ps,M3_eff_ps
0,0,0,20.651007557486,-1.0,1.3530579633873e-17,0.0,0.0,3821,0.0,0.0,0.0,0.0,0.0,0.0,0.9594061971432,0.9593324926405918,20.521353078949428,784,1.0554957467507116,0.9593324926405918,20.521353078949428,784
1,11481192,2523386,20.651007557486,-0.50314755522368,-0.087025680231573,8.7006774624443e-05,8.7005725246437e-05,7010,-9.3153978416443e-05,-7.2198438225042e-05,9.2793983120653e-05,7.1919426007139e-05,4.1352533630908e-06,3.2050035817612e-06,0.9594061971432,0.9593324926405918,20.521353078949428,784,1.0554957467507116,0.9593324926405918,20.521353078949428,784
