time,NumDofs,NumElems,area,gradPx_avg,gradPy_avg,integral_in,integral_out,mem,product_avg,product_int,velx_avg,velx_int,vely_avg,vely_int,vol,M0_ps,M1_ps,M3_ps,Tau_ps,M0_eff_ps,M1_eff_ps,M3_eff_ps
0,0,0,6.456619513013,-1.0,-3.9148116291465996e-19,0.0,0.0,3743,0.0,0.0,0.0,0.0,0.0,0.0,0.99273556668561,0.992724928815547,5.900431226799422,299,1.0143849013359092,0.992724928815547,5.900431226799422,299
1,11270793,2492620,6.456619513013,-0.41508940531455,0.0043109709594905,0.0004468984437948,0.0004469378987052,7002,-0.0004631370921622,-0.0003725699652268,0.0004765470776584,0.0003833576087011,-5.1898272818586e-07,-4.1749490650984e-07,0.99273556668561,0.992724928815547,5.900431226799422,299,1.0143849013359092,0.992724928815547,5.900431226799422,299
