time,NumDofs,NumElems,area,gradPx_avg,gradPy_avg,integral_in,integral_out,mem,product_avg,product_int,velx_avg,velx_int,vely_avg,vely_int,vol,M0_ps,M1_ps,M3_ps,Tau_ps,M0_eff_ps,M1_eff_ps,M3_eff_ps
0,0,0,6.7431861412199,-1.0,-1.2334043690796e-17,0.0,0.0,3615,0.0,0.0,0.0,0.0,0.0,0.0,0.98674488069888,0.9867108967433865,6.712788209845507,256,1.0242654708135202,0.9867108967433865,6.712788209845507,256
1,10761840,2381482,6.7431861412199,-0.60595056388721,-0.0001204702724854,0.0004485713933023,0.0004485454816718,6371,-0.0004684985506539,-0.0003747303317428,0.0004805854330759,0.0003843980702094,6.5968159589346e-10,5.276488111409e-10,0.98674488069888,0.9867108967433865,6.712788209845507,256,1.0242654708135202,0.9867108967433865,6.712788209845507,256
