time,NumDofs,NumElems,area,gradPx_avg,gradPy_avg,integral_in,integral_out,mem,product_avg,product_int,velx_avg,velx_int,vely_avg,vely_int,vol,M0_ps,M1_ps,M3_ps,Tau_ps,M0_eff_ps,M1_eff_ps,M3_eff_ps
0,0,0,96.146931703138,-1.0,5.4332832362778e-17,0.0,0.0,4804,0.0,0.0,0.0,0.0,0.0,0.0,0.79518689756226,0.7946755233914723,95.74063609782283,3481,1.2792686007742204,0.7946755233914723,95.74063609782283,3481
1,14875941,3183756,96.146931703138,-0.49174690210326,-0.0007300062646805,5.138380089089e-06,5.1252818374682e-06,8047,-6.448528996649e-06,-4.1575295435526e-06,6.5273598033656e-06,4.2083537560259e-06,2.0758924551253e-09,1.3383803059436e-09,0.79518689756226,0.7946755233914723,95.74063609782283,3481,1.2792686007742204,0.7946755233914723,95.74063609782283,3481
