time,NumDofs,NumElems,area,gradPx_avg,gradPy_avg,integral_in,integral_out,mem,product_avg,product_int,velx_avg,velx_int,vely_avg,vely_int,vol,M0_ps,M1_ps,M3_ps,Tau_ps,M0_eff_ps,M1_eff_ps,M3_eff_ps
0,0,0,76.809104639833,-1.0,-3.0899672350761e-17,0.0,0.0,4632,0.0,0.0,0.0,0.0,0.0,0.0,0.8490159067249,0.8487004068256754,76.36349234378743,2916,1.3145683565424802,0.8487004068256754,76.36349234378743,2916
1,14334048,3084866,76.809104639833,-0.62974922092052,-3.2864439974706e-06,1.1915268118064e-05,1.1913373971577e-05,7741,-1.4075119931405e-05,-9.7185511559772e-06,1.4216167453428e-05,9.8159412716483e-06,-6.924309659464901e-10,-4.781078809509e-10,0.8490159067249,0.8487004068256754,76.36349234378743,2916,1.3145683565424802,0.8487004068256754,76.36349234378743,2916
