time,NumDofs,NumElems,area,gradPx_avg,gradPy_avg,integral_in,integral_out,mem,product_avg,product_int,velx_avg,velx_int,vely_avg,vely_int,vol,M0_ps,M1_ps,M3_ps,Tau_ps,M0_eff_ps,M1_eff_ps,M3_eff_ps
0,0,0,87.173535034162,-1.0,-4.5387655399339e-17,0.0,0.0,5309,0.0,0.0,0.0,0.0,0.0,0.0,0.85875986744954,0.8584814920422006,86.38996332008232,3600,1.0920666990787005,0.8584814920422006,86.38996332008232,3600
1,15948738,3424030,87.173535034162,-0.29941327248376,-0.0005612872273592,3.9613017047532e-06,3.9595329784781e-06,8560,-4.5247086127854e-06,-3.1473685670821e-06,4.6218004150663e-06,3.214905222538e-06,-1.2830180212634e-09,-8.924620205848801e-10,0.85875986744954,0.8584814920422006,86.38996332008232,3600,1.0920666990787005,0.8584814920422006,86.38996332008232,3600
