time,NumDofs,NumElems,area,gradPx_avg,gradPy_avg,integral_in,integral_out,mem,product_avg,product_int,velx_avg,velx_int,vely_avg,vely_int,vol,M0_ps,M1_ps,M3_ps,Tau_ps,M0_eff_ps,M1_eff_ps,M3_eff_ps
0,0,0,7.0708458822182,-1.0,3.7697839462835e-18,0.0,0.0,3614,0.0,0.0,0.0,0.0,0.0,0.0,0.98493761728576,0.9848996590375139,7.0392595262227475,256,1.024318524137088,0.9848996590375139,7.0392595262227475,256
1,10743240,2377178,7.0708458822182,-0.5765479689571,-4.7715411087028e-05,0.0004243848711042,0.0004243965743524,6109,-0.0004442476158605,-0.000354717579452,0.0004555419516331,0.0003637357470318,2.3220377602677e-09,1.8540732337366e-09,0.98493761728576,0.9848996590375139,7.0392595262227475,256,1.024318524137088,0.9848996590375139,7.0392595262227475,256
