time,NumDofs,NumElems,area,gradPx_avg,gradPy_avg,integral_in,integral_out,mem,product_avg,product_int,velx_avg,velx_int,vely_avg,vely_int,vol,M0_ps,M1_ps,M3_ps,Tau_ps,M0_eff_ps,M1_eff_ps,M3_eff_ps
0,0,0,151.73466086291,-1.0,-5.1535299960353e-17,0.0,0.0,8397,0.0,0.0,0.0,0.0,0.0,0.0,0.7482474226805,0.747846394191188,145.02733088103292,5476,1.4481291661867863,0.747846394191188,145.02733088103292,5476
1,27568044,5873002,151.73466086291,-0.37844867878595,-0.0006608548434656,1.8013594056758e-06,1.7626502400755e-06,14555,-2.322443675283e-06,-1.4141086151434e-06,2.4058104549677e-06,1.4648696659381e-06,2.059738505093e-09,1.2541505294589e-09,0.7482474226805,0.747846394191188,145.02733088103292,5476,1.4481291661867863,0.747846394191188,145.02733088103292,5476
