time,NumDofs,NumElems,area,gradPx_avg,gradPy_avg,integral_in,integral_out,mem,product_avg,product_int,velx_avg,velx_int,vely_avg,vely_int,vol,M0_ps,M1_ps,M3_ps,Tau_ps,M0_eff_ps,M1_eff_ps,M3_eff_ps
0,0,0,16.770509831247,-1.0,-6.3167789710088005e-18,0.0,0.0,4122,0.0,0.0,0.0,0.0,0.0,0.0,0.97499999999987,0.9749458837514708,16.01548378347447,625,1.042635191755314,0.9749458837514708,16.01548378347447,625
1,12569079,2763878,16.770509831247,-0.4036067017959,0.0016421805902373,0.0001242766208994,0.0001244203721373,7341,-0.0001315706903052,-0.0001037908637625,0.0001305644261272,0.0001029970621342,-4.2823923455129e-07,-3.3782083188874e-07,0.97499999999987,0.9749458837514708,16.01548378347447,625,1.042635191755314,0.9749458837514708,16.01548378347447,625
