time,NumDofs,NumElems,area,gradPx_avg,gradPy_avg,integral_in,integral_out,mem,product_avg,product_int,velx_avg,velx_int,vely_avg,vely_int,vol,M0_ps,M1_ps,M3_ps,Tau_ps,M0_eff_ps,M1_eff_ps,M3_eff_ps
0,0,0,38.361399528484,-1.0,-5.9713307431253e-17,0.0,0.0,4754,0.0,0.0,0.0,0.0,0.0,0.0,0.95683905050707,0.9568134264521027,35.086613518614044,1521,1.11665394085636,0.9568134264521027,35.086613518614044,1521
1,15012801,3271469,38.361399528484,-0.52603545291689,-5.2214206862798e-05,4.214400074103e-05,4.2415142243441e-05,8451,-4.4511663552113e-05,-3.4505858331871e-05,4.5142530100724e-05,3.4994911986925e-05,6.321951981545e-10,4.9008363661962e-10,0.95683905050707,0.9568134264521027,35.086613518614044,1521,1.11665394085636,0.9568134264521027,35.086613518614044,1521
