time,NumDofs,NumElems,area,gradPx_avg,gradPy_avg,integral_in,integral_out,mem,product_avg,product_int,velx_avg,velx_int,vely_avg,vely_int,vol,M0_ps,M1_ps,M3_ps,Tau_ps,M0_eff_ps,M1_eff_ps,M3_eff_ps
0,0,0,38.331999999996,-1.0,7.1466905173348e-17,0.0,0.0,4727,0.0,0.0,0.0,0.0,0.0,0.0,0.93428800000003,0.9340243613479464,34.820438112276605,1369,1.065728022498455,0.9340243613479464,34.820438112276605,1369
1,14848569,3235374,38.331999999996,-0.39521128100449,-0.0006435090540041,3.2336749852134e-05,3.2331130687155e-05,7783,-3.487829813813e-05,-2.6428514743388e-05,3.5427807774919e-05,2.6844897546241e-05,-1.3673845947153e-09,-1.0361154600547e-09,0.93428800000003,0.9340243613479464,34.820438112276605,1369,1.065728022498455,0.9340243613479464,34.820438112276605,1369
