time,NumDofs,NumElems,area,gradPx_avg,gradPy_avg,integral_in,integral_out,mem,product_avg,product_int,velx_avg,velx_int,vely_avg,vely_int,vol,M0_ps,M1_ps,M3_ps,Tau_ps,M0_eff_ps,M1_eff_ps,M3_eff_ps
0,0,0,48.093364714092,-1.0,-1.7449811479915e-17,0.0,0.0,5322,0.0,0.0,0.0,0.0,0.0,0.0,0.95924051696267,0.959108597957438,42.107789534534284,2025,1.1686134158271078,0.959108597957438,42.107789534534284,2025
1,16313967,3544342,48.093364714092,-0.66130724718092,-0.0006193644598483,3.5230803314042e-05,3.5436234877159e-05,8683,-3.7042517365826e-05,-2.8750908552097e-05,3.7170631337829e-05,2.885034545205e-05,-2.1560177968941e-09,-1.673414090706e-09,0.95924051696267,0.959108597957438,42.107789534534284,2025,1.1686134158271078,0.959108597957438,42.107789534534284,2025
