time,NumDofs,NumElems,area,gradPx_avg,gradPy_avg,integral_in,integral_out,mem,product_avg,product_int,velx_avg,velx_int,vely_avg,vely_int,vol,M0_ps,M1_ps,M3_ps,Tau_ps,M0_eff_ps,M1_eff_ps,M3_eff_ps
0,0,0,92.91533417102,-1.0,2.1528034171419e-18,0.0,0.0,4734,0.0,0.0,0.0,0.0,0.0,0.0,0.80207087716157,0.8016513989903655,92.46605510936837,3364,1.2682625260962868,0.8016513989903655,92.46605510936837,3364
1,14603925,3127364,92.91533417102,-0.49926141524287,-0.059870645455158,5.6758138260179e-06,5.6755114455953e-06,7885,-7.0850982780037e-06,-4.6117571142239e-06,7.1762080365931e-06,4.6710613131021e-06,3.1586538451454e-07,2.0559974992788e-07,0.80207087716157,0.8016513989903655,92.46605510936837,3364,1.2682625260962868,0.8016513989903655,92.46605510936837,3364
