time,NumDofs,NumElems,area,gradPx_avg,gradPy_avg,integral_in,integral_out,mem,product_avg,product_int,velx_avg,velx_int,vely_avg,vely_int,vol,M0_ps,M1_ps,M3_ps,Tau_ps,M0_eff_ps,M1_eff_ps,M3_eff_ps
0,0,0,34.77532918608,-1.0,-4.2394228178456e-17,0.0,0.0,4669,0.0,0.0,0.0,0.0,0.0,0.0,0.94816000000002,0.9481508106393147,31.900427425179085,1296,1.0925447844233933,0.9481508106393147,31.900427425179085,1296
1,14663790,3199398,34.77532918608,-0.38803609438669,-0.07645284500256,4.0201564379282e-05,4.0201393253055e-05,8298,-4.265348928521e-05,-3.2803410616015e-05,4.3489786025989e-05,3.3446579225297e-05,2.8454560915467e-06,2.1883476856186e-06,0.94816000000002,0.9481508106393147,31.900427425179085,1296,1.0925447844233933,0.9481508106393147,31.900427425179085,1296
