time,NumDofs,NumElems,area,gradPx_avg,gradPy_avg,integral_in,integral_out,mem,product_avg,product_int,velx_avg,velx_int,vely_avg,vely_int,vol,M0_ps,M1_ps,M3_ps,Tau_ps,M0_eff_ps,M1_eff_ps,M3_eff_ps
0,0,0,24.796027743051,-1.0,-2.2895149579807e-17,0.0,0.0,3941,0.0,0.0,0.0,0.0,0.0,0.0,0.95982502896252,0.9597692378745467,24.5522178440634,1024,1.0640395164328278,0.9597692378745467,24.5522178440634,1024
1,11891466,2607422,24.796027743051,-0.49346831817812,-0.12117395608382,6.4269061026447e-05,6.4269158979967e-05,6880,-6.8059867101458e-05,-5.301500947841e-05,6.8852839848639e-05,5.3632692989976e-05,5.0380938436407e-06,3.9244066180084e-06,0.95982502896252,0.9597692378745467,24.5522178440634,1024,1.0640395164328278,0.9597692378745467,24.5522178440634,1024
