time,NumDofs,NumElems,area,gradPx_avg,gradPy_avg,integral_in,integral_out,mem,product_avg,product_int,velx_avg,velx_int,vely_avg,vely_int,vol,M0_ps,M1_ps,M3_ps,Tau_ps,M0_eff_ps,M1_eff_ps,M3_eff_ps
0,0,0,54.207999999995,-1.0,3.7834120305849005e-18,0.0,0.0,5448,0.0,0.0,0.0,0.0,0.0,0.0,0.90707200000014,0.9066991698828519,49.24205126761687,1936,1.1573417793481435,0.9066991698828519,49.24205126761687,1936
1,16645950,3608710,54.207999999995,-0.50711312989193,0.0008708210641594,2.2515334762889e-05,2.2514248966823e-05,9155,-2.490959940235e-05,-1.8262836425399e-05,2.4996041860986e-05,1.8326212975812e-05,1.1531312804617e-09,8.454350313677501e-10,0.90707200000014,0.9066991698828519,49.24205126761687,1936,1.1573417793481435,0.9066991698828519,49.24205126761687,1936
