time,NumDofs,NumElems,area,gradPx_avg,gradPy_avg,integral_in,integral_out,mem,product_avg,product_int,velx_avg,velx_int,vely_avg,vely_int,vol,M0_ps,M1_ps,M3_ps,Tau_ps,M0_eff_ps,M1_eff_ps,M3_eff_ps
0,0,0,142.99207502507,-1.0,-7.74208767643e-17,0.0,0.0,8322,0.0,0.0,0.0,0.0,0.0,0.0,0.7868399999999,0.786595234557291,129.45248180495554,5329,1.1195543856936265,0.786595234557291,129.45248180495554,5329
1,27339591,5836102,142.99207502507,-0.305035315174,-5.8729288112509e-05,1.1453317765251e-06,1.1442395586895e-06,14820,-1.3956227660787e-06,-8.9221170362853e-07,1.446586584531e-06,9.2479251012578e-07,-3.0122779770421e-10,-1.9257278764883e-10,0.7868399999999,0.786595234557291,129.45248180495554,5329,1.1195543856936265,0.786595234557291,129.45248180495554,5329
