time,NumDofs,NumElems,area,gradPx_avg,gradPy_avg,integral_in,integral_out,mem,product_avg,product_int,velx_avg,velx_int,vely_avg,vely_int,vol,M0_ps,M1_ps,M3_ps,Tau_ps,M0_eff_ps,M1_eff_ps,M3_eff_ps
0,0,0,123.98838736436,-1.0,6.5896636417701e-17,0.0,0.0,5343,0.0,0.0,0.0,0.0,0.0,0.0,0.73587876562979,0.7353464443917896,123.37628822695622,4489,1.2338170949324763,0.7353464443917896,123.37628822695622,4489
1,15787137,3351300,123.98838736436,-0.38433943762139,-0.0002073685956847,1.7207256944761e-06,1.7221691713506e-06,9362,-2.2871802962429e-06,-1.3588268722897e-06,2.330714432193e-06,1.3846907510088e-06,6.2408025786176e-10,3.7076964428254e-10,0.73587876562979,0.7353464443917896,123.37628822695622,4489,1.2338170949324763,0.7353464443917896,123.37628822695622,4489
