time,NumDofs,NumElems,area,gradPx_avg,gradPy_avg,integral_in,integral_out,mem,product_avg,product_int,velx_avg,velx_int,vely_avg,vely_int,vol,M0_ps,M1_ps,M3_ps,Tau_ps,M0_eff_ps,M1_eff_ps,M3_eff_ps
0,0,0,21.793383758541,-1.0,1.6138980944165e-17,0.0,0.0,3901,0.0,0.0,0.0,0.0,0.0,0.0,0.96468996686152,0.964618615989494,21.61315277334393,900,1.0562323333716879,0.964618615989494,21.61315277334393,900
1,11730339,2575708,21.793383758541,-0.4920434392182,0.0009716974381094,7.7675201188362e-05,7.7760389804521e-05,6748,-8.224499830081e-05,-6.4265588990087e-05,8.2823967265598e-05,6.4717990744574e-05,-1.7473135825151e-07,-1.3653369669971e-07,0.96468996686152,0.964618615989494,21.61315277334393,900,1.0562323333716879,0.964618615989494,21.61315277334393,900
