time,NumDofs,NumElems,area,gradPx_avg,gradPy_avg,integral_in,integral_out,mem,product_avg,product_int,velx_avg,velx_int,vely_avg,vely_int,vol,M0_ps,M1_ps,M3_ps,Tau_ps,M0_eff_ps,M1_eff_ps,M3_eff_ps
0,0,0,30.77975341702,-1.0,3.8014183866515e-18,0.0,0.0,4519,0.0,0.0,0.0,0.0,0.0,0.0,0.97391393085561,0.9738615507568242,26.93290621384743,1296,1.1042108709808798,0.9738615507568242,26.93290621384743,1296
1,14145147,3091056,30.77975341702,-0.6499826570774,-0.0008395297725046,6.5962878095969e-05,6.620780815353e-05,8004,-6.8408531480336e-05,-5.4001361084799e-05,6.9567563035753e-05,5.4916294941415e-05,-2.2652026313155e-09,-1.7881399085298e-09,0.97391393085561,0.9738615507568242,26.93290621384743,1296,1.1042108709808798,0.9738615507568242,26.93290621384743,1296
