time,NumDofs,NumElems,area,gradPx_avg,gradPy_avg,integral_in,integral_out,mem,product_avg,product_int,velx_avg,velx_int,vely_avg,vely_int,vol,M0_ps,M1_ps,M3_ps,Tau_ps,M0_eff_ps,M1_eff_ps,M3_eff_ps
0,0,0,106.17317020019,-1.0,9.320858954729699e-17,0.0,0.0,4878,0.0,0.0,0.0,0.0,0.0,0.0,0.77382890957475,0.7733985004076289,105.63410992580809,3844,1.4343996161430037,0.7733985004076289,105.63410992580809,3844
1,15102165,3221444,106.17317020019,-0.60312130248619,-0.0005801980410302,5.5387698461786e-06,5.5356732187893e-06,8154,-7.1461366875392e-06,-4.4697218478343e-06,7.1887001028066e-06,4.4963441523686e-06,4.7230848568298e-11,2.9541662155104e-11,0.77382890957475,0.7733985004076289,105.63410992580809,3844,1.4343996161430037,0.7733985004076289,105.63410992580809,3844
