time,NumDofs,NumElems,area,gradPx_avg,gradPy_avg,integral_in,integral_out,mem,product_avg,product_int,velx_avg,velx_int,vely_avg,vely_int,vol,M0_ps,M1_ps,M3_ps,Tau_ps,M0_eff_ps,M1_eff_ps,M3_eff_ps
0,0,0,50.995345192974,-1.0,3.4733439309226e-17,0.0,0.0,4262,0.0,0.0,0.0,0.0,0.0,0.0,0.8997581602943,0.8994532150473291,50.73158690953507,1936,1.1391406568080908,0.8994532150473291,50.73158690953507,1936
1,12998556,2821410,50.995345192974,-0.4947780974848,0.0001609848220409,1.9670503703737e-05,1.9424845375472e-05,7515,-2.1878384248649e-05,-1.5909080820598e-05,2.1897844401899e-05,1.5923231461126e-05,5.2634139704427e-09,3.8273428831111e-09,0.8997581602943,0.8994532150473291,50.73158690953507,1936,1.1391406568080908,0.8994532150473291,50.73158690953507,1936
