time,NumDofs,NumElems,area,gradPx_avg,gradPy_avg,integral_in,integral_out,mem,product_avg,product_int,velx_avg,velx_int,vely_avg,vely_int,vol,M0_ps,M1_ps,M3_ps,Tau_ps,M0_eff_ps,M1_eff_ps,M3_eff_ps
0,0,0,97.279220676072,-1.0,-3.6478654674241e-17,0.0,0.0,7014,0.0,0.0,0.0,0.0,0.0,0.0,0.91755513949641,0.9173276412544528,85.16058940523662,4096,1.3835561426846141,0.9173276412544528,85.16058940523662,4096
1,22426773,4821284,97.279220676072,-0.66689593061269,-0.0002115631194335,1.2455061283998e-05,1.2554947132433e-05,11750,-1.3557255179644e-05,-1.006356604468e-05,1.3682711024803e-05,1.0156692062205e-05,-8.900969556746501e-10,-6.607199894747301e-10,0.91755513949641,0.9173276412544528,85.16058940523662,4096,1.3835561426846141,0.9173276412544528,85.16058940523662,4096
