time,NumDofs,NumElems,area,gradPx_avg,gradPy_avg,integral_in,integral_out,mem,product_avg,product_int,velx_avg,velx_int,vely_avg,vely_int,vol,M0_ps,M1_ps,M3_ps,Tau_ps,M0_eff_ps,M1_eff_ps,M3_eff_ps
0,0,0,38.331999999997,-1.0,7.725702860258799e-17,0.0,0.0,4738,0.0,0.0,0.0,0.0,0.0,0.0,0.93428800000003,0.9340243613479464,34.820438112276605,1369,1.1095811747003779,0.9340243613479464,34.820438112276605,1369
1,14857776,3237420,38.331999999997,-0.49133697659567,0.001035409510344,3.9369817251058e-05,3.9367227763846e-05,8210,-4.2520218802536e-05,-3.2218383353681e-05,4.3133724547594e-05,3.2683248395317e-05,1.798408671254e-09,1.3626886603319e-09,0.93428800000003,0.9340243613479464,34.820438112276605,1369,1.1095811747003779,0.9340243613479464,34.820438112276605,1369
