time,NumDofs,NumElems,area,gradPx_avg,gradPy_avg,integral_in,integral_out,mem,product_avg,product_int,velx_avg,velx_int,vely_avg,vely_int,vol,M0_ps,M1_ps,M3_ps,Tau_ps,M0_eff_ps,M1_eff_ps,M3_eff_ps
0,0,0,7.1679999999999,-1.0,1.2714604309055e-17,0.0,0.0,3774,0.0,0.0,0.0,0.0,0.0,0.0,0.98771199999953,0.9877329809920442,6.577813201223838,256,1.0186476251846548,0.9877329809920442,6.577813201223838,256
1,11368971,2513328,7.1679999999999,-0.41121002542934,-0.031924612973279,0.0004093509559546,0.0004093498437561,6905,-0.0004260321661727,-0.0003410779921629,0.0004382362915722,0.0003508485187049,7.4539948373505e-06,5.9676094778376e-06,0.98771199999953,0.9877329809920442,6.577813201223838,256,1.0186476251846548,0.9877329809920442,6.577813201223838,256
