time,NumDofs,NumElems,area,gradPx_avg,gradPy_avg,integral_in,integral_out,mem,product_avg,product_int,velx_avg,velx_int,vely_avg,vely_int,vol,M0_ps,M1_ps,M3_ps,Tau_ps,M0_eff_ps,M1_eff_ps,M3_eff_ps
0,0,0,112.2602725811,-1.0,3.1340236574892e-17,0.0,0.0,7223,0.0,0.0,0.0,0.0,0.0,0.0,0.80154999999984,0.8011062204569459,107.39494435958663,3969,1.3100252940605877,0.8011062204569459,107.39494435958663,3969
1,23275827,4983206,112.2602725811,-0.39963855525555,0.0001207129712461,4.0152650357538e-06,3.9751206048674e-06,12279,-4.8987737971683e-06,-3.1723265913732e-06,4.9979660585747e-06,3.2365610838292e-06,4.1243736280065e-10,2.6708439039268004e-10,0.80154999999984,0.8011062204569459,107.39494435958663,3969,1.3100252940605877,0.8011062204569459,107.39494435958663,3969
