time,NumDofs,NumElems,area,gradPx_avg,gradPy_avg,integral_in,integral_out,mem,product_avg,product_int,velx_avg,velx_int,vely_avg,vely_int,vol,M0_ps,M1_ps,M3_ps,Tau_ps,M0_eff_ps,M1_eff_ps,M3_eff_ps
0,0,0,18.61985083252,-1.0,-1.8803706442576998e-17,0.0,0.0,4151,0.0,0.0,0.0,0.0,0.0,0.0,0.98421953841841,0.9841607061819029,16.308053155060108,784,1.0144606215994412,0.9841607061819029,16.308053155060108,784
1,12673338,2784126,18.61985083252,-0.22600470822279,0.0004098094950398,8.1969304225128e-05,8.1977763289478e-05,7112,-8.4664922200255e-05,-6.7431266438597e-05,8.5005276397814e-05,6.7702341093633e-05,-6.3132589928513e-10,-5.0281868592037e-10,0.98421953841841,0.9841607061819029,16.308053155060108,784,1.0144606215994412,0.9841607061819029,16.308053155060108,784
