time,NumDofs,NumElems,area,gradPx_avg,gradPy_avg,integral_in,integral_out,mem,product_avg,product_int,velx_avg,velx_int,vely_avg,vely_int,vol,M0_ps,M1_ps,M3_ps,Tau_ps,M0_eff_ps,M1_eff_ps,M3_eff_ps
0,0,0,143.18462911491,-1.0,-3.8632833391374e-18,0.0,0.0,5616,0.0,0.0,0.0,0.0,0.0,0.0,0.69498675006114,0.6945624716366601,142.4563158275875,5184,1.4387595860413123,0.6945624716366601,142.4563158275875,5184
1,16791597,3550420,143.18462911491,-0.4735019408553,-0.0020480415775443,1.7204317367828e-06,1.6881272358519e-06,9824,-2.3962159663875e-06,-1.3505892033098e-06,2.4459577483352e-06,1.3786253714158e-06,3.7303138939169e-09,2.1025323847066e-09,0.69498675006114,0.6945624716366601,142.4563158275875,5184,1.4387595860413123,0.6945624716366601,142.4563158275875,5184
