time,NumDofs,NumElems,area,gradPx_avg,gradPy_avg,integral_in,integral_out,mem,product_avg,product_int,velx_avg,velx_int,vely_avg,vely_int,vol,M0_ps,M1_ps,M3_ps,Tau_ps,M0_eff_ps,M1_eff_ps,M3_eff_ps
0,0,0,166.81624523621,-1.0,6.4199648026075e-18,0.0,0.0,6628,0.0,0.0,0.0,0.0,0.0,0.0,0.72972131301709,0.729191850635138,165.3139355005287,6889,2.24814895832355,0.729191850635138,165.3139355005287,6889
1,20613330,4352069,166.81624523621,-0.76300097675353,-4.1906451299176e-05,3.4013240059501e-06,3.4001159161741e-06,11040,-4.6210219158229e-06,-2.7247748516835e-06,4.6410041170381e-06,2.7365573102704e-06,-1.0480135773941001e-10,-6.1795877447116e-11,0.72972131301709,0.729191850635138,165.3139355005287,6889,2.24814895832355,0.729191850635138,165.3139355005287,6889
