time,NumDofs,NumElems,area,gradPx_avg,gradPy_avg,integral_in,integral_out,mem,product_avg,product_int,velx_avg,velx_int,vely_avg,vely_int,vol,M0_ps,M1_ps,M3_ps,Tau_ps,M0_eff_ps,M1_eff_ps,M3_eff_ps
0,0,0,105.94206688839,-1.0,3.6108851906762e-17,0.0,0.0,7275,0.0,0.0,0.0,0.0,0.0,0.0,0.89833525012329,0.8982735009096349,94.73981052551275,4356,1.4126600363236739,0.8982735009096349,94.73981052551275,4356
1,23398857,5021268,105.94206688839,-0.60679939074873,0.0001772374211602,9.7710569319266e-06,9.867846055475e-06,12790,-1.0835031938362e-05,-7.8707615359286e-06,1.099116006894e-05,7.9841758102769e-06,2.7494662073825e-10,1.9972615671563003e-10,0.89833525012329,0.8982735009096349,94.73981052551275,4356,1.4126600363236739,0.8982735009096349,94.73981052551275,4356
