time,NumDofs,NumElems,area,gradPx_avg,gradPy_avg,integral_in,integral_out,mem,product_avg,product_int,velx_avg,velx_int,vely_avg,vely_int,vol,M0_ps,M1_ps,M3_ps,Tau_ps,M0_eff_ps,M1_eff_ps,M3_eff_ps
0,0,0,16.770509831249,-1.0,5.5407864741148e-18,0.0,0.0,4118,0.0,0.0,0.0,0.0,0.0,0.0,0.97499999999988,0.9748113461391721,15.23319828358389,625,1.058455203045084,0.9748113461391721,15.23319828358389,625
1,12598320,2770376,16.770509831249,-0.53361952494122,-2.1427161843633e-05,0.0001437319688405,0.000143736173275,7078,-0.0001524480939577,-0.000120253826766,0.0001511835772987,0.0001192563530469,-2.6406527305133e-09,-2.0829948591711e-09,0.97499999999988,0.9748113461391721,15.23319828358389,625,1.058455203045084,0.9748113461391721,15.23319828358389,625
