time,NumDofs,NumElems,area,gradPx_avg,gradPy_avg,integral_in,integral_out,mem,product_avg,product_int,velx_avg,velx_int,vely_avg,vely_int,vol,M0_ps,M1_ps,M3_ps,Tau_ps,M0_eff_ps,M1_eff_ps,M3_eff_ps
0,0,0,109.81912021634,-1.0,-4.8633866796881996e-17,0.0,0.0,7407,0.0,0.0,0.0,0.0,0.0,0.0,0.90692748169709,0.9068096112063807,96.24164138891787,6085,1.2593019783050858,0.9068096112063807,96.24164138891787,6085
1,23919810,5132302,109.81912021634,-0.36318787305957,0.0053786345463058,5.0802031545084e-06,4.8934461029446e-06,12406,-5.3457251236443e-06,-3.9238519535585e-06,5.5149721512638e-06,4.0480821121616e-06,-2.8384568644598e-08,-2.083474973945e-08,0.90692748169709,0.9068096112063807,96.24164138891787,6085,1.2593019783050858,0.9068096112063807,96.24164138891787,6085
