time,NumDofs,NumElems,area,gradPx_avg,gradPy_avg,integral_in,integral_out,mem,product_avg,product_int,velx_avg,velx_int,vely_avg,vely_int,vol,M0_ps,M1_ps,M3_ps,Tau_ps,M0_eff_ps,M1_eff_ps,M3_eff_ps
0,0,0,118.13101946128,-1.0,-1.2627878315232e-17,0.0,0.0,7550,0.0,0.0,0.0,0.0,0.0,0.0,0.86049102739076,0.860238513098341,108.14921245077322,4985,1.2968696162790359,0.860238513098341,108.14921245077322,4985
1,24434985,5231372,118.13101946128,-0.36799996290035,0.001727722259909,4.0496234445632e-06,4.0517990374581e-06,13074,-4.5636626860904e-06,-3.177592429124e-06,4.7074558647464e-06,3.2777129128858e-06,-1.0006227978361e-08,-6.9671481998528e-09,0.86049102739076,0.860238513098341,108.14921245077322,4985,1.2968696162790359,0.860238513098341,108.14921245077322,4985
