time,NumDofs,NumElems,area,gradPx_avg,gradPy_avg,integral_in,integral_out,mem,product_avg,product_int,velx_avg,velx_int,vely_avg,vely_int,vol,M0_ps,M1_ps,M3_ps,Tau_ps,M0_eff_ps,M1_eff_ps,M3_eff_ps
0,0,0,14.194559521169,-1.0,4.9768189998781e-17,0.0,0.0,4038,0.0,0.0,0.0,0.0,0.0,0.0,0.97883999999985,0.978903699181931,12.844535004414546,529,1.0152878209126575,0.978903699181931,12.844535004414546,529
1,12260055,2699494,14.194559521169,-0.32203217501676,0.0002455242093675,0.0001401037030496,0.0001400921619327,7171,-0.0001479821219656,-0.0001172536412555,0.0001473179433495,0.0001167273792979,2.8295283277263e-09,2.2419769027132e-09,0.97883999999985,0.978903699181931,12.844535004414546,529,1.0152878209126575,0.978903699181931,12.844535004414546,529
