time,NumDofs,NumElems,area,gradPx_avg,gradPy_avg,integral_in,integral_out,mem,product_avg,product_int,velx_avg,velx_int,vely_avg,vely_int,vol,M0_ps,M1_ps,M3_ps,Tau_ps,M0_eff_ps,M1_eff_ps,M3_eff_ps
0,0,0,84.661233893121,-1.0,5.6187003045918e-17,0.0,0.0,6505,0.0,0.0,0.0,0.0,0.0,0.0,0.91875688835593,0.9186428970164778,75.73783694008345,3481,1.3127275063110424,0.9186428970164778,75.73783694008345,3481
1,20751240,4468492,84.661233893121,-0.60950375901705,-0.0004907831406771,1.4084379372802e-05,1.4186664207262e-05,10627,-1.5304819942363e-05,-1.139368366193e-05,1.5517831181051e-05,1.1552260024095e-05,-4.7185264006616e-10,-3.5127102025418005e-10,0.91875688835593,0.9186428970164778,75.73783694008345,3481,1.3127275063110424,0.9186428970164778,75.73783694008345,3481
