time,NumDofs,NumElems,area,gradPx_avg,gradPy_avg,integral_in,integral_out,mem,product_avg,product_int,velx_avg,velx_int,vely_avg,vely_int,vol,M0_ps,M1_ps,M3_ps,Tau_ps,M0_eff_ps,M1_eff_ps,M3_eff_ps
0,0,0,150.93458848113,-1.0,-5.022460340177e-17,0.0,0.0,8517,0.0,0.0,0.0,0.0,0.0,0.0,0.77499999999993,0.774828213541311,138.51512776429612,5625,1.4629622016691315,0.774828213541311,138.51512776429612,5625
1,28055115,5981886,150.93458848113,-0.33898329941919,-0.124467369561,1.878398206242e-06,1.8784807248726e-06,14206,-2.3292783485485e-06,-1.4664996922876e-06,2.4214160965679e-06,1.5245090663938e-06,2.3924163958761e-07,1.5062510285911e-07,0.77499999999993,0.774828213541311,138.51512776429612,5625,1.4629622016691315,0.774828213541311,138.51512776429612,5625
