time,NumDofs,NumElems,area,gradPx_avg,gradPy_avg,integral_in,integral_out,mem,product_avg,product_int,velx_avg,velx_int,vely_avg,vely_int,vol,M0_ps,M1_ps,M3_ps,Tau_ps,M0_eff_ps,M1_eff_ps,M3_eff_ps
0,0,0,10.733126291999,-1.0,1.1101596719839e-17,0.0,0.0,3920,0.0,0.0,0.0,0.0,0.0,0.0,0.98399999999979,0.9838695426925996,9.875605567712075,400,1.0280701876271536,0.9838695426925996,9.875605567712075,400
1,11879085,2620596,10.733126291999,-0.40456059887177,-0.077792229791406,0.0002328014332853,0.0002328021599123,7241,-0.0002444589575847,-0.0001948434532359,0.0002461268651136,0.0001961728414728,1.1245425720427e-05,8.9630488574637e-06,0.98399999999979,0.9838695426925996,9.875605567712075,400,1.0280701876271536,0.9838695426925996,9.875605567712075,400
