time,NumDofs,NumElems,area,gradPx_avg,gradPy_avg,integral_in,integral_out,mem,product_avg,product_int,velx_avg,velx_int,vely_avg,vely_int,vol,M0_ps,M1_ps,M3_ps,Tau_ps,M0_eff_ps,M1_eff_ps,M3_eff_ps
0,0,0,135.34040946433,-1.0,-3.9882293385459e-17,0.0,0.0,5434,0.0,0.0,0.0,0.0,0.0,0.0,0.71169658088356,0.7111397142983361,134.65443468470582,4900,1.6068085819580697,0.7111397142983361,134.65443468470582,4900
1,16120740,3411186,135.34040946433,-0.60993491616444,-0.0006726848122599,3.1430198952803e-06,3.1427550968198e-06,9493,-4.3617064766525e-06,-2.5144434404762e-06,4.4047877776475e-06,2.5392790169354e-06,-8.5840379516224e-11,-4.9485397597915e-11,0.71169658088356,0.7111397142983361,134.65443468470582,4900,1.6068085819580697,0.7111397142983361,134.65443468470582,4900
