time,NumDofs,NumElems,area,gradPx_avg,gradPy_avg,integral_in,integral_out,mem,product_avg,product_int,velx_avg,velx_int,vely_avg,vely_int,vol,M0_ps,M1_ps,M3_ps,Tau_ps,M0_eff_ps,M1_eff_ps,M3_eff_ps
0,0,0,15.967103625287,-1.0,2.6952290132081e-17,0.0,0.0,4069,0.0,0.0,0.0,0.0,0.0,0.0,0.98114335902192,0.9811657382902077,14.659634076279236,625,1.0265984148430685,0.9811657382902077,14.659634076279236,625
1,12376614,2722358,15.967103625287,-0.31677747342232,0.0019405108925611,0.0001208173277844,0.0001208222924001,7553,-0.0001265127822984,-0.0001004576342585,0.0001260655860854,0.0001001025375418,2.6813489153651e-08,2.1291284861932e-08,0.98114335902192,0.9811657382902077,14.659634076279236,625,1.0265984148430685,0.9811657382902077,14.659634076279236,625
