time,NumDofs,NumElems,area,gradPx_avg,gradPy_avg,integral_in,integral_out,mem,product_avg,product_int,velx_avg,velx_int,vely_avg,vely_int,vol,M0_ps,M1_ps,M3_ps,Tau_ps,M0_eff_ps,M1_eff_ps,M3_eff_ps
0,0,0,14.811999999999,-1.0,9.3283968057958e-18,0.0,0.0,4035,0.0,0.0,0.0,0.0,0.0,0.0,0.97460799999973,0.9745061264814198,13.455085289550272,529,1.0414337084426122,0.9745061264814198,13.455085289550272,529
1,12267081,2700350,14.811999999999,-0.46604320051142,0.000868365473797,0.0001611719165124,0.0001611646846236,7438,-0.0001713176934299,-0.000135137438849,0.0001704158682013,0.0001344260683581,5.8496117733018e-09,4.6142434997736e-09,0.97460799999973,0.9745061264814198,13.455085289550272,529,1.0414337084426122,0.9745061264814198,13.455085289550272,529
