time,NumDofs,NumElems,area,gradPx_avg,gradPy_avg,integral_in,integral_out,mem,product_avg,product_int,velx_avg,velx_int,vely_avg,vely_int,vol,M0_ps,M1_ps,M3_ps,Tau_ps,M0_eff_ps,M1_eff_ps,M3_eff_ps
0,0,0,143.5699692271,-1.0,-2.5051484321929e-17,0.0,0.0,6225,0.0,0.0,0.0,0.0,0.0,0.0,0.76738534836377,0.7669447110654174,142.26486371799396,5929,1.8980517587028631,0.7669447110654174,142.26486371799396,5929
1,19206225,4071059,143.5699692271,-0.74105007936122,0.0004410232848816,4.5832043045278e-06,4.584251246737e-06,10193,-5.9442709002628e-06,-3.7047166791944e-06,5.9916901784151e-06,3.734270344166e-06,-5.777759174136e-10,-3.6009396509577e-10,0.76738534836377,0.7669447110654174,142.26486371799396,5929,1.8980517587028631,0.7669447110654174,142.26486371799396,5929
