time,NumDofs,NumElems,area,gradPx_avg,gradPy_avg,integral_in,integral_out,mem,product_avg,product_int,velx_avg,velx_int,vely_avg,vely_int,vol,M0_ps,M1_ps,M3_ps,Tau_ps,M0_eff_ps,M1_eff_ps,M3_eff_ps
0,0,0,42.396786724117,-1.0,-2.5088939728896e-17,0.0,0.0,4885,0.0,0.0,0.0,0.0,0.0,0.0,0.95229877968598,0.9522521997903622,38.63936273294534,1854,1.098334317717687,0.9522521997903622,38.63936273294534,1854
1,15510369,3375373,42.396786724117,-0.39893089478327,0.0031679117986427,2.9540793614744e-05,2.9649292244912e-05,8095,-3.1099386109987e-05,-2.398254936185e-05,3.1489547378229e-05,2.4283425457655e-05,-8.4172019504413e-08,-6.4909950489439e-08,0.95229877968598,0.9522521997903622,38.63936273294534,1854,1.098334317717687,0.9522521997903622,38.63936273294534,1854
