time,NumDofs,NumElems,area,gradPx_avg,gradPy_avg,integral_in,integral_out,mem,product_avg,product_int,velx_avg,velx_int,vely_avg,vely_int,vol,M0_ps,M1_ps,M3_ps,Tau_ps,M0_eff_ps,M1_eff_ps,M3_eff_ps
0,0,0,39.923430165129,-1.0,1.4816069846601e-17,0.0,0.0,4861,0.0,0.0,0.0,0.0,0.0,0.0,0.96616459704428,0.9661015417608765,35.11600429984514,2833,1.0916283537139797,0.9661015417608765,35.11600429984514,2833
1,15406908,3356304,39.923430165129,-0.40186696770058,-0.16932185482336,3.2724663003231e-05,3.272888832621e-05,8301,-3.3901126172907e-05,-2.6528544333749e-05,3.4449384910242e-05,2.6957571562685e-05,4.2020135964002e-06,3.2881888175209e-06,0.96616459704428,0.9661015417608765,35.11600429984514,2833,1.0916283537139797,0.9661015417608765,35.11600429984514,2833
