time,NumDofs,NumElems,area,gradPx_avg,gradPy_avg,integral_in,integral_out,mem,product_avg,product_int,velx_avg,velx_int,vely_avg,vely_int,vol,M0_ps,M1_ps,M3_ps,Tau_ps,M0_eff_ps,M1_eff_ps,M3_eff_ps
0,0,0,69.254445188304,-1.0,-2.6668245012978998e-17,0.0,0.0,6030,0.0,0.0,0.0,0.0,0.0,0.0,0.94130634442645,0.9412582680390842,60.603600268833176,2928,1.0530021899566109,0.9412582680390842,60.603600268833176,2928
1,18970866,4099718,69.254445188304,-0.23143955729864,0.0007626682529957,7.3148188894063e-06,7.3155062407744e-06,10058,-7.5935402560144e-06,-5.7976599678663e-06,7.8961559983667e-06,6.028706767637e-06,2.8272558650289e-10,2.1586068678059001e-10,0.94130634442645,0.9412582680390842,60.603600268833176,2928,1.0530021899566109,0.9412582680390842,60.603600268833176,2928
