time,NumDofs,NumElems,area,gradPx_avg,gradPy_avg,integral_in,integral_out,mem,product_avg,product_int,velx_avg,velx_int,vely_avg,vely_int,vol,M0_ps,M1_ps,M3_ps,Tau_ps,M0_eff_ps,M1_eff_ps,M3_eff_ps
0,0,0,176.05010400446,-1.0,-2.4732042390643e-17,0.0,0.0,9252,0.0,0.0,0.0,0.0,0.0,0.0,0.73755999999986,0.7373444283356292,161.58631298433366,6561,1.5627496043022437,0.7373444283356292,161.58631298433366,6561
1,30800475,6550158,176.05010400446,-0.3401492834648,-0.14770944657508,1.2177374624571e-06,1.2176908112536e-06,16456,-1.5694388901457e-06,-9.3662589893214e-07,1.6289594086612e-06,9.7214716676202e-07,2.0542563946543e-07,1.2259602806845e-07,0.73755999999986,0.7373444283356292,161.58631298433366,6561,1.5627496043022437,0.7373444283356292,161.58631298433366,6561
