time,NumDofs,NumElems,area,gradPx_avg,gradPy_avg,integral_in,integral_out,mem,product_avg,product_int,velx_avg,velx_int,vely_avg,vely_int,vol,M0_ps,M1_ps,M3_ps,Tau_ps,M0_eff_ps,M1_eff_ps,M3_eff_ps
0,0,0,82.476934957551,-1.0,4.8843150289549e-17,0.0,0.0,6339,0.0,0.0,0.0,0.0,0.0,0.0,0.85419999999989,0.8538168521411561,78.85866380315204,2916,1.2208280625416874,0.8538168521411561,78.85866380315204,2916
1,20006793,4306596,82.476934957551,-0.40641766911579,-0.0003374305612036,8.2467333272278e-06,8.2890348623682e-06,10612,-9.5860174712767e-06,-6.6596926207905e-06,9.7905963212123e-06,6.8018196575259e-06,-6.965155003427201e-10,-4.8389011931154e-10,0.85419999999989,0.8538168521411561,78.85866380315204,2916,1.2208280625416874,0.8538168521411561,78.85866380315204,2916
