time,NumDofs,NumElems,area,gradPx_avg,gradPy_avg,integral_in,integral_out,mem,product_avg,product_int,velx_avg,velx_int,vely_avg,vely_int,vol,M0_ps,M1_ps,M3_ps,Tau_ps,M0_eff_ps,M1_eff_ps,M3_eff_ps
0,0,0,127.13991783259,-1.0,2.5390683731609e-17,0.0,0.0,7775,0.0,0.0,0.0,0.0,0.0,0.0,0.85695309244348,0.8566070015783069,115.94523546370095,5604,1.3248959142746504,0.8566070015783069,115.94523546370095,5604
1,25257846,5401479,127.13991783259,-0.36352460653924,-0.0008802343978697,3.4620054678843e-06,3.4060134671766e-06,13231,-3.8579593941819e-06,-2.6819378013587e-06,4.0025273225715e-06,2.7824370944816e-06,5.2002880809082e-09,3.6150844934178e-09,0.85695309244348,0.8566070015783069,115.94523546370095,5604,1.3248959142746504,0.8566070015783069,115.94523546370095,5604
