time,NumDofs,NumElems,area,gradPx_avg,gradPy_avg,integral_in,integral_out,mem,product_avg,product_int,velx_avg,velx_int,vely_avg,vely_int,vol,M0_ps,M1_ps,M3_ps,Tau_ps,M0_eff_ps,M1_eff_ps,M3_eff_ps
0,0,0,97.279220676057,-1.0,-2.9837571731402e-17,0.0,0.0,7020,0.0,0.0,0.0,0.0,0.0,0.0,0.91755513949642,0.9173306532905491,85.15790788817527,4096,1.0732962647968347,0.9173306532905491,85.15790788817527,4096
1,22434027,4822896,97.279220676057,-0.21439061080147,0.0004259763435952,3.0661439384335e-06,3.0654861703623e-06,11707,-3.1785686526373e-06,-2.3594403721759e-06,3.3303066390887e-06,2.4720749477825e-06,-1.4034595501802e-11,-1.0417831059473e-11,0.91755513949642,0.9173306532905491,85.15790788817527,4096,1.0732962647968347,0.9173306532905491,85.15790788817527,4096
