time,NumDofs,NumElems,area,gradPx_avg,gradPy_avg,integral_in,integral_out,mem,product_avg,product_int,velx_avg,velx_int,vely_avg,vely_int,vol,M0_ps,M1_ps,M3_ps,Tau_ps,M0_eff_ps,M1_eff_ps,M3_eff_ps
0,0,0,42.902159318449,-1.0,2.6259942471934e-17,0.0,0.0,5085,0.0,0.0,0.0,0.0,0.0,0.0,0.95882997732237,0.9586688406873868,38.43339696465734,1764,1.042483423854245,0.9586688406873868,38.43339696465734,1764
1,15636843,3401784,42.902159318449,-0.25349214270959,0.0003899629745766,2.1019034120929e-05,2.1016665754551e-05,8455,-2.1759347723255e-05,-1.6891587362834e-05,2.2142737431245e-05,1.7189209370115e-05,-3.765964928772e-09,-2.9234849504122e-09,0.95882997732237,0.9586688406873868,38.43339696465734,1764,1.042483423854245,0.9586688406873868,38.43339696465734,1764
