time,NumDofs,NumElems,area,gradPx_avg,gradPy_avg,integral_in,integral_out,mem,product_avg,product_int,velx_avg,velx_int,vely_avg,vely_int,vol,M0_ps,M1_ps,M3_ps,Tau_ps,M0_eff_ps,M1_eff_ps,M3_eff_ps
0,0,0,118.13101946128,-1.0,-8.1044733892659e-17,0.0,0.0,7560,0.0,0.0,0.0,0.0,0.0,0.0,0.86049102739079,0.8603439343617094,108.60208322859002,4624,1.2046407657697351,0.8603439343617094,108.60208322859002,4624
1,24476007,5240488,118.13101946128,-0.31683658487327,0.000587046684822,2.929648263337e-06,2.9289756791946e-06,12810,-3.2945950380016e-06,-2.2941744429657e-06,3.4102694048007e-06,2.3747236980201e-06,8.164769742537901e-10,5.6854957468133e-10,0.86049102739079,0.8603439343617094,108.60208322859002,4624,1.2046407657697351,0.8603439343617094,108.60208322859002,4624
