time,NumDofs,NumElems,area,gradPx_avg,gradPy_avg,integral_in,integral_out,mem,product_avg,product_int,velx_avg,velx_int,vely_avg,vely_int,vol,M0_ps,M1_ps,M3_ps,Tau_ps,M0_eff_ps,M1_eff_ps,M3_eff_ps
0,0,0,44.278499622619,-1.0,-2.9196283291822e-17,0.0,0.0,4167,0.0,0.0,0.0,0.0,0.0,0.0,0.91296150178431,0.9128216352544769,44.03439783482156,1681,1.1221402716499551,0.9128216352544769,44.03439783482156,1681
1,12663639,2755654,44.278499622619,-0.49955628768285,-0.0019058818612231,2.5450899894062e-05,2.5342470212032e-05,6987,-2.7942290008562e-05,-2.0652620456602e-05,2.8128191967184e-05,2.0790023747183e-05,1.6392396435657e-08,1.2115898226525e-08,0.91296150178431,0.9128216352544769,44.03439783482156,1681,1.1221402716499551,0.9128216352544769,44.03439783482156,1681
