time,NumDofs,NumElems,area,gradPx_avg,gradPy_avg,integral_in,integral_out,mem,product_avg,product_int,velx_avg,velx_int,vely_avg,vely_int,vol,M0_ps,M1_ps,M3_ps,Tau_ps,M0_eff_ps,M1_eff_ps,M3_eff_ps
0,0,0,108.70055521343,-1.0,8.1796741362355e-17,0.0,0.0,5729,0.0,0.0,0.0,0.0,0.0,0.0,0.82388140138404,0.8235639615905157,107.71370049667877,4489,1.5640914304130684,0.8235639615905157,107.71370049667877,4489
1,17490114,3737221,108.70055521343,-0.71893563701819,0.0001426603530724,7.7248360076243e-06,7.7219353833114e-06,9731,-9.352448611136e-06,-6.2239592218432e-06,9.3906809822843e-06,6.2494024751425e-06,-1.0862657512006001e-11,-7.228987851916399e-12,0.82388140138404,0.8235639615905157,107.71370049667877,4489,1.5640914304130684,0.8235639615905157,107.71370049667877,4489
