time,NumDofs,NumElems,area,gradPx_avg,gradPy_avg,integral_in,integral_out,mem,product_avg,product_int,velx_avg,velx_int,vely_avg,vely_int,vol,M0_ps,M1_ps,M3_ps,Tau_ps,M0_eff_ps,M1_eff_ps,M3_eff_ps
0,0,0,106.51352015287,-1.0,-3.8792559436425e-17,0.0,0.0,7059,0.0,0.0,0.0,0.0,0.0,0.0,0.82327667874063,0.822552921474211,96.76258444889132,3844,1.1470870558046178,0.822552921474211,96.76258444889132,3844
1,22676733,4861116,106.51352015287,-0.37963695342318,0.0001062219583416,3.6441533626449e-06,3.6438106731239e-06,12529,-4.3662856451366e-06,-2.9070464827135e-06,4.4425272970761e-06,2.9578077118497e-06,6.209129480273701e-10,4.1340007235779e-10,0.82327667874063,0.822552921474211,96.76258444889132,3844,1.1470870558046178,0.822552921474211,96.76258444889132,3844
