time,NumDofs,NumElems,area,gradPx_avg,gradPy_avg,integral_in,integral_out,mem,product_avg,product_int,velx_avg,velx_int,vely_avg,vely_int,vol,M0_ps,M1_ps,M3_ps,Tau_ps,M0_eff_ps,M1_eff_ps,M3_eff_ps
0,0,0,36.287999999997,-1.0,-4.1281150680982e-17,0.0,0.0,4670,0.0,0.0,0.0,0.0,0.0,0.0,0.93779200000001,0.9375424195083554,32.96368721220634,1296,1.0622638539056783,0.9375424195083554,32.96368721220634,1296
1,14644098,3193294,36.287999999997,-0.39456086263777,-0.0005846570030622,3.5610811410883e-05,3.5608385408209e-05,8438,-3.8267473392228e-05,-2.9117504645288e-05,3.8908534421953e-05,2.9605284366714e-05,-1.8196126027608e-09,-1.3845329653845e-09,0.93779200000001,0.9375424195083554,32.96368721220634,1296,1.0622638539056783,0.9375424195083554,32.96368721220634,1296
