time,NumDofs,NumElems,area,gradPx_avg,gradPy_avg,integral_in,integral_out,mem,product_avg,product_int,velx_avg,velx_int,vely_avg,vely_int,vol,M0_ps,M1_ps,M3_ps,Tau_ps,M0_eff_ps,M1_eff_ps,M3_eff_ps
0,0,0,56.035473395529,-1.0,3.7073768886263e-17,0.0,0.0,5627,0.0,0.0,0.0,0.0,0.0,0.0,0.94622690915607,0.9460243131553688,50.19390800040734,2304,1.1949835634459622,0.9460243131553688,50.19390800040734,2304
1,17474472,3788186,56.035473395529,-0.6075012526281,0.0009026205059156,2.6624725567163e-05,2.679515051124e-05,9421,-2.8173456794696e-05,-2.1562368106058e-05,2.8506254034261e-05,2.1817072263821e-05,-2.885595546836e-10,-2.208471393464e-10,0.94622690915607,0.9460243131553688,50.19390800040734,2304,1.1949835634459622,0.9460243131553688,50.19390800040734,2304
