time,NumDofs,NumElems,area,gradPx_avg,gradPy_avg,integral_in,integral_out,mem,product_avg,product_int,velx_avg,velx_int,vely_avg,vely_int,vol,M0_ps,M1_ps,M3_ps,Tau_ps,M0_eff_ps,M1_eff_ps,M3_eff_ps
0,0,0,115.28700008267,-1.0,-1.903610199796e-18,0.0,0.0,5804,0.0,0.0,0.0,0.0,0.0,0.0,0.81320992470232,0.8128501491961879,114.25267609801497,4761,1.1136767512293244,0.8128501491961879,114.25267609801497,4761
1,17694117,3773579,115.28700008267,-0.2767642556398,0.0005483286350283,1.6631449544266e-06,1.660935419009e-06,9656,-1.9709568024812e-06,-1.2956920989833e-06,2.0266274125344e-06,1.3322895370909e-06,-6.833602259479401e-10,-4.4923584545616006e-10,0.81320992470232,0.8128501491961879,114.25267609801497,4761,1.1136767512293244,0.8128501491961879,114.25267609801497,4761
