time,NumDofs,NumElems,area,gradPx_avg,gradPy_avg,integral_in,integral_out,mem,product_avg,product_int,velx_avg,velx_int,vely_avg,vely_int,vol,M0_ps,M1_ps,M3_ps,Tau_ps,M0_eff_ps,M1_eff_ps,M3_eff_ps
0,0,0,120.07799024023,-1.0,-6.3912301837102e-17,0.0,0.0,7574,0.0,0.0,0.0,0.0,0.0,0.0,0.86489856638039,0.8646039574138257,110.29416067732762,6084,1.3093453305840774,0.8646039574138257,110.29416067732762,6084
1,24505947,5246057,120.07799024023,-0.36744205622626,-0.11902615865686,4.0209432864836e-06,4.0226127502408e-06,12870,-4.5265083652626e-06,-3.1661268886963e-06,4.6543205057322e-06,3.2555268018276e-06,4.6718000798341e-07,3.267753123995e-07,0.86489856638039,0.8646039574138257,110.29416067732762,6084,1.3093453305840774,0.8646039574138257,110.29416067732762,6084
