time,NumDofs,NumElems,area,gradPx_avg,gradPy_avg,integral_in,integral_out,mem,product_avg,product_int,velx_avg,velx_int,vely_avg,vely_int,vol,M0_ps,M1_ps,M3_ps,Tau_ps,M0_eff_ps,M1_eff_ps,M3_eff_ps
0,0,0,68.019572197486,-1.0,3.8864728020103004e-18,0.0,0.0,4705,0.0,0.0,0.0,0.0,0.0,0.0,0.88979346324039,0.8895978329404299,67.39938047265008,2809,1.0742979010896523,0.8895978329404299,67.39938047265008,2809
1,14645718,3160573,68.019572197486,-0.31244781843645,0.0009788834878396,7.4350891271542e-06,7.4343941385973e-06,8233,-8.2383286492234e-06,-5.9549994958168e-06,8.4378967324422e-06,6.0992554348004e-06,-1.3976911783823e-09,-1.0103081118715e-09,0.88979346324039,0.8895978329404299,67.39938047265008,2809,1.0742979010896523,0.8895978329404299,67.39938047265008,2809
