time,NumDofs,NumElems,area,gradPx_avg,gradPy_avg,integral_in,integral_out,mem,product_avg,product_int,velx_avg,velx_int,vely_avg,vely_int,vol,M0_ps,M1_ps,M3_ps,Tau_ps,M0_eff_ps,M1_eff_ps,M3_eff_ps
0,0,0,45.105963242123,-1.0,4.0195051641197e-17,0.0,0.0,5223,0.0,0.0,0.0,0.0,0.0,0.0,0.93276000000006,0.932530391444211,41.443334307735654,1681,1.1215756386548597,0.932530391444211,41.443334307735654,1681
1,15833118,3442052,45.105963242123,-0.37753293936439,-0.080385829618682,2.5876798219023e-05,2.5876771106532e-05,8862,-2.7807964985222e-05,-2.1001010612741e-05,2.8140873506043e-05,2.1252428340811e-05,2.0110203290423e-06,1.518754043854e-06,0.93276000000006,0.932530391444211,41.443334307735654,1681,1.1215756386548597,0.932530391444211,41.443334307735654,1681
