time,NumDofs,NumElems,area,gradPx_avg,gradPy_avg,integral_in,integral_out,mem,product_avg,product_int,velx_avg,velx_int,vely_avg,vely_int,vol,M0_ps,M1_ps,M3_ps,Tau_ps,M0_eff_ps,M1_eff_ps,M3_eff_ps
0,0,0,2.9428351913445,-1.0,-4.6639317342273e-17,0.0,0.0,3648,0.0,0.0,0.0,0.0,0.0,0.0,0.9971759791692,0.9971486058288922,2.6431976772413854,121,1.0029082032526186,0.9971486058288922,2.6431976772413854,121
1,10882299,2412034,2.9428351913445,-0.30228141229581,0.0004423068615675,0.0010566102030069,0.0010566595296022,7097,-0.0011004800402878,-0.0008893243574837,0.0011386138102022,0.0009201411730425,-3.9289863695467e-08,-3.1751082716103e-08,0.9971759791692,0.9971486058288922,2.6431976772413854,121,1.0029082032526186,0.9971486058288922,2.6431976772413854,121
