time,NumDofs,NumElems,area,gradPx_avg,gradPy_avg,integral_in,integral_out,mem,product_avg,product_int,velx_avg,velx_int,vely_avg,vely_int,vol,M0_ps,M1_ps,M3_ps,Tau_ps,M0_eff_ps,M1_eff_ps,M3_eff_ps
0,0,0,15.763231232941,-1.0,1.5235125785406001e-18,0.0,0.0,4084,0.0,0.0,0.0,0.0,0.0,0.0,0.98226456710486,0.9822068987674748,14.489084469423354,798,1.0366996169756106,0.9822068987674748,14.489084469423354,798
1,12455382,2740487,15.763231232941,-0.40067659583544,-0.10125210834301,0.0001337475277588,0.0001338006427258,7980,-0.0001402564416374,-0.000111504541425,0.0001396333449557,0.0001110091765851,7.1662695265711e-06,5.6972185231542e-06,0.98226456710486,0.9822068987674748,14.489084469423354,798,1.0366996169756106,0.9822068987674748,14.489084469423354,798
