time,NumDofs,NumElems,area,gradPx_avg,gradPy_avg,integral_in,integral_out,mem,product_avg,product_int,velx_avg,velx_int,vely_avg,vely_int,vol,M0_ps,M1_ps,M3_ps,Tau_ps,M0_eff_ps,M1_eff_ps,M3_eff_ps
0,0,0,88.373042025289,-1.0,9.877901512393101e-18,0.0,0.0,6653,0.0,0.0,0.0,0.0,0.0,0.0,0.92510319191056,0.9250013052156417,77.3022375685855,3721,1.0668789214873102,0.9250013052156417,77.3022375685855,3721
1,21319503,4589974,88.373042025289,-0.21897669864984,0.0004729303332245,4.0093798314542e-06,4.0093211040066e-06,11393,-4.165876195043e-06,-3.1208030810095e-06,4.3454502859128e-06,3.2553282924699e-06,2.3250695344742003e-10,1.7417906406779003e-10,0.92510319191056,0.9250013052156417,77.3022375685855,3721,1.0668789214873102,0.9250013052156417,77.3022375685855,3721
