time,NumDofs,NumElems,area,gradPx_avg,gradPy_avg,integral_in,integral_out,mem,product_avg,product_int,velx_avg,velx_int,vely_avg,vely_int,vol,M0_ps,M1_ps,M3_ps,Tau_ps,M0_eff_ps,M1_eff_ps,M3_eff_ps
0,0,0,161.72799999985,-1.0,-4.0022654359756e-17,0.0,0.0,8626,0.0,0.0,0.0,0.0,0.0,0.0,0.72275200000023,0.7216396721298308,146.9122356000801,5776,1.239542342144975,0.7216396721298308,146.9122356000801,5776
1,28418742,6048246,161.72799999985,-0.40772292215247,-5.2484142824533e-05,1.2154534958652e-06,1.2157244636906e-06,14569,-1.6372721165374e-06,-9.627475147809e-07,1.682065151592e-06,9.8908668146114e-07,-1.5140317523508002e-10,-8.902798088065e-11,0.72275200000023,0.7216396721298308,146.9122356000801,5776,1.239542342144975,0.7216396721298308,146.9122356000801,5776
