time,NumDofs,NumElems,area,gradPx_avg,gradPy_avg,integral_in,integral_out,mem,product_avg,product_int,velx_avg,velx_int,vely_avg,vely_int,vol,M0_ps,M1_ps,M3_ps,Tau_ps,M0_eff_ps,M1_eff_ps,M3_eff_ps
0,0,0,30.449699918945,-1.0,-1.2378687465747001e-18,0.0,0.0,4007,0.0,0.0,0.0,0.0,0.0,0.0,0.94014485191067,0.9400233332396255,30.27929866227947,1156,1.1135129481277455,0.9400233332396255,30.27929866227947,1156
1,12043764,2635754,30.449699918945,-0.61223173512182,0.0001013730481363,5.5044136516523e-05,5.5040107560051e-05,6873,-5.9407690169308e-05,-4.5352211536128e-05,6.0185418758289e-05,4.5945934526951e-05,1.7151111134081e-09,1.3093268195004e-09,0.94014485191067,0.9400233332396255,30.27929866227947,1156,1.1135129481277455,0.9400233332396255,30.27929866227947,1156
