time,NumDofs,NumElems,area,gradPx_avg,gradPy_avg,integral_in,integral_out,mem,product_avg,product_int,velx_avg,velx_int,vely_avg,vely_int,vol,M0_ps,M1_ps,M3_ps,Tau_ps,M0_eff_ps,M1_eff_ps,M3_eff_ps
0,0,0,135.77425825937,-1.0,-9.8406836780892e-17,0.0,0.0,7931,0.0,0.0,0.0,0.0,0.0,0.0,0.7747283365841,0.7742860470439877,124.73029209034118,4900,1.414516850661405,0.7742860470439877,124.73029209034118,4900
1,25830324,5513338,135.77425825937,-0.31806406000019,-0.086528055168275,2.1799148090201e-06,2.1792064249779e-06,13252,-2.7042091413008e-06,-1.6969648340726e-06,2.8082432662909e-06,1.7622490789024e-06,2.0088215635435e-07,1.2605902033229e-07,0.7747283365841,0.7742860470439877,124.73029209034118,4900,1.414516850661405,0.7742860470439877,124.73029209034118,4900
