time,NumDofs,NumElems,area,gradPx_avg,gradPy_avg,integral_in,integral_out,mem,product_avg,product_int,velx_avg,velx_int,vely_avg,vely_int,vol,M0_ps,M1_ps,M3_ps,Tau_ps,M0_eff_ps,M1_eff_ps,M3_eff_ps
0,0,0,24.149534156998,-1.0,-3.80388601652e-19,0.0,0.0,4348,0.0,0.0,0.0,0.0,0.0,0.0,0.96399999999997,0.9639439199039361,21.867545248035068,900,1.0846512489359763,0.9639439199039361,21.867545248035068,900
1,13435920,2944226,24.149534156998,-0.54045027304249,-0.0001828215572533,8.6381793782685e-05,8.6374752966567e-05,7565,-9.1351380116575e-05,-7.1331969295064e-05,9.202076397734e-05,7.185465947163e-05,-3.2349203338832e-09,-2.5259961878416e-09,0.96399999999997,0.9639439199039361,21.867545248035068,900,1.0846512489359763,0.9639439199039361,21.867545248035068,900
