time,NumDofs,NumElems,area,gradPx_avg,gradPy_avg,integral_in,integral_out,mem,product_avg,product_int,velx_avg,velx_int,vely_avg,vely_int,vol,M0_ps,M1_ps,M3_ps,Tau_ps,M0_eff_ps,M1_eff_ps,M3_eff_ps
0,0,0,104.18799999998,-1.0,-1.632083834672e-17,0.0,0.0,6901,0.0,0.0,0.0,0.0,0.0,0.0,0.82139200000022,0.8211794330143253,95.71099010290115,3721,1.3037125865722687,0.8211794330143253,95.71099010290115,3721
1,22064661,4730758,104.18799999998,-0.32852655379843,-0.050402665850762,4.3566779978373e-06,4.3554973098041e-06,11495,-5.1750960407372e-06,-3.440379966329e-06,5.3262055492658e-06,3.5408368702727e-06,2.3282027097597e-07,1.5477784174744e-07,0.82139200000022,0.8211794330143253,95.71099010290115,3721,1.3037125865722687,0.8211794330143253,95.71099010290115,3721
