time,NumDofs,NumElems,area,gradPx_avg,gradPy_avg,integral_in,integral_out,mem,product_avg,product_int,velx_avg,velx_int,vely_avg,vely_int,vol,M0_ps,M1_ps,M3_ps,Tau_ps,M0_eff_ps,M1_eff_ps,M3_eff_ps
0,0,0,93.213184649914,-1.0,-4.7999686718650996e-17,0.0,0.0,6626,0.0,0.0,0.0,0.0,0.0,0.0,0.84534410699364,0.8444986164714198,84.68335189760886,3364,1.1315824287915661,0.8444986164714198,84.68335189760886,3364
1,21133620,4540282,93.213184649914,-0.38239206551334,5.6905664574059e-05,5.1015926687013e-06,5.1022810759819e-06,10828,-5.9950219915239e-06,-4.1111647122162e-06,6.1154392951808e-06,4.1937424525871e-06,2.803921041406e-10,1.9228255138291e-10,0.84534410699364,0.8444986164714198,84.68335189760886,3364,1.1315824287915661,0.8444986164714198,84.68335189760886,3364
