time,NumDofs,NumElems,area,gradPx_avg,gradPy_avg,integral_in,integral_out,mem,product_avg,product_int,velx_avg,velx_int,vely_avg,vely_int,vol,M0_ps,M1_ps,M3_ps,Tau_ps,M0_eff_ps,M1_eff_ps,M3_eff_ps
0,0,0,34.527781692632,-1.0,-8.9350834920221e-17,0.0,0.0,4616,0.0,0.0,0.0,0.0,0.0,0.0,0.96115230778699,0.960976060337107,31.646907184459412,1369,1.1048237779532193,0.960976060337107,31.646907184459412,1369
1,14512728,3166675,34.527781692632,-0.52448555181712,-0.0012367562656173,4.9261612927053e-05,4.9487390377172e-05,7939,-5.1717066205371e-05,-4.0292840875951e-05,5.2608075262434e-05,4.0987027317477e-05,-8.1837500940954e-09,-6.3759715023372e-09,0.96115230778699,0.960976060337107,31.646907184459412,1369,1.1048237779532193,0.960976060337107,31.646907184459412,1369
