time,NumDofs,NumElems,area,gradPx_avg,gradPy_avg,integral_in,integral_out,mem,product_avg,product_int,velx_avg,velx_int,vely_avg,vely_int,vol,M0_ps,M1_ps,M3_ps,Tau_ps,M0_eff_ps,M1_eff_ps,M3_eff_ps
0,0,0,63.637612939963,-1.0,-6.3991450029105e-17,0.0,0.0,4360,0.0,0.0,0.0,0.0,0.0,0.0,0.86443855558262,0.864145123915165,63.335478014830926,2304,1.1806505172693225,0.864145123915165,63.335478014830926,2304
1,13316634,2878046,63.637612939963,-0.50387920842957,-0.059362832000602,1.2890964275505e-05,1.2891072654026e-05,7309,-1.5002665404315e-05,-1.047760890338e-05,1.5058075192104e-05,1.0516306166182e-05,6.2989954377341e-07,4.3991123511809e-07,0.86443855558262,0.864145123915165,63.335478014830926,2304,1.1806505172693225,0.864145123915165,63.335478014830926,2304
