time,NumDofs,NumElems,area,gradPx_avg,gradPy_avg,integral_in,integral_out,mem,product_avg,product_int,velx_avg,velx_int,vely_avg,vely_int,vol,M0_ps,M1_ps,M3_ps,Tau_ps,M0_eff_ps,M1_eff_ps,M3_eff_ps
0,0,0,6.3515652993511,-1.0,-8.8797220442295e-17,0.0,0.0,3757,0.0,0.0,0.0,0.0,0.0,0.0,0.9933210930802,0.9933052477700893,5.7574532595735635,299,1.0142627922772405,0.9933052477700893,5.7574532595735635,299
1,11288187,2496656,6.3515652993511,-0.42637824386011,0.0009462469694249,0.0004536839789282,0.0004536187540569,6944,-0.0004679035782584,-0.000376612063182,0.0004831323210464,0.0003888695634611,2.0554592671172e-07,1.6544236704857e-07,0.9933210930802,0.9933052477700893,5.7574532595735635,299,1.0142627922772405,0.9933052477700893,5.7574532595735635,299
