time,NumDofs,NumElems,area,gradPx_avg,gradPy_avg,integral_in,integral_out,mem,product_avg,product_int,velx_avg,velx_int,vely_avg,vely_int,vol,M0_ps,M1_ps,M3_ps,Tau_ps,M0_eff_ps,M1_eff_ps,M3_eff_ps
0,0,0,96.108822375168,-1.0,-4.2412055368665e-17,0.0,0.0,5498,0.0,0.0,0.0,0.0,0.0,0.0,0.84428275386332,0.8439865703350589,95.24422643405508,3969,1.0995546099166724,0.8439865703350589,95.24422643405508,3969
1,16635132,3564385,96.108822375168,-0.29037207579646,-0.0004449099630096,2.9681435161389e-06,2.9665828900112e-06,9088,-3.4202129313791e-06,-2.3344427519293e-06,3.4982794013505e-06,2.387726482694e-06,-1.0326783049854e-09,-7.048474561423701e-10,0.84428275386332,0.8439865703350589,95.24422643405508,3969,1.0995546099166724,0.8439865703350589,95.24422643405508,3969
