time,NumDofs,NumElems,area,gradPx_avg,gradPy_avg,integral_in,integral_out,mem,product_avg,product_int,velx_avg,velx_int,vely_avg,vely_int,vol,M0_ps,M1_ps,M3_ps,Tau_ps,M0_eff_ps,M1_eff_ps,M3_eff_ps
0,0,0,151.73466086292,-1.0,4.7792832459012e-17,0.0,0.0,8429,0.0,0.0,0.0,0.0,0.0,0.0,0.74824742268052,0.7473463961992121,137.79643113027709,5476,1.1890201175557367,0.7473463961992121,137.79643113027709,5476
1,27677682,5897366,151.73466086292,-0.3691748174028,-5.3257505840453e-05,1.2848069418012e-06,1.2842169926396e-06,14059,-1.6692868855952e-06,-1.0162781170794e-06,1.7207201261643e-06,1.0475911749678e-06,4.2983254917281e-11,2.6168624309118e-11,0.74824742268052,0.7473463961992121,137.79643113027709,5476,1.1890201175557367,0.7473463961992121,137.79643113027709,5476
