time,NumDofs,NumElems,area,gradPx_avg,gradPy_avg,integral_in,integral_out,mem,product_avg,product_int,velx_avg,velx_int,vely_avg,vely_int,vol,M0_ps,M1_ps,M3_ps,Tau_ps,M0_eff_ps,M1_eff_ps,M3_eff_ps
0,0,0,75.37337938552,-1.0,-6.0227031335215e-19,0.0,0.0,6153,0.0,0.0,0.0,0.0,0.0,0.0,0.8876399999999,0.8876871980433814,68.23093958604909,2809,1.0757931727868386,0.8876871980433814,68.23093958604909,2809
1,19340229,4171026,75.37337938552,-0.33077050102633,0.0002214560307487,7.1954995664728e-06,7.1965466500816e-06,10170,-7.9987712432042e-06,-5.7681974898695e-06,8.1880007849609e-06,5.9046576203798e-06,-2.2310403098589002e-10,-1.6088822550163e-10,0.8876399999999,0.8876871980433814,68.23093958604909,2809,1.0757931727868386,0.8876871980433814,68.23093958604909,2809
