time,NumDofs,NumElems,area,gradPx_avg,gradPy_avg,integral_in,integral_out,mem,product_avg,product_int,velx_avg,velx_int,vely_avg,vely_int,vol,M0_ps,M1_ps,M3_ps,Tau_ps,M0_eff_ps,M1_eff_ps,M3_eff_ps
0,0,0,18.984458740774,-1.0,3.1500555811864e-17,0.0,0.0,3862,0.0,0.0,0.0,0.0,0.0,0.0,0.96924103779913,0.9691607664226248,18.82818361563475,784,1.075710357889081,0.9691607664226248,18.82818361563475,784
1,11589165,2548164,18.984458740774,-0.68470281917888,-8.1514335282142e-05,0.000113810464265,0.000113793075995,7304,-0.0001207054356801,-9.4583434217518e-05,0.0001202152027224,9.4199293135227e-05,2.5362016718763e-09,1.9873393658094e-09,0.96924103779913,0.9691607664226248,18.82818361563475,784,1.075710357889081,0.9691607664226248,18.82818361563475,784
