time,NumDofs,NumElems,area,gradPx_avg,gradPy_avg,integral_in,integral_out,mem,product_avg,product_int,velx_avg,velx_int,vely_avg,vely_int,vol,M0_ps,M1_ps,M3_ps,Tau_ps,M0_eff_ps,M1_eff_ps,M3_eff_ps
0,0,0,42.145438125019,-1.0,-8.4080305139114e-18,0.0,0.0,4866,0.0,0.0,0.0,0.0,0.0,0.0,0.93007383672336,0.930001285135401,40.23771202741406,1521,1.109178612924915,0.930001285135401,40.23771202741406,1521
1,15396309,3350102,42.145438125019,-0.40690128350003,-0.0001471303706241,2.9447203822387e-05,2.9738361477763e-05,8479,-3.2110355811529e-05,-2.4200781746135e-05,3.2535837373732e-05,2.4521456686155e-05,3.4621153051388e-09,2.6093107585415e-09,0.93007383672336,0.930001285135401,40.23771202741406,1521,1.109178612924915,0.930001285135401,40.23771202741406,1521
