time,NumDofs,NumElems,area,gradPx_avg,gradPy_avg,integral_in,integral_out,mem,product_avg,product_int,velx_avg,velx_int,vely_avg,vely_int,vol,M0_ps,M1_ps,M3_ps,Tau_ps,M0_eff_ps,M1_eff_ps,M3_eff_ps
0,0,0,163.76189545183,-1.0,-1.4877899805781998e-17,0.0,0.0,5859,0.0,0.0,0.0,0.0,0.0,0.0,0.65115286286895,0.6504712832478584,162.95773058800742,5929,1.5215782483301428,0.6504712832478584,162.95773058800742,5929
1,17668164,3719386,163.76189545183,-0.46435526623328,-0.0004446894099129,1.043107359222e-06,1.0675255611549e-06,9594,-1.6103820474717e-06,-8.5334054345465e-07,1.6569815338205e-06,8.7803358512639e-07,-2.9926613357062e-10,-1.585809562766e-10,0.65115286286895,0.6504712832478584,162.95773058800742,5929,1.5215782483301428,0.6504712832478584,162.95773058800742,5929
