time,NumDofs,NumElems,area,gradPx_avg,gradPy_avg,integral_in,integral_out,mem,product_avg,product_int,velx_avg,velx_int,vely_avg,vely_int,vol,M0_ps,M1_ps,M3_ps,Tau_ps,M0_eff_ps,M1_eff_ps,M3_eff_ps
0,0,0,96.455141428744,-1.0,7.7539629307881e-18,0.0,0.0,6713,0.0,0.0,0.0,0.0,0.0,0.0,0.83996517135698,0.8399524499901607,87.42032934534852,3481,1.3250774392739055,0.8399524499901607,87.42032934534852,3481
1,21474612,4610676,96.455141428744,-0.57546689037737,0.000735789532457,8.7053140381296e-06,8.7052839731854e-06,11223,-1.0329898264578e-05,-7.033247580064e-06,1.0445168996781e-05,7.1117311795685e-06,-9.3562485248769e-10,-6.370325303369201e-10,0.83996517135698,0.8399524499901607,87.42032934534852,3481,1.3250774392739055,0.8399524499901607,87.42032934534852,3481
