time,NumDofs,NumElems,area,gradPx_avg,gradPy_avg,integral_in,integral_out,mem,product_avg,product_int,velx_avg,velx_int,vely_avg,vely_int,vol,M0_ps,M1_ps,M3_ps,Tau_ps,M0_eff_ps,M1_eff_ps,M3_eff_ps
0,0,0,15.763231232941,-1.0,1.1739547706238999e-17,0.0,0.0,4034,0.0,0.0,0.0,0.0,0.0,0.0,0.98226456710452,0.9821687463102557,14.458966828910476,625,1.0467167166516298,0.9821687463102557,14.458966828910476,625
1,12235593,2691645,15.763231232941,-0.52969061013814,-0.0015067806579182,0.00015111538224,0.0001511521333607,7197,-0.0001589176694474,-0.0001263383697936,0.0001578467117967,0.000125486966396,-1.687517559848e-08,-1.3415639573031e-08,0.98226456710452,0.9821687463102557,14.458966828910476,625,1.0467167166516298,0.9821687463102557,14.458966828910476,625
