time,NumDofs,NumElems,area,gradPx_avg,gradPy_avg,integral_in,integral_out,mem,product_avg,product_int,velx_avg,velx_int,vely_avg,vely_int,vol,M0_ps,M1_ps,M3_ps,Tau_ps,M0_eff_ps,M1_eff_ps,M3_eff_ps
0,0,0,46.87998995171,-1.0,-2.4276957666098e-17,0.0,0.0,4340,0.0,0.0,0.0,0.0,0.0,0.0,0.92404419538373,0.9238697836554873,46.46415517558665,1936,1.1232098267405806,0.9238697836554873,46.46415517558665,1936
1,13332879,2897640,46.87998995171,-0.49015281384541,-0.13179588972501,2.3094903421589e-05,2.3094762740641e-05,7746,-2.5167766699666e-05,-1.8806217723711e-05,2.5237046804426e-05,1.885798619207e-05,2.2690383193773e-06,1.6955031873456e-06,0.92404419538373,0.9238697836554873,46.46415517558665,1936,1.1232098267405806,0.9238697836554873,46.46415517558665,1936
