time,NumDofs,NumElems,area,gradPx_avg,gradPy_avg,integral_in,integral_out,mem,product_avg,product_int,velx_avg,velx_int,vely_avg,vely_int,vol,M0_ps,M1_ps,M3_ps,Tau_ps,M0_eff_ps,M1_eff_ps,M3_eff_ps
0,0,0,50.241873949948,-1.0,4.2923275774779e-17,0.0,0.0,5380,0.0,0.0,0.0,0.0,0.0,0.0,0.94716880268972,0.9471829430403894,45.25011293159524,2311,1.1145560415130362,0.9471829430403894,45.25011293159524,2311
1,16516530,3585981,50.241873949948,-0.3972979187049,0.0052270994987211,2.2153375784493e-05,2.2118197765009e-05,8931,-2.3345279356813e-05,-1.78857381124e-05,2.3592292636136e-05,1.8074984715824e-05,-1.3189930150199e-07,-1.010532505444e-07,0.94716880268972,0.9471829430403894,45.25011293159524,2311,1.1145560415130362,0.9471829430403894,45.25011293159524,2311
