time,NumDofs,NumElems,area,gradPx_avg,gradPy_avg,integral_in,integral_out,mem,product_avg,product_int,velx_avg,velx_int,vely_avg,vely_int,vol,M0_ps,M1_ps,M3_ps,Tau_ps,M0_eff_ps,M1_eff_ps,M3_eff_ps
0,0,0,17.262807329634,-1.0,1.2287699911011e-17,0.0,0.0,3743,0.0,0.0,0.0,0.0,0.0,0.0,0.96322660470352,0.9631507503985928,17.178882692078776,625,1.0600893525373012,0.9631507503985928,17.178882692078776,625
1,11205642,2467142,17.262807329634,-0.58553984059919,-0.0001184933409395,0.0001251411160335,0.000125132533423,6505,-0.0001346969824039,-0.0001049123523389,0.0001331254806166,0.0001036883460823,-6.3270318606504e-10,-4.927978221765701e-10,0.96322660470352,0.9631507503985928,17.178882692078776,625,1.0600893525373012,0.9631507503985928,17.178882692078776,625
