time,NumDofs,NumElems,area,gradPx_avg,gradPy_avg,integral_in,integral_out,mem,product_avg,product_int,velx_avg,velx_int,vely_avg,vely_int,vol,M0_ps,M1_ps,M3_ps,Tau_ps,M0_eff_ps,M1_eff_ps,M3_eff_ps
0,0,0,42.010767917399,-1.0,5.3125105090864e-17,0.0,0.0,4106,0.0,0.0,0.0,0.0,0.0,0.0,0.91050826520836,0.9103156212224047,41.81924940956077,1521,1.1185590146891398,0.9103156212224047,41.81924940956077,1521
1,12406752,2702994,42.010767917399,-0.50319899114941,0.001357080989097,2.7777234633828e-05,2.7975137315136e-05,7042,-3.102968468707e-05,-2.2897605350858e-05,3.128977394173e-05,2.3089531925983e-05,-3.1761086113887e-08,-2.3437325344574e-08,0.91050826520836,0.9103156212224047,41.81924940956077,1521,1.1185590146891398,0.9103156212224047,41.81924940956077,1521
