time,NumDofs,NumElems,area,gradPx_avg,gradPy_avg,integral_in,integral_out,mem,product_avg,product_int,velx_avg,velx_int,vely_avg,vely_int,vol,M0_ps,M1_ps,M3_ps,Tau_ps,M0_eff_ps,M1_eff_ps,M3_eff_ps
0,0,0,13.93416198713,-1.0,2.8433377156135e-17,0.0,0.0,3732,0.0,0.0,0.0,0.0,0.0,0.0,0.97260953863311,0.9725493070308955,13.860984076225796,529,1.0506728075157223,0.9725493070308955,13.860984076225796,529
1,11139912,2456216,13.93416198713,-0.61648599779966,1.9952551872094e-05,0.0001703962613082,0.0001703881332044,6242,-0.0001822448698919,-0.0001434567372086,0.0001806434963948,0.0001421961924421,-6.01766959885e-10,-4.7368973774794e-10,0.97260953863311,0.9725493070308955,13.860984076225796,529,1.0506728075157223,0.9725493070308955,13.860984076225796,529
