time,NumDofs,NumElems,area,gradPx_avg,gradPy_avg,integral_in,integral_out,mem,product_avg,product_int,velx_avg,velx_int,vely_avg,vely_int,vol,M0_ps,M1_ps,M3_ps,Tau_ps,M0_eff_ps,M1_eff_ps,M3_eff_ps
0,0,0,97.279220676063,-1.0,6.181752555925e-18,0.0,0.0,7046,0.0,0.0,0.0,0.0,0.0,0.0,0.91755513949639,0.9174471186862704,85.53670395845931,6898,1.2353384090846105,0.9174471186862704,85.53670395845931,6898
1,22572141,4853588,97.279220676063,-0.37979632607218,-0.17336973941119,6.7585906556594e-06,6.7616858172484e-06,12112,-7.2307881390092e-06,-5.3669205568694e-06,7.4255847125925e-06,5.5115047591823e-06,1.1896965717952e-06,8.8303057216663e-07,0.91755513949639,0.9174471186862704,85.53670395845931,6898,1.2353384090846105,0.9174471186862704,85.53670395845931,6898
