time,NumDofs,NumElems,area,gradPx_avg,gradPy_avg,integral_in,integral_out,mem,product_avg,product_int,velx_avg,velx_int,vely_avg,vely_int,vol,M0_ps,M1_ps,M3_ps,Tau_ps,M0_eff_ps,M1_eff_ps,M3_eff_ps
0,0,0,28.681287054884,-1.0,2.4907985655030002e-17,0.0,0.0,4497,0.0,0.0,0.0,0.0,0.0,0.0,0.96984056094277,0.969801326099092,26.02194940502342,1156,1.0906591076737546,0.969801326099092,26.02194940502342,1156
1,13974966,3056818,28.681287054884,-0.56553370090302,0.0005790420055715,6.7484592589628e-05,6.7685759286926e-05,7452,-7.0389621212943e-05,-5.5364068511847e-05,7.1718922283182e-05,5.6409613497846e-05,-2.832429488566e-10,-2.2278116795876001e-10,0.96984056094277,0.969801326099092,26.02194940502342,1156,1.0906591076737546,0.969801326099092,26.02194940502342,1156
