time,NumDofs,NumElems,area,gradPx_avg,gradPy_avg,integral_in,integral_out,mem,product_avg,product_int,velx_avg,velx_int,vely_avg,vely_int,vol,M0_ps,M1_ps,M3_ps,Tau_ps,M0_eff_ps,M1_eff_ps,M3_eff_ps
0,0,0,7.0708458822181,-1.0,3.7684568862481e-17,0.0,0.0,3615,0.0,0.0,0.0,0.0,0.0,0.0,0.98493761728572,0.9848976510134497,7.039259526222748,256,1.0145537461761331,0.9848976510134497,7.039259526222748,256
1,10742718,2377062,7.0708458822181,-0.43994800163032,-0.0003030525035913,0.0003820598822938,0.0003820228372287,6179,-0.0004000073750978,-0.0003193932290429,0.0004101942898487,0.0003275271580623,-7.0033053748597e-09,-5.5919176917757e-09,0.98493761728572,0.9848976510134497,7.039259526222748,256,1.0145537461761331,0.9848976510134497,7.039259526222748,256
