time,NumDofs,NumElems,area,gradPx_avg,gradPy_avg,integral_in,integral_out,mem,product_avg,product_int,velx_avg,velx_int,vely_avg,vely_int,vol,M0_ps,M1_ps,M3_ps,Tau_ps,M0_eff_ps,M1_eff_ps,M3_eff_ps
0,0,0,166.01199999983,-1.0,2.0109463802162e-17,0.0,0.0,8721,0.0,0.0,0.0,0.0,0.0,0.0,0.71540800000022,0.7147039570122208,158.827077020477,5929,1.4950984502585731,0.7147039570122208,158.827077020477,5929
1,28776339,6120674,166.01199999983,-0.3814250036498,0.0008544932848073,1.3070268391067e-06,1.3434268055607e-06,14756,-1.7712329707189e-06,-1.0299331169629e-06,1.835348967692e-06,1.0672151626911e-06,8.9196500059035e-10,5.186580808209501e-10,0.71540800000022,0.7147039570122208,158.827077020477,5929,1.4950984502585731,0.7147039570122208,158.827077020477,5929
