time,NumDofs,NumElems,area,gradPx_avg,gradPy_avg,integral_in,integral_out,mem,product_avg,product_int,velx_avg,velx_int,vely_avg,vely_int,vol,M0_ps,M1_ps,M3_ps,Tau_ps,M0_eff_ps,M1_eff_ps,M3_eff_ps
0,0,0,159.09176446305,-1.0,-5.6177213271125e-17,0.0,0.0,8822,0.0,0.0,0.0,0.0,0.0,0.0,0.7628399999999,0.7621234452873683,146.07223370499153,5929,1.4941379171045333,0.7621234452873683,146.07223370499153,5929
1,29208864,6224696,159.09176446305,-0.34033158935683,-0.1303233086764,1.6096241982296e-06,1.6088152184138e-06,14851,-2.0305595828306e-06,-1.2581214165803e-06,2.1058071022963e-06,1.3047442867412e-06,2.1805210334294e-07,1.3510365490665e-07,0.7628399999999,0.7621234452873683,146.07223370499153,5929,1.4941379171045333,0.7621234452873683,146.07223370499153,5929
