time,NumDofs,NumElems,area,gradPx_avg,gradPy_avg,integral_in,integral_out,mem,product_avg,product_int,velx_avg,velx_int,vely_avg,vely_int,vol,M0_ps,M1_ps,M3_ps,Tau_ps,M0_eff_ps,M1_eff_ps,M3_eff_ps
0,0,0,152.14313731129,-1.0,7.0434883837604e-17,0.0,0.0,5987,0.0,0.0,0.0,0.0,0.0,0.0,0.70093137079651,0.7003636531580194,151.2357928572673,5776,1.2149271838527886,0.7003636531580194,151.2357928572673,5776
1,18236133,3854756,152.14313731129,-0.30882227824709,-0.0004843256633022,6.6514155333301e-07,6.6389335371467e-07,10016,-8.9755775053531e-07,-5.1180700323866e-07,9.4281505210611e-07,5.3761370356274e-07,-8.4242298196958e-11,-4.8036795582688e-11,0.70093137079651,0.7003636531580194,151.2357928572673,5776,1.2149271838527886,0.7003636531580194,151.2357928572673,5776
