time,NumDofs,NumElems,area,gradPx_avg,gradPy_avg,integral_in,integral_out,mem,product_avg,product_int,velx_avg,velx_int,vely_avg,vely_int,vol,M0_ps,M1_ps,M3_ps,Tau_ps,M0_eff_ps,M1_eff_ps,M3_eff_ps
0,0,0,157.49999999981,-1.0,2.5648599246281e-17,0.0,0.0,8513,0.0,0.0,0.0,0.0,0.0,0.0,0.73000000000023,0.728916751338348,143.07155908075669,5625,1.5181946394452313,0.728916751338348,143.07155908075669,5625
1,27990711,5960074,157.49999999981,-0.60268995792822,0.0004104461233044,2.8255491776176e-06,2.8257043923381e-06,14837,-3.8183457810792e-06,-2.2670667775558e-06,3.8656370516787e-06,2.2951450278221e-06,-2.5828309898808004e-10,-1.5335044715478002e-10,0.73000000000023,0.728916751338348,143.07155908075669,5625,1.5181946394452313,0.728916751338348,143.07155908075669,5625
