time,NumDofs,NumElems,area,gradPx_avg,gradPy_avg,integral_in,integral_out,mem,product_avg,product_int,velx_avg,velx_int,vely_avg,vely_int,vol,M0_ps,M1_ps,M3_ps,Tau_ps,M0_eff_ps,M1_eff_ps,M3_eff_ps
0,0,0,114.68212507823,-1.0,-2.6363221832623998e-17,0.0,0.0,7472,0.0,0.0,0.0,0.0,0.0,0.0,0.86456406184195,0.8641672121798708,105.53468996353661,4489,1.3679910845855192,0.8641672121798708,105.53468996353661,4489
1,24095685,5161732,114.68212507823,-0.45118968405583,-0.0003357960763788,5.9041598371715e-06,5.9801677917201e-06,12498,-6.7106557962279e-06,-4.6903117856424e-06,6.8764719830352e-06,4.8062065117093e-06,-1.3202925277408e-09,-9.227985745952401e-10,0.86456406184195,0.8641672121798708,105.53468996353661,4489,1.3679910845855192,0.8641672121798708,105.53468996353661,4489
