time,NumDofs,NumElems,area,gradPx_avg,gradPy_avg,integral_in,integral_out,mem,product_avg,product_int,velx_avg,velx_int,vely_avg,vely_int,vol,M0_ps,M1_ps,M3_ps,Tau_ps,M0_eff_ps,M1_eff_ps,M3_eff_ps
0,0,0,10.218946320184,-1.0,2.9925730036169e-17,0.0,0.0,3862,0.0,0.0,0.0,0.0,0.0,0.0,0.98793174977361,0.9878614945321504,9.419701228018988,400,1.0170794005966808,0.9878614945321504,9.419701228018988,400
1,11685882,2578462,10.218946320184,-0.32494187839273,0.0018086796050341,0.0002275903828035,0.0002275582923537,6919,-0.0002373661806107,-0.0001899452472562,0.0002395386432396,0.0001916836960534,3.2528239164162e-08,2.6029758809564e-08,0.98793174977361,0.9878614945321504,9.419701228018988,400,1.0170794005966808,0.9878614945321504,9.419701228018988,400
