time,NumDofs,NumElems,area,gradPx_avg,gradPy_avg,integral_in,integral_out,mem,product_avg,product_int,velx_avg,velx_int,vely_avg,vely_int,vol,M0_ps,M1_ps,M3_ps,Tau_ps,M0_eff_ps,M1_eff_ps,M3_eff_ps
0,0,0,93.847973468497,-1.0,2.4549215756493e-17,0.0,0.0,6744,0.0,0.0,0.0,0.0,0.0,0.0,0.89441032671748,0.894218296312063,85.58385161461334,4146,1.227848131660321,0.894218296312063,85.58385161461334,4146
1,21557361,4634149,93.847973468497,-0.37777255709525,-0.0010404170938549,6.7249664526292e-06,6.8005906232865e-06,11119,-7.4171857575669e-06,-5.3712632208289e-06,7.6025093451948e-06,5.5054679991253e-06,1.8373509595047e-08,1.3305444888547e-08,0.89441032671748,0.894218296312063,85.58385161461334,4146,1.227848131660321,0.894218296312063,85.58385161461334,4146
