time,NumDofs,NumElems,area,gradPx_avg,gradPy_avg,integral_in,integral_out,mem,product_avg,product_int,velx_avg,velx_int,vely_avg,vely_int,vol,M0_ps,M1_ps,M3_ps,Tau_ps,M0_eff_ps,M1_eff_ps,M3_eff_ps
0,0,0,32.154799327971,-1.0,-1.2294857465678e-17,0.0,0.0,4573,0.0,0.0,0.0,0.0,0.0,0.0,0.96618803372134,0.9661808587114108,29.155470022028034,1296,1.0390064064167264,0.9661808587114108,29.155470022028034,1296
1,14356755,3135920,32.154799327971,-0.2855351509802,0.0004007390482962,3.7062315202885e-05,3.7074575054289e-05,7761,-3.8384852246298e-05,-3.0070482303077e-05,3.9328409754959e-05,3.0809660069975e-05,1.4781767319013e-09,1.1579955283466e-09,0.96618803372134,0.9661808587114108,29.155470022028034,1296,1.0390064064167264,0.9661808587114108,29.155470022028034,1296
