time,NumDofs,NumElems,area,gradPx_avg,gradPy_avg,integral_in,integral_out,mem,product_avg,product_int,velx_avg,velx_int,vely_avg,vely_int,vol,M0_ps,M1_ps,M3_ps,Tau_ps,M0_eff_ps,M1_eff_ps,M3_eff_ps
0,0,0,164.39150276311,-1.0,7.9889092947657e-17,0.0,0.0,6099,0.0,0.0,0.0,0.0,0.0,0.0,0.67685468925592,0.6762282079188437,163.41137245746935,6241,1.9590870664459223,0.6762282079188437,163.41137245746935,6241
1,18570006,3913140,164.39150276311,-0.66846687109903,-7.4898578304171e-05,2.3909219692082e-06,2.3901739626876e-06,10017,-3.4737858561319e-06,-1.9069612386307e-06,3.5098430610387e-06,1.9267551162554e-06,2.1866149475944002e-10,1.2003589517508e-10,0.67685468925592,0.6762282079188437,163.41137245746935,6241,1.9590870664459223,0.6762282079188437,163.41137245746935,6241
