time,NumDofs,NumElems,area,gradPx_avg,gradPy_avg,integral_in,integral_out,mem,product_avg,product_int,velx_avg,velx_int,vely_avg,vely_int,vol,M0_ps,M1_ps,M3_ps,Tau_ps,M0_eff_ps,M1_eff_ps,M3_eff_ps
0,0,0,56.110790403117,-1.0,1.4188611632232e-18,0.0,0.0,5529,0.0,0.0,0.0,0.0,0.0,0.0,0.90690303705775,0.9063778860325862,50.993809166629404,2025,1.1790431806209623,0.9063778860325862,50.993809166629404,2025
1,16955541,3673414,56.110790403117,-0.53183027002528,0.0007189719249539,2.2362985966802e-05,2.23612677492e-05,9548,-2.4748852917602e-05,-1.8132769948647e-05,2.4822846059934e-05,1.8186982587598e-05,-1.6521136508872e-09,-1.21045596983e-09,0.90690303705775,0.9063778860325862,50.993809166629404,2025,1.1790431806209623,0.9063778860325862,50.993809166629404,2025
