time,NumDofs,NumElems,area,gradPx_avg,gradPy_avg,integral_in,integral_out,mem,product_avg,product_int,velx_avg,velx_int,vely_avg,vely_int,vol,M0_ps,M1_ps,M3_ps,Tau_ps,M0_eff_ps,M1_eff_ps,M3_eff_ps
0,0,0,19.451668729263,-1.0,5.731897807231e-18,0.0,0.0,4195,0.0,0.0,0.0,0.0,0.0,0.0,0.97954584755965,0.9795121304733716,17.576373099250088,881,1.0430948032794782,0.9795121304733716,17.576373099250088,881
1,12853359,2822824,19.451668729263,-0.40231006003333,6.5695211781134e-05,9.7949630400591e-05,9.7982669882281e-05,7285,-0.0001018524349716,-8.0706708809167e-05,0.0001021310846372,8.0927507628807e-05,9.2847370794309e-08,7.3571198572507e-08,0.97954584755965,0.9795121304733716,17.576373099250088,881,1.0430948032794782,0.9795121304733716,17.576373099250088,881
