time,NumDofs,NumElems,area,gradPx_avg,gradPy_avg,integral_in,integral_out,mem,product_avg,product_int,velx_avg,velx_int,vely_avg,vely_int,vol,M0_ps,M1_ps,M3_ps,Tau_ps,M0_eff_ps,M1_eff_ps,M3_eff_ps
0,0,0,16.462856790087,-1.0,-6.1373026301381e-17,0.0,0.0,3762,0.0,0.0,0.0,0.0,0.0,0.0,0.96763886889564,0.9675774394480343,16.3592259259293,625,1.0600812343220096,0.9675774394480343,16.3592259259293,625
1,11251989,2477858,16.462856790087,-0.61887867018702,0.0003765318314309,0.000135186535323,0.0001351749575346,6836,-0.000144963447885,-0.0001134506452263,0.0001432418555371,0.0001121033003229,2.2417291419591e-09,1.7544120348158e-09,0.96763886889564,0.9675774394480343,16.3592259259293,625,1.0600812343220096,0.9675774394480343,16.3592259259293,625
