time,NumDofs,NumElems,area,gradPx_avg,gradPy_avg,integral_in,integral_out,mem,product_avg,product_int,velx_avg,velx_int,vely_avg,vely_int,vol,M0_ps,M1_ps,M3_ps,Tau_ps,M0_eff_ps,M1_eff_ps,M3_eff_ps
0,0,0,14.611240123802,-1.0,5.980879981589099e-17,0.0,0.0,3703,0.0,0.0,0.0,0.0,0.0,0.0,0.9688749982208,0.9688063501753005,14.544034573551144,529,1.0299807543383996,0.9688063501753005,14.544034573551144,529
1,11081586,2442902,14.611240123802,-0.43263023602345,-0.0004153418755194,0.0001372822024548,0.000137276132416,6376,-0.00014702037264,-0.0001152715677212,0.0001458646070666,0.0001143653878008,-2.2137021151098e-09,-1.7356568256105e-09,0.9688749982208,0.9688063501753005,14.544034573551144,529,1.0299807543383996,0.9688063501753005,14.544034573551144,529
