time,NumDofs,NumElems,area,gradPx_avg,gradPy_avg,integral_in,integral_out,mem,product_avg,product_int,velx_avg,velx_int,vely_avg,vely_int,vol,M0_ps,M1_ps,M3_ps,Tau_ps,M0_eff_ps,M1_eff_ps,M3_eff_ps
0,0,0,185.7201863751,-1.0,-3.3040558367024e-17,0.0,0.0,6159,0.0,0.0,0.0,0.0,0.0,0.0,0.6043771040531,0.6036060096144192,184.7826695170016,6724,2.070251864267497,0.6036060096144192,184.7826695170016,6724
1,18612669,3901716,185.7201863751,-0.62379330785727,-0.0009715874046027,1.2942524090544e-06,1.2927340456703e-06,10021,-2.0826870528251e-06,-1.0159957873328e-06,2.1077056016645e-06,1.0282005687432e-06,-9.7177922832195e-10,-4.740623901480201e-10,0.6043771040531,0.6036060096144192,184.7826695170016,6724,2.070251864267497,0.6036060096144192,184.7826695170016,6724
