time,NumDofs,NumElems,area,gradPx_avg,gradPy_avg,integral_in,integral_out,mem,product_avg,product_int,velx_avg,velx_int,vely_avg,vely_int,vol,M0_ps,M1_ps,M3_ps,Tau_ps,M0_eff_ps,M1_eff_ps,M3_eff_ps
0,0,0,32.154799327971,-1.0,-1.5798849576463e-17,0.0,0.0,4576,0.0,0.0,0.0,0.0,0.0,0.0,0.96618803372131,0.9661396942180955,29.113963685282616,1489,1.0735929367326762,0.9661396942180955,29.113963685282616,1489
1,14347170,3133790,32.154799327971,-0.40994208547716,0.0032973331344261,4.6105137836353e-05,4.6265341399595e-05,8148,-4.7868259389416e-05,-3.7494452159418e-05,4.8971015570613e-05,3.8358223673295e-05,-1.5466807450642e-07,-1.2114906190745e-07,0.96618803372131,0.9661396942180955,29.113963685282616,1489,1.0735929367326762,0.9661396942180955,29.113963685282616,1489
