time,NumDofs,NumElems,area,gradPx_avg,gradPy_avg,integral_in,integral_out,mem,product_avg,product_int,velx_avg,velx_int,vely_avg,vely_int,vol,M0_ps,M1_ps,M3_ps,Tau_ps,M0_eff_ps,M1_eff_ps,M3_eff_ps
0,0,0,70.610563377671,-1.0,1.2766163927061999e-17,0.0,0.0,4736,0.0,0.0,0.0,0.0,0.0,0.0,0.88559549263416,0.8853398179123778,70.07326982272781,2916,1.1899554131081826,0.8853398179123778,70.07326982272781,2916
1,14753934,3181090,70.610563377671,-0.47561268760269,-0.0006957809171384,1.0748125109856e-05,1.0606596536308e-05,7872,-1.2062758248341e-05,-8.6790286091015e-06,1.2241273233848e-05,8.8074682772501e-06,9.0364952974043e-09,6.5016640139475e-09,0.88559549263416,0.8853398179123778,70.07326982272781,2916,1.1899554131081826,0.8853398179123778,70.07326982272781,2916
