time,NumDofs,NumElems,area,gradPx_avg,gradPy_avg,integral_in,integral_out,mem,product_avg,product_int,velx_avg,velx_int,vely_avg,vely_int,vol,M0_ps,M1_ps,M3_ps,Tau_ps,M0_eff_ps,M1_eff_ps,M3_eff_ps
0,0,0,160.04737055227,-1.0,6.5431618706333e-17,0.0,0.0,8690,0.0,0.0,0.0,0.0,0.0,0.0,0.73445528002243,0.7339247633543641,145.18297516516154,5776,1.193968904268714,0.7339247633543641,145.18297516516154,5776
1,28668042,6103646,160.04737055227,-0.36874902911204,1.4634980893788e-05,1.0555298254555e-06,1.055136078188e-06,14531,-1.3936684143006e-06,-8.3233620908691e-07,1.4371509878082e-06,8.5830516986935e-07,-5.521881993977199e-12,-3.2978162371562996e-12,0.73445528002243,0.7339247633543641,145.18297516516154,5776,1.193968904268714,0.7339247633543641,145.18297516516154,5776
