time,NumDofs,NumElems,area,gradPx_avg,gradPy_avg,integral_in,integral_out,mem,product_avg,product_int,velx_avg,velx_int,vely_avg,vely_int,vol,M0_ps,M1_ps,M3_ps,Tau_ps,M0_eff_ps,M1_eff_ps,M3_eff_ps
0,0,0,22.17486865801,-1.0,4.4822862601719e-17,0.0,0.0,4262,0.0,0.0,0.0,0.0,0.0,0.0,0.96080000000001,0.9609238517114389,20.33225912304142,784,1.0583318598498053,0.9609238517114389,20.33225912304142,784
1,13132239,2879832,22.17486865801,-0.38731019894344,0.0002699604408735,8.2802546244468e-05,8.2802246426617e-05,7107,-8.8238317027559e-05,-6.8500891097814e-05,8.8105145599476e-05,6.8397507876105e-05,-3.2493712562816e-10,-2.5225416129979e-10,0.96080000000001,0.9609238517114389,20.33225912304142,784,1.0583318598498053,0.9609238517114389,20.33225912304142,784
