time,NumDofs,NumElems,area,gradPx_avg,gradPy_avg,integral_in,integral_out,mem,product_avg,product_int,velx_avg,velx_int,vely_avg,vely_int,vol,M0_ps,M1_ps,M3_ps,Tau_ps,M0_eff_ps,M1_eff_ps,M3_eff_ps
0,0,0,45.979631647643,-1.0,-5.3285820213957e-18,0.0,0.0,5292,0.0,0.0,0.0,0.0,0.0,0.0,0.9610319214026,0.9609810803972675,40.428883411277816,3258,1.1060472022948813,0.9609810803972675,40.428883411277816,3258
1,16157562,3513086,45.979631647643,-0.39753299533327,-0.17215002056674,2.6000187735166e-05,2.6004995906706e-05,8744,-2.7001914696047e-05,-2.1002132790514e-05,2.7374804963447e-05,2.1292167441775e-05,3.5184264982003e-06,2.7366378036771e-06,0.9610319214026,0.9609810803972675,40.428883411277816,3258,1.1060472022948813,0.9609810803972675,40.428883411277816,3258
