time,NumDofs,NumElems,area,gradPx_avg,gradPy_avg,integral_in,integral_out,mem,product_avg,product_int,velx_avg,velx_int,vely_avg,vely_int,vol,M0_ps,M1_ps,M3_ps,Tau_ps,M0_eff_ps,M1_eff_ps,M3_eff_ps
0,0,0,190.88752349997,-1.0,2.800098802678e-17,0.0,0.0,10085,0.0,0.0,0.0,0.0,0.0,0.0,0.68328643076069,0.6826016762984888,175.4702937865829,6889,1.6660990413105665,0.6826016762984888,175.4702937865829,6889
1,32098509,6814774,190.88752349997,-0.28762098173983,-0.11285887954559,6.6465130674316e-07,6.6482802880289e-07,16434,-9.0950057042187e-07,-5.0170074787276e-07,9.6252470268187e-07,5.3095003883011e-07,5.6033572744768e-08,3.0909365278345e-08,0.68328643076069,0.6826016762984888,175.4702937865829,6889,1.6660990413105665,0.6826016762984888,175.4702937865829,6889
