time,NumDofs,NumElems,area,gradPx_avg,gradPy_avg,integral_in,integral_out,mem,product_avg,product_int,velx_avg,velx_int,vely_avg,vely_int,vol,M0_ps,M1_ps,M3_ps,Tau_ps,M0_eff_ps,M1_eff_ps,M3_eff_ps
0,0,0,164.39150276311,-1.0,-1.5231548310153e-17,0.0,0.0,6100,0.0,0.0,0.0,0.0,0.0,0.0,0.6768546892559,0.67623121995494,163.4071201440812,6241,1.2239650827166044,0.67623121995494,163.4071201440812,6241
1,18573498,3913916,164.39150276311,-0.29104573285942,-0.0002668327275163,4.6497896453705e-07,4.6822087357991e-07,9974,-6.3842917506634e-07,-3.5046566006268e-07,6.743983990437e-07,3.702109635599e-07,-5.306018674954e-10,-2.9127386558257004e-10,0.6768546892559,0.67623121995494,163.4071201440812,6241,1.2239650827166044,0.67623121995494,163.4071201440812,6241
