time,NumDofs,NumElems,area,gradPx_avg,gradPy_avg,integral_in,integral_out,mem,product_avg,product_int,velx_avg,velx_int,vely_avg,vely_int,vol,M0_ps,M1_ps,M3_ps,Tau_ps,M0_eff_ps,M1_eff_ps,M3_eff_ps
0,0,0,36.734124734371,-1.0,5.5279148026922e-17,0.0,0.0,4732,0.0,0.0,0.0,0.0,0.0,0.0,0.94524000000004,0.9451598587957478,35.00382439314772,1369,1.0934720406375118,0.9451598587957478,35.00382439314772,1369
1,14883024,3244856,36.734124734371,-0.40661678033036,-0.0013651704159728,3.6835343224706e-05,3.699446028708e-05,7952,-3.9466338037706e-05,-3.0248384211743e-05,3.9991898390663e-05,3.0651192079742e-05,9.0702612410587e-08,6.9517660001367e-08,0.94524000000004,0.9451598587957478,35.00382439314772,1369,1.0934720406375118,0.9451598587957478,35.00382439314772,1369
