time,NumDofs,NumElems,area,gradPx_avg,gradPy_avg,integral_in,integral_out,mem,product_avg,product_int,velx_avg,velx_int,vely_avg,vely_int,vol,M0_ps,M1_ps,M3_ps,Tau_ps,M0_eff_ps,M1_eff_ps,M3_eff_ps
0,0,0,22.329721755532,-1.0,-4.4986463524567e-17,0.0,0.0,4289,0.0,0.0,0.0,0.0,0.0,0.0,0.97651946786191,0.9764549138356874,20.16554691464048,1016,1.05031563522655,0.9764549138356874,20.16554691464048,1016
1,13183542,2891442,22.329721755532,-0.41224616524849,-0.00530833829103,8.0443349513129e-05,8.0306886524939e-05,7422,-8.3663575676929e-05,-6.6174307559114e-05,8.464302497282e-05,6.6949010031731e-05,3.9845108332858e-07,3.1515775320512e-07,0.97651946786191,0.9764549138356874,20.16554691464048,1016,1.05031563522655,0.9764549138356874,20.16554691464048,1016
