time,NumDofs,NumElems,area,gradPx_avg,gradPy_avg,integral_in,integral_out,mem,product_avg,product_int,velx_avg,velx_int,vely_avg,vely_int,vol,M0_ps,M1_ps,M3_ps,Tau_ps,M0_eff_ps,M1_eff_ps,M3_eff_ps
0,0,0,32.163127831527,-1.0,-4.6381643878165e-17,0.0,0.0,3919,0.0,0.0,0.0,0.0,0.0,0.0,0.9196430127272,0.919483255087329,32.047243272108396,1024,1.0987682463039548,0.919483255087329,32.047243272108396,1024
1,11811951,2583608,32.163127831527,-0.50438056413292,8.2759918864702e-05,4.5363195551268e-05,4.5360092558336e-05,6801,-5.0130163578177e-05,-3.7458483073449e-05,5.0601020547765e-05,3.7810318905738e-05,-3.2521611411169e-10,-2.4300942658341e-10,0.9196430127272,0.919483255087329,32.047243272108396,1024,1.0987682463039548,0.919483255087329,32.047243272108396,1024
