time,NumDofs,NumElems,area,gradPx_avg,gradPy_avg,integral_in,integral_out,mem,product_avg,product_int,velx_avg,velx_int,vely_avg,vely_int,vol,M0_ps,M1_ps,M3_ps,Tau_ps,M0_eff_ps,M1_eff_ps,M3_eff_ps
0,0,0,15.200594996615,-1.0,-1.1352048529561e-18,0.0,0.0,4052,0.0,0.0,0.0,0.0,0.0,0.0,0.98541311554718,0.9854006610415219,13.592576888659565,625,1.0150255917627387,0.9854006610415219,13.592576888659565,625
1,12301833,2706990,15.200594996615,-0.24549165447573,0.0003626836237977,0.0001161607332523,0.0001161187064064,6974,-0.0001208122781405,-9.6366550842105e-05,0.0001205561256292,9.616222944047e-05,-9.6595333859273e-09,-7.7049777512091e-09,0.98541311554718,0.9854006610415219,13.592576888659565,625,1.0150255917627387,0.9854006610415219,13.592576888659565,625
