time,NumDofs,NumElems,area,gradPx_avg,gradPy_avg,integral_in,integral_out,mem,product_avg,product_int,velx_avg,velx_int,vely_avg,vely_int,vol,M0_ps,M1_ps,M3_ps,Tau_ps,M0_eff_ps,M1_eff_ps,M3_eff_ps
0,0,0,159.09176446305,-1.0,-3.2799559434589e-17,0.0,0.0,8743,0.0,0.0,0.0,0.0,0.0,0.0,0.76283999999989,0.7625019578234625,151.74659120265042,5929,1.4849978923114286,0.7625019578234625,151.74659120265042,5929
1,28897284,6155456,159.09176446305,-0.3617814107516,0.0008074792771314,1.5954918134112e-06,1.6267779988025e-06,14528,-2.008106685386e-06,-1.2441775594182e-06,2.074431610268e-06,1.2852709852649e-06,-1.3437143108484e-09,-8.3253504606768e-10,0.76283999999989,0.7625019578234625,151.74659120265042,5929,1.4849978923114286,0.7625019578234625,151.74659120265042,5929
