time,NumDofs,NumElems,area,gradPx_avg,gradPy_avg,integral_in,integral_out,mem,product_avg,product_int,velx_avg,velx_int,vely_avg,vely_int,vol,M0_ps,M1_ps,M3_ps,Tau_ps,M0_eff_ps,M1_eff_ps,M3_eff_ps
0,0,0,35.796157278729,-1.0,-6.1004198887879e-17,0.0,0.0,4038,0.0,0.0,0.0,0.0,0.0,0.0,0.92374668751474,0.9235876562744728,35.62428826164352,1296,1.073038037085597,0.9235876562744728,35.62428826164352,1296
1,12111921,2645276,35.796157278729,-0.43114530644005,-0.0001743372483015,3.2460914789494e-05,3.2460869745149e-05,7193,-3.5508511012626e-05,-2.6622358780632e-05,3.597921621428e-05,2.6975268052267e-05,-5.2262260333008e-10,-3.9183412809887004e-10,0.92374668751474,0.9235876562744728,35.62428826164352,1296,1.073038037085597,0.9235876562744728,35.62428826164352,1296
