time,NumDofs,NumElems,area,gradPx_avg,gradPy_avg,integral_in,integral_out,mem,product_avg,product_int,velx_avg,velx_int,vely_avg,vely_int,vol,M0_ps,M1_ps,M3_ps,Tau_ps,M0_eff_ps,M1_eff_ps,M3_eff_ps
0,0,0,31.018734983881,-1.0,6.4680542766929e-17,0.0,0.0,4559,0.0,0.0,0.0,0.0,0.0,0.0,0.95376,0.9537190613692315,29.56695114218331,1156,1.0795653822135944,0.9537190613692315,29.56695114218331,1156
1,14202840,3103218,31.018734983881,-0.4115862697231,0.0012570397160701,4.8735272217512e-05,4.9002263072521e-05,7790,-5.1827897434828e-05,-4.0115674640713e-05,5.2800613538978e-05,4.0868573459365e-05,-8.5281789672774e-08,-6.6009556563485e-08,0.95376,0.9537190613692315,29.56695114218331,1156,1.0795653822135944,0.9537190613692315,29.56695114218331,1156
