time,NumDofs,NumElems,area,gradPx_avg,gradPy_avg,integral_in,integral_out,mem,product_avg,product_int,velx_avg,velx_int,vely_avg,vely_int,vol,M0_ps,M1_ps,M3_ps,Tau_ps,M0_eff_ps,M1_eff_ps,M3_eff_ps
0,0,0,105.94206688839,-1.0,-8.961272422504899e-19,0.0,0.0,7330,0.0,0.0,0.0,0.0,0.0,0.0,0.89833525012323,0.898275508933699,94.7330114480844,4356,1.1024532128266658,0.898275508933699,94.7330114480844,4356
1,23626962,5071958,105.94206688839,-0.2370372211954,0.0001518691906495,2.6784731844771e-06,2.68112452201e-06,12208,-2.8752897037205e-06,-2.0886086951386e-06,2.9932349212556e-06,2.1742840295493e-06,-7.900528195918799e-12,-5.7389388849521e-12,0.89833525012323,0.898275508933699,94.7330114480844,4356,1.1024532128266658,0.898275508933699,94.7330114480844,4356
