time,NumDofs,NumElems,area,gradPx_avg,gradPy_avg,integral_in,integral_out,mem,product_avg,product_int,velx_avg,velx_int,vely_avg,vely_int,vol,M0_ps,M1_ps,M3_ps,Tau_ps,M0_eff_ps,M1_eff_ps,M3_eff_ps
0,0,0,113.36864645916,-1.0,5.0548614633735e-17,0.0,0.0,7340,0.0,0.0,0.0,0.0,0.0,0.0,0.83099999999991,0.8306462624648093,108.18073652485691,4225,1.3222916142371455,0.8306462624648093,108.18073652485691,4225
1,23770875,5092366,113.36864645916,-0.38702120740987,-0.0018341288841738,4.0772979212457e-06,4.1633430614076e-06,12204,-4.8682857000707e-06,-3.2662315444001e-06,4.9554474975058e-06,3.3247101608554e-06,6.1478009151384e-09,4.1246842348273e-09,0.83099999999991,0.8306462624648093,108.18073652485691,4225,1.3222916142371455,0.8306462624648093,108.18073652485691,4225
