time,NumDofs,NumElems,area,gradPx_avg,gradPy_avg,integral_in,integral_out,mem,product_avg,product_int,velx_avg,velx_int,vely_avg,vely_int,vol,M0_ps,M1_ps,M3_ps,Tau_ps,M0_eff_ps,M1_eff_ps,M3_eff_ps
0,0,0,89.318887022141,-1.0,-6.5799659026462004e-18,0.0,0.0,6641,0.0,0.0,0.0,0.0,0.0,0.0,0.90607787144862,0.9058035911502363,81.41709509263406,4937,1.2217843092040517,0.9058035911502363,81.41709509263406,4937
1,21241323,4571360,89.318887022141,-0.38143228128521,-0.13012933438126,7.6809026205877e-06,7.6838989230779e-06,10907,-8.3304579860114e-06,-6.1138790936292e-06,8.5530016083027e-06,6.2772080248875e-06,9.6175501106794e-07,7.0585001031579e-07,0.90607787144862,0.9058035911502363,81.41709509263406,4937,1.2217843092040517,0.9058035911502363,81.41709509263406,4937
