time,NumDofs,NumElems,area,gradPx_avg,gradPy_avg,integral_in,integral_out,mem,product_avg,product_int,velx_avg,velx_int,vely_avg,vely_int,vol,M0_ps,M1_ps,M3_ps,Tau_ps,M0_eff_ps,M1_eff_ps,M3_eff_ps
0,0,0,36.060241513007,-1.0,-4.576519904549e-18,0.0,0.0,4059,0.0,0.0,0.0,0.0,0.0,0.0,0.92911617843076,0.9289591206461019,35.85754638757731,1369,1.135721452548698,0.9289591206461019,35.85754638757731,1369
1,12282561,2681578,36.060241513007,-0.61593331044153,0.0002423462329249,4.2334078337988e-05,4.2331986134697e-05,7068,-4.6124333078658e-05,-3.4760041434435e-05,4.6607868331376e-05,3.5124441400735e-05,1.5882177640496e-09,1.1969065263474e-09,0.92911617843076,0.9289591206461019,35.85754638757731,1369,1.135721452548698,0.9289591206461019,35.85754638757731,1369
