time,NumDofs,NumElems,area,gradPx_avg,gradPy_avg,integral_in,integral_out,mem,product_avg,product_int,velx_avg,velx_int,vely_avg,vely_int,vol,M0_ps,M1_ps,M3_ps,Tau_ps,M0_eff_ps,M1_eff_ps,M3_eff_ps
0,0,0,12.865783605135,-1.0,1.3266315949452e-17,0.0,0.0,3991,0.0,0.0,0.0,0.0,0.0,0.0,0.98765366099934,0.9876827803904402,11.483615088441816,529,1.041168845641358,0.9876827803904402,11.483615088441816,529
1,12099693,2665974,12.865783605135,-0.61191198065441,0.0001607882652367,0.0002075532381746,0.000207594811691,7044,-0.0002180081298977,-0.0001743421258215,0.0002170026787149,0.0001735380617864,1.3524202587979e-08,1.0815368355001e-08,0.98765366099934,0.9876827803904402,11.483615088441816,529,1.041168845641358,0.9876827803904402,11.483615088441816,529
