time,NumDofs,NumElems,area,gradPx_avg,gradPy_avg,integral_in,integral_out,mem,product_avg,product_int,velx_avg,velx_int,vely_avg,vely_int,vol,M0_ps,M1_ps,M3_ps,Tau_ps,M0_eff_ps,M1_eff_ps,M3_eff_ps
0,0,0,57.023293174586,-1.0,-1.2620490327406e-17,0.0,0.0,5642,0.0,0.0,0.0,0.0,0.0,0.0,0.95167233640888,0.951609632089831,49.91784360861992,3164,1.1252927131695423,0.951609632089831,49.91784360861992,3164
1,17545191,3803158,57.023293174586,-0.39091240200819,0.0011437132857955,1.7510199086555e-05,1.7864501835306e-05,10086,-1.8472777410213e-05,-1.4231707079045e-05,1.8783321328982e-05,1.4470954810393e-05,-2.9286158721457e-08,-2.2562499571058e-08,0.95167233640888,0.951609632089831,49.91784360861992,3164,1.1252927131695423,0.951609632089831,49.91784360861992,3164
