time,NumDofs,NumElems,area,gradPx_avg,gradPy_avg,integral_in,integral_out,mem,product_avg,product_int,velx_avg,velx_int,vely_avg,vely_int,vol,M0_ps,M1_ps,M3_ps,Tau_ps,M0_eff_ps,M1_eff_ps,M3_eff_ps
0,0,0,167.38018380302,-1.0,1.9378380136373998e-17,0.0,0.0,5649,0.0,0.0,0.0,0.0,0.0,0.0,0.58181407697989,0.5809876265557167,166.74574828581052,5329,1.5784675082013038,0.5809876265557167,166.74574828581052,5329
1,16857018,3536839,167.38018380302,-0.45754133653544,-0.0001251287819617,7.6489462125833e-07,7.6462884596482e-07,9840,-1.2537077809663e-06,-5.9333499972112e-07,1.2918141082942e-06,6.1136935992673e-07,-4.4108562423503e-12,-2.0875003147127e-12,0.58181407697989,0.5809876265557167,166.74574828581052,5329,1.5784675082013038,0.5809876265557167,166.74574828581052,5329
