time,NumDofs,NumElems,area,gradPx_avg,gradPy_avg,integral_in,integral_out,mem,product_avg,product_int,velx_avg,velx_int,vely_avg,vely_int,vol,M0_ps,M1_ps,M3_ps,Tau_ps,M0_eff_ps,M1_eff_ps,M3_eff_ps
0,0,0,118.65286712983,-1.0,-7.8702806891057e-17,0.0,0.0,5891,0.0,0.0,0.0,0.0,0.0,0.0,0.8077564862511,0.8073642274529018,117.59597299438033,4900,1.6456529631639063,0.8073642274529018,117.59597299438033,4900
1,18033777,3844472,118.65286712983,-0.72576187010999,-1.0869860569139e-05,6.6115401855837e-06,6.6106367262055e-06,9657,-8.1511496716661e-06,-5.3331288273565e-06,8.1968824714899e-06,5.3630508534412e-06,-3.2036090484551e-11,-2.0960552138167e-11,0.8077564862511,0.8073642274529018,117.59597299438033,4900,1.6456529631639063,0.8073642274529018,117.59597299438033,4900
