time,NumDofs,NumElems,area,gradPx_avg,gradPy_avg,integral_in,integral_out,mem,product_avg,product_int,velx_avg,velx_int,vely_avg,vely_int,vol,M0_ps,M1_ps,M3_ps,Tau_ps,M0_eff_ps,M1_eff_ps,M3_eff_ps
0,0,0,14.194559521168,-1.0,-1.3109278155345e-17,0.0,0.0,4036,0.0,0.0,0.0,0.0,0.0,0.0,0.97883999999981,0.9787832177380814,13.568309162674614,529,1.0368203931847604,0.9787832177380814,13.568309162674614,529
1,12265401,2700682,14.194559521168,-0.41130383425691,-0.0011838404046991,0.0001585516434974,0.0001586780989333,7169,-0.0001676103362944,-0.0001328102922541,0.0001668822282384,0.0001322333574072,2.7000233783339e-07,2.1394318626011e-07,0.97883999999981,0.9787832177380814,13.568309162674614,529,1.0368203931847604,0.9787832177380814,13.568309162674614,529
