time,NumDofs,NumElems,area,gradPx_avg,gradPy_avg,integral_in,integral_out,mem,product_avg,product_int,velx_avg,velx_int,vely_avg,vely_int,vol,M0_ps,M1_ps,M3_ps,Tau_ps,M0_eff_ps,M1_eff_ps,M3_eff_ps
0,0,0,10.218946320184,-1.0,-3.1639678756445e-17,0.0,0.0,3889,0.0,0.0,0.0,0.0,0.0,0.0,0.98793174977393,0.9879518556150377,9.405988153934054,483,1.0236481749701734,0.9879518556150377,9.405988153934054,483
1,11769744,2597098,10.218946320184,-0.40299802408771,-0.074239265342222,0.0002451117247636,0.000245135164422,6998,-0.0002559270613055,-0.0002047989233863,0.0002581409184164,0.0002065705045177,8.4354661464383e-06,6.7502607041227e-06,0.98793174977393,0.9879518556150377,9.405988153934054,483,1.0236481749701734,0.9879518556150377,9.405988153934054,483
