time,NumDofs,NumElems,area,gradPx_avg,gradPy_avg,integral_in,integral_out,mem,product_avg,product_int,velx_avg,velx_int,vely_avg,vely_int,vol,M0_ps,M1_ps,M3_ps,Tau_ps,M0_eff_ps,M1_eff_ps,M3_eff_ps
0,0,0,17.318145186156,-1.0,4.7491885076746e-17,0.0,0.0,4127,0.0,0.0,0.0,0.0,0.0,0.0,0.97126636946215,0.9711808386311701,15.707228008068148,625,1.052306181865635,0.9711808386311701,15.707228008068148,625
1,12585888,2766780,17.318145186156,-0.48804075236908,0.0008442426500864,0.0001322591486122,0.0001322591400084,7431,-0.0001406890498464,-0.0001105349216399,0.0001395532552849,0.0001096425638979,-3.9716152463679e-09,-3.1203720582428e-09,0.97126636946215,0.9711808386311701,15.707228008068148,625,1.052306181865635,0.9711808386311701,15.707228008068148,625
