time,NumDofs,NumElems,area,gradPx_avg,gradPy_avg,integral_in,integral_out,mem,product_avg,product_int,velx_avg,velx_int,vely_avg,vely_int,vol,M0_ps,M1_ps,M3_ps,Tau_ps,M0_eff_ps,M1_eff_ps,M3_eff_ps
0,0,0,138.59292911245,-1.0,-3.807853802303e-17,0.0,0.0,8016,0.0,0.0,0.0,0.0,0.0,0.0,0.7549999999998,0.7545853229505103,132.55163670255996,4900,1.3920663239654523,0.7545853229505103,132.55163670255996,4900
1,26095326,5565694,138.59292911245,-0.39526483177191,0.0002716203976206,2.2979485446632e-06,2.3161383185693e-06,13413,-2.9620497054159e-06,-1.8114354035006e-06,3.043174511322e-06,1.8610471116539e-06,5.3778649220801e-10,3.2888222291773e-10,0.7549999999998,0.7545853229505103,132.55163670255996,4900,1.3920663239654523,0.7545853229505103,132.55163670255996,4900
