time,NumDofs,NumElems,area,gradPx_avg,gradPy_avg,integral_in,integral_out,mem,product_avg,product_int,velx_avg,velx_int,vely_avg,vely_int,vol,M0_ps,M1_ps,M3_ps,Tau_ps,M0_eff_ps,M1_eff_ps,M3_eff_ps
0,0,0,79.894359949762,-1.0,5.6802782668231e-17,0.0,0.0,6363,0.0,0.0,0.0,0.0,0.0,0.0,0.9322889378089,0.9320645298613258,69.95902566695754,3364,1.301071507570185,0.9320645298613258,69.95902566695754,3364
1,20220450,4359782,79.894359949762,-0.66102077996558,-0.0004564689769279,1.6727071421307e-05,1.6848318590777e-05,11173,-1.8031400286154e-05,-1.3623974275694e-05,1.8266121723391e-05,1.3801322610937e-05,-1.1249936208769e-09,-8.500107539021901e-10,0.9322889378089,0.9320645298613258,69.95902566695754,3364,1.301071507570185,0.9320645298613258,69.95902566695754,3364
