time,NumDofs,NumElems,area,gradPx_avg,gradPy_avg,integral_in,integral_out,mem,product_avg,product_int,velx_avg,velx_int,vely_avg,vely_int,vol,M0_ps,M1_ps,M3_ps,Tau_ps,M0_eff_ps,M1_eff_ps,M3_eff_ps
0,0,0,11.08361291914,-1.0,2.9858937627614e-18,0.0,0.0,3910,0.0,0.0,0.0,0.0,0.0,0.0,0.98161047645555,0.98159645945197,10.547529505147661,400,1.028013369629593,0.98159645945197,10.547529505147661,400
1,11838996,2611154,11.08361291914,-0.40935170605919,-0.0004836104302363,0.0002268198375685,0.0002268534067562,7456,-0.0002388144509309,-0.0001898833685617,0.0002401745162717,0.0001909647678965,1.0954190603869e-07,8.7097686242245e-08,0.98161047645555,0.98159645945197,10.547529505147661,400,1.028013369629593,0.98159645945197,10.547529505147661,400
