time,NumDofs,NumElems,area,gradPx_avg,gradPy_avg,integral_in,integral_out,mem,product_avg,product_int,velx_avg,velx_int,vely_avg,vely_int,vol,M0_ps,M1_ps,M3_ps,Tau_ps,M0_eff_ps,M1_eff_ps,M3_eff_ps
0,0,0,116.8837453198,-1.0,1.3345105638556e-17,0.0,0.0,7462,0.0,0.0,0.0,0.0,0.0,0.0,0.82575999999991,0.8258440729153698,105.78886146158419,4356,1.1064830216760593,0.8258440729153698,105.78886146158419,4356
1,24228792,5188274,116.8837453198,-0.32087635613916,-0.0001328218623313,2.2262850220168e-06,2.2257611392271e-06,12569,-2.6453551518085e-06,-1.7635688304552e-06,2.7020011838478e-06,1.8013328246037e-06,-2.6707955187287e-10,-1.7805290628479002e-10,0.82575999999991,0.8258440729153698,105.78886146158419,4356,1.1064830216760593,0.8258440729153698,105.78886146158419,4356
