time,NumDofs,NumElems,area,gradPx_avg,gradPy_avg,integral_in,integral_out,mem,product_avg,product_int,velx_avg,velx_int,vely_avg,vely_int,vol,M0_ps,M1_ps,M3_ps,Tau_ps,M0_eff_ps,M1_eff_ps,M3_eff_ps
0,0,0,121.96799999994,-1.0,-5.6214304037186e-17,0.0,0.0,7383,0.0,0.0,0.0,0.0,0.0,0.0,0.79091200000022,0.7907096758647556,112.09499163085026,4356,1.3660428875671224,0.7907096758647556,112.09499163085026,4356
1,23905170,5110550,121.96799999994,-0.31811714024763,-0.060323951396014,2.8106524601373e-06,2.8105182204913e-06,12388,-3.4670140270912e-06,-2.2124000445699e-06,3.5708369089162e-06,2.2786523719565e-06,1.8697714431859e-07,1.1931542220239e-07,0.79091200000022,0.7907096758647556,112.09499163085026,4356,1.3660428875671224,0.7907096758647556,112.09499163085026,4356
