time,NumDofs,NumElems,area,gradPx_avg,gradPy_avg,integral_in,integral_out,mem,product_avg,product_int,velx_avg,velx_int,vely_avg,vely_int,vol,M0_ps,M1_ps,M3_ps,Tau_ps,M0_eff_ps,M1_eff_ps,M3_eff_ps
0,0,0,73.570879783587,-1.0,-8.7394954549652e-17,0.0,0.0,6159,0.0,0.0,0.0,0.0,0.0,0.0,0.92939947925215,0.9292251838346031,65.85526340161073,3025,1.072232196197365,0.9292251838346031,65.85526340161073,3025
1,19439346,4195504,73.570879783587,-0.25494003016602,0.0005089540773419,6.8891120913072e-06,6.888444319636e-06,10081,-7.274594447423e-06,-5.4849380439814e-06,7.5398170883416e-06,5.6849120444309e-06,-1.0261655534482e-09,-7.737138508834501e-10,0.92939947925215,0.9292251838346031,65.85526340161073,3025,1.072232196197365,0.9292251838346031,65.85526340161073,3025
