time,NumDofs,NumElems,area,gradPx_avg,gradPy_avg,integral_in,integral_out,mem,product_avg,product_int,velx_avg,velx_int,vely_avg,vely_int,vol,M0_ps,M1_ps,M3_ps,Tau_ps,M0_eff_ps,M1_eff_ps,M3_eff_ps
0,0,0,54.80706150885,-1.0,-3.1517862156373997e-17,0.0,0.0,5512,0.0,0.0,0.0,0.0,0.0,0.0,0.94236833834142,0.9423275408532495,49.70860197590574,2209,1.1808296814598942,0.9423275408532495,49.70860197590574,2209
1,17013213,3688811,54.80706150885,-0.56011675770721,-0.0003320577113221,2.5744164123477e-05,2.5934136284988e-05,9335,-2.7453484922581e-05,-2.0921295127745e-05,2.7794827474495e-05,2.1181419781806e-05,-3.6805930486886e-09,-2.8048451274543e-09,0.94236833834142,0.9423275408532495,49.70860197590574,2209,1.1808296814598942,0.9423275408532495,49.70860197590574,2209
