time,NumDofs,NumElems,area,gradPx_avg,gradPy_avg,integral_in,integral_out,mem,product_avg,product_int,velx_avg,velx_int,vely_avg,vely_int,vol,M0_ps,M1_ps,M3_ps,Tau_ps,M0_eff_ps,M1_eff_ps,M3_eff_ps
0,0,0,20.651007557486,-1.0,-3.9736071848898e-17,0.0,0.0,3825,0.0,0.0,0.0,0.0,0.0,0.0,0.95940619714311,0.9593264685683993,20.525426042475083,784,1.035319380578826,0.9593264685683993,20.525426042475083,784
1,11473380,2521650,20.651007557486,-0.39821975219078,-0.000115507128838,7.7012756538178e-05,7.7007836390156e-05,7119,-8.2437391913324e-05,-6.3900308133297e-05,8.2021596187258e-05,6.357800930264e-05,-4.5478475443017e-09,-3.5252068591603e-09,0.95940619714311,0.9593264685683993,20.525426042475083,784,1.035319380578826,0.9593264685683993,20.525426042475083,784
