time,NumDofs,NumElems,area,gradPx_avg,gradPy_avg,integral_in,integral_out,mem,product_avg,product_int,velx_avg,velx_int,vely_avg,vely_int,vol,M0_ps,M1_ps,M3_ps,Tau_ps,M0_eff_ps,M1_eff_ps,M3_eff_ps
0,0,0,154.88466935098,-1.0,1.5925500667565e-17,0.0,0.0,8438,0.0,0.0,0.0,0.0,0.0,0.0,0.72619999999974,0.7258444745201826,142.3406016733734,5476,1.5087865437895984,0.7258444745201826,142.3406016733734,5476
1,27655143,5885056,154.88466935098,-0.27130052416527,-0.0006092274731325,1.2058776318411e-06,1.2059687974088e-06,14160,-1.5609390420957e-06,-9.2280953496765e-07,1.6650476049215e-06,9.8435734167668e-07,-8.044612530015201e-10,-4.755884084910501e-10,0.72619999999974,0.7258444745201826,142.3406016733734,5476,1.5087865437895984,0.7258444745201826,142.3406016733734,5476
