time,NumDofs,NumElems,area,gradPx_avg,gradPy_avg,integral_in,integral_out,mem,product_avg,product_int,velx_avg,velx_int,vely_avg,vely_int,vol,M0_ps,M1_ps,M3_ps,Tau_ps,M0_eff_ps,M1_eff_ps,M3_eff_ps
0,0,0,10.218946320184,-1.0,3.1883223122427e-17,0.0,0.0,3876,0.0,0.0,0.0,0.0,0.0,0.0,0.98793174977383,0.9879679198075509,9.31834094868753,427,1.022935566696187,0.9879679198075509,9.31834094868753,427
1,11760663,2595080,10.218946320184,-0.40623730994425,0.0005931378227902,0.0002450645198412,0.0002450279429581,7200,-0.0002557839031243,-0.0002046835339458,0.0002580975447797,0.0002065349575284,2.0017572985814e-07,1.6018473131838e-07,0.98793174977383,0.9879679198075509,9.31834094868753,427,1.022935566696187,0.9879679198075509,9.31834094868753,427
