time,NumDofs,NumElems,area,gradPx_avg,gradPy_avg,integral_in,integral_out,mem,product_avg,product_int,velx_avg,velx_int,vely_avg,vely_int,vol,M0_ps,M1_ps,M3_ps,Tau_ps,M0_eff_ps,M1_eff_ps,M3_eff_ps
0,0,0,195.51493189374,-1.0,7.3153941217854e-17,0.0,0.0,10178,0.0,0.0,0.0,0.0,0.0,0.0,0.67560880468108,0.674742270111365,186.73141493857267,7056,1.6306275349396797,0.674742270111365,186.73141493857267,7056
1,32435838,6882054,195.51493189374,-0.35018020634143,0.0001226422996041,7.4182136385869e-07,7.6738870675591e-07,16717,-1.0187346537317e-06,-5.5483063426747e-07,1.0617897469608e-06,5.7827961050209e-07,2.996849676665e-09,1.6321659431311e-09,0.67560880468108,0.674742270111365,186.73141493857267,7056,1.6306275349396797,0.674742270111365,186.73141493857267,7056
