time,NumDofs,NumElems,area,gradPx_avg,gradPy_avg,integral_in,integral_out,mem,product_avg,product_int,velx_avg,velx_int,vely_avg,vely_int,vol,M0_ps,M1_ps,M3_ps,Tau_ps,M0_eff_ps,M1_eff_ps,M3_eff_ps
0,0,0,77.806674917044,-1.0,3.1447293876205e-17,0.0,0.0,6275,0.0,0.0,0.0,0.0,0.0,0.0,0.9181833902395,0.9180083614122032,70.90009734557381,4300,1.1904834934489132,0.9180083614122032,70.90009734557381,4300
1,19865286,4284598,77.806674917044,-0.38662160793204,-0.12528784934184,1.0017854737537e-05,1.0021247556208e-05,10440,-1.0780086388439e-05,-8.0287033558915e-06,1.1076727659189e-05,8.2496333818806e-06,1.185466861277e-06,8.8290217948906e-07,0.9181833902395,0.9180083614122032,70.90009734557381,4300,1.1904834934489132,0.9180083614122032,70.90009734557381,4300
