time,NumDofs,NumElems,area,gradPx_avg,gradPy_avg,integral_in,integral_out,mem,product_avg,product_int,velx_avg,velx_int,vely_avg,vely_int,vol,M0_ps,M1_ps,M3_ps,Tau_ps,M0_eff_ps,M1_eff_ps,M3_eff_ps
0,0,0,163.36995072524,-1.0,-1.7811839767261e-17,0.0,0.0,8491,0.0,0.0,0.0,0.0,0.0,0.0,0.71119999999971,0.7108043742796214,150.14417037423496,5776,1.5505325618335322,0.7108043742796214,150.14417037423496,5776
1,27786696,5900090,163.36995072524,-0.26278951532715,-0.0007793228997934,9.6236192225466e-07,9.6208726836175e-07,14420,-1.2611614196608e-06,-7.2973378596463e-07,1.3514827815854e-06,7.8199557288836e-07,-5.5453584804121e-10,-3.2086578096645003e-10,0.71119999999971,0.7108043742796214,150.14417037423496,5776,1.5505325618335322,0.7108043742796214,150.14417037423496,5776
