time,NumDofs,NumElems,area,gradPx_avg,gradPy_avg,integral_in,integral_out,mem,product_avg,product_int,velx_avg,velx_int,vely_avg,vely_int,vol,M0_ps,M1_ps,M3_ps,Tau_ps,M0_eff_ps,M1_eff_ps,M3_eff_ps
0,0,0,33.965987870365,-1.0,8.297364931156701e-18,0.0,0.0,4643,0.0,0.0,0.0,0.0,0.0,0.0,0.96428350167021,0.9641527544066089,30.974371788218786,1876,1.0799196404635947,0.9641527544066089,30.974371788218786,1876
1,14596668,3186241,33.965987870365,-0.40535068173461,-0.1181329499995,4.2135417906278e-05,4.2140995425137e-05,7977,-4.3878318439273e-05,-3.4294131888121e-05,4.481823876454e-05,3.5028748727271e-05,3.6804990241165e-06,2.8765805855081e-06,0.96428350167021,0.9641527544066089,30.974371788218786,1876,1.0799196404635947,0.9641527544066089,30.974371788218786,1876
