time,NumDofs,NumElems,area,gradPx_avg,gradPy_avg,integral_in,integral_out,mem,product_avg,product_int,velx_avg,velx_int,vely_avg,vely_int,vol,M0_ps,M1_ps,M3_ps,Tau_ps,M0_eff_ps,M1_eff_ps,M3_eff_ps
0,0,0,55.931495748013,-1.0,6.118231511373001e-17,0.0,0.0,4281,0.0,0.0,0.0,0.0,0.0,0.0,0.88085419924233,0.8805797968682857,55.68928109140585,2025,1.1584213969002308,0.8805797968682857,55.68928109140585,2025
1,13043808,2827090,55.931495748013,-0.50071838925432,-0.0006480592850514,1.6435309338981e-05,1.6556929317145e-05,7332,-1.8827574128878e-05,-1.3388170494359e-05,1.8829644062346e-05,1.3389642411134e-05,3.625858146932e-09,2.5783251058898e-09,0.88085419924233,0.8805797968682857,55.68928109140585,2025,1.1584213969002308,0.8805797968682857,55.68928109140585,2025
