time,NumDofs,NumElems,area,gradPx_avg,gradPy_avg,integral_in,integral_out,mem,product_avg,product_int,velx_avg,velx_int,vely_avg,vely_int,vol,M0_ps,M1_ps,M3_ps,Tau_ps,M0_eff_ps,M1_eff_ps,M3_eff_ps
0,0,0,120.07799024023,-1.0,-2.8659785438097e-17,0.0,0.0,7585,0.0,0.0,0.0,0.0,0.0,0.0,0.86489856638042,0.8646531540033976,109.91190041417158,4761,1.4237691388055995,0.8646531540033976,109.91190041417158,4761
1,24551865,5256261,120.07799024023,-0.49891285898437,-0.0003749801158012,6.1719260875816e-06,6.2570886776059e-06,12540,-7.0311134218585e-06,-4.9188333906199e-06,7.176154005996e-06,5.0203010281683e-06,-1.1315864415221e-09,-7.916363794712101e-10,0.86489856638042,0.8646531540033976,109.91190041417158,4761,1.4237691388055995,0.8646531540033976,109.91190041417158,4761
