time,NumDofs,NumElems,area,gradPx_avg,gradPy_avg,integral_in,integral_out,mem,product_avg,product_int,velx_avg,velx_int,vely_avg,vely_int,vol,M0_ps,M1_ps,M3_ps,Tau_ps,M0_eff_ps,M1_eff_ps,M3_eff_ps
0,0,0,13.124914231862,-1.0,2.0261692368985e-17,0.0,0.0,3996,0.0,0.0,0.0,0.0,0.0,0.0,0.98619866499862,0.9861325858129084,11.976889250648263,726,1.0303304036656478,0.9861325858129084,11.976889250648263,726
1,12126582,2671773,13.124914231862,-0.41007194335064,-0.124231917523,0.000171767970854,0.0001718356010191,7420,-0.0001799789998056,-0.0001437112445842,0.0001796983444816,0.0001434871444062,1.0792858251029e-05,8.6179781727424e-06,0.98619866499862,0.9861325858129084,11.976889250648263,726,1.0303304036656478,0.9861325858129084,11.976889250648263,726
