time,NumDofs,NumElems,area,gradPx_avg,gradPy_avg,integral_in,integral_out,mem,product_avg,product_int,velx_avg,velx_int,vely_avg,vely_int,vol,M0_ps,M1_ps,M3_ps,Tau_ps,M0_eff_ps,M1_eff_ps,M3_eff_ps
0,0,0,146.93649893737,-1.0,1.7600712438716e-17,0.0,0.0,8385,0.0,0.0,0.0,0.0,0.0,0.0,0.7809599999999,0.7804567049931527,140.19088344725273,5476,1.4377340618106254,0.7804567049931527,140.19088344725273,5476
1,27562017,5878964,146.93649893737,-0.36835473428972,-0.0001369313386652,2.0455227331647e-06,2.0495464846782e-06,13890,-2.5432404915968e-06,-1.6150342036701e-06,2.6315430272667e-06,1.6711089696424e-06,-1.440566158339e-09,-9.148028375823601e-10,0.7809599999999,0.7804567049931527,140.19088344725273,5476,1.4377340618106254,0.7804567049931527,140.19088344725273,5476
