time,NumDofs,NumElems,area,gradPx_avg,gradPy_avg,integral_in,integral_out,mem,product_avg,product_int,velx_avg,velx_int,vely_avg,vely_int,vol,M0_ps,M1_ps,M3_ps,Tau_ps,M0_eff_ps,M1_eff_ps,M3_eff_ps
0,0,0,62.479955185619,-1.0,-2.6011061708484e-17,0.0,0.0,5668,0.0,0.0,0.0,0.0,0.0,0.0,0.8895500000003,0.8895787567118204,57.372950641887755,2209,1.1715933522375024,0.8895787567118204,57.372950641887755,2209
1,17513070,3785900,62.479955185619,-0.35662451991368,0.0001900944348037,1.3643707460441e-05,1.3643290432068e-05,9494,-1.5393745895758e-05,-1.1055780867103e-05,1.555782968818e-05,1.1173625767568e-05,-3.4274852568257003e-10,-2.4616182559654003e-10,0.8895500000003,0.8895787567118204,57.372950641887755,2209,1.1715933522375024,0.8895787567118204,57.372950641887755,2209
