time,NumDofs,NumElems,area,gradPx_avg,gradPy_avg,integral_in,integral_out,mem,product_avg,product_int,velx_avg,velx_int,vely_avg,vely_int,vol,M0_ps,M1_ps,M3_ps,Tau_ps,M0_eff_ps,M1_eff_ps,M3_eff_ps
0,0,0,116.62268995395,-1.0,-4.6833289814352e-17,0.0,0.0,7461,0.0,0.0,0.0,0.0,0.0,0.0,0.86878617327094,0.8686190015301143,106.7287880798151,4624,1.1701989957826444,0.8686190015301143,106.7287880798151,4624
1,24067371,5154304,116.62268995395,-0.29041523705131,0.0012106634798229,2.655367095965e-06,2.6581469362197e-06,12508,-2.9471976770968e-06,-2.0721120713411e-06,3.0640286677637e-06,2.154253458717e-06,1.180119361165e-09,8.297168503139701e-10,0.86878617327094,0.8686190015301143,106.7287880798151,4624,1.1701989957826444,0.8686190015301143,106.7287880798151,4624
