time,NumDofs,NumElems,area,gradPx_avg,gradPy_avg,integral_in,integral_out,mem,product_avg,product_int,velx_avg,velx_int,vely_avg,vely_int,vol,M0_ps,M1_ps,M3_ps,Tau_ps,M0_eff_ps,M1_eff_ps,M3_eff_ps
0,0,0,137.1999999999,-1.0,7.0873632077001e-17,0.0,0.0,7914,0.0,0.0,0.0,0.0,0.0,0.0,0.76480000000019,0.7638563700547387,124.63122479923695,4900,1.2126512459376821,0.7638563700547387,124.63122479923695,4900
1,25747254,5494878,137.1999999999,-0.41078611447467,-0.0001380315033642,2.054222995757e-06,2.0535283571989e-06,14078,-2.6192184323986e-06,-1.6225688062688e-06,2.6752340726636e-06,1.6572697038468e-06,-2.9579925173289e-10,-1.8324345646114002e-10,0.76480000000019,0.7638563700547387,124.63122479923695,4900,1.2126512459376821,0.7638563700547387,124.63122479923695,4900
