time,NumDofs,NumElems,area,gradPx_avg,gradPy_avg,integral_in,integral_out,mem,product_avg,product_int,velx_avg,velx_int,vely_avg,vely_int,vol,M0_ps,M1_ps,M3_ps,Tau_ps,M0_eff_ps,M1_eff_ps,M3_eff_ps
0,0,0,135.77425825936,-1.0,9.7630698023173e-17,0.0,0.0,7921,0.0,0.0,0.0,0.0,0.0,0.0,0.77472833658409,0.7743231954891747,129.72586979411025,4900,1.388654747242809,0.7743231954891747,129.72586979411025,4900
1,25793433,5505140,135.77425825936,-0.38537818778368,-1.6183931830884e-05,2.4920825555201e-06,2.4890043052312e-06,13594,-3.0872251964719e-06,-1.9373299860318e-06,3.1720721496932e-06,1.9905740923857e-06,-2.3292518346991e-09,-1.4616780886407e-09,0.77472833658409,0.7743231954891747,129.72586979411025,4900,1.388654747242809,0.7743231954891747,129.72586979411025,4900
