time,NumDofs,NumElems,area,gradPx_avg,gradPy_avg,integral_in,integral_out,mem,product_avg,product_int,velx_avg,velx_int,vely_avg,vely_int,vol,M0_ps,M1_ps,M3_ps,Tau_ps,M0_eff_ps,M1_eff_ps,M3_eff_ps
0,0,0,163.25085090121,-1.0,6.0834444253918e-17,0.0,0.0,8871,0.0,0.0,0.0,0.0,0.0,0.0,0.75663999999989,0.7561586098047799,155.69937109842166,6084,1.5049454838471266,0.7561586098047799,155.69937109842166,6084
1,29380203,6255848,163.25085090121,-0.35942291373821,-8.0358155291181e-05,1.452585296996e-06,1.4666659661503e-06,15533,-1.8784900379426e-06,-1.153372051871e-06,1.9511008753312e-06,1.1979543008132e-06,-1.3289214874586e-09,-8.159430562880401e-10,0.75663999999989,0.7561586098047799,155.69937109842166,6084,1.5049454838471266,0.7561586098047799,155.69937109842166,6084
