time,NumDofs,NumElems,area,gradPx_avg,gradPy_avg,integral_in,integral_out,mem,product_avg,product_int,velx_avg,velx_int,vely_avg,vely_int,vol,M0_ps,M1_ps,M3_ps,Tau_ps,M0_eff_ps,M1_eff_ps,M3_eff_ps
0,0,0,48.828185067157,-1.0,-1.0090062021874001e-16,0.0,0.0,5293,0.0,0.0,0.0,0.0,0.0,0.0,0.94506272306484,0.9450564455564435,44.66138546552006,1936,1.0707826968884302,0.9450564455564435,44.66138546552006,1936
1,16197348,3517410,48.828185067157,-0.29784443642533,0.0015290035930323,1.8648186466683e-05,1.8646521731615e-05,8852,-1.955360994243e-05,-1.495070397995e-05,1.9844458107614e-05,1.5173086692584e-05,5.2486782299208e-09,4.0131430836858e-09,0.94506272306484,0.9450564455564435,44.66138546552006,1936,1.0707826968884302,0.9450564455564435,44.66138546552006,1936
