time,NumDofs,NumElems,area,gradPx_avg,gradPy_avg,integral_in,integral_out,mem,product_avg,product_int,velx_avg,velx_int,vely_avg,vely_int,vol,M0_ps,M1_ps,M3_ps,Tau_ps,M0_eff_ps,M1_eff_ps,M3_eff_ps
0,0,0,61.852000000012,-1.0,1.532809868786e-17,0.0,0.0,5675,0.0,0.0,0.0,0.0,0.0,0.0,0.89396800000013,0.8937825550901402,59.126439018435065,2209,1.1628720912311925,0.8937825550901402,59.126439018435065,2209
1,17527986,3792160,61.852000000012,-0.40777373952054,-0.0012901888679332,1.4827513601691e-05,1.4723207726505e-05,9811,-1.6611002795398e-05,-1.1990753606994e-05,1.6761039188357e-05,1.2099058291679e-05,2.0308856593658e-08,1.466007190859e-08,0.89396800000013,0.8937825550901402,59.126439018435065,2209,1.1628720912311925,0.8937825550901402,59.126439018435065,2209
