time,NumDofs,NumElems,area,gradPx_avg,gradPy_avg,integral_in,integral_out,mem,product_avg,product_int,velx_avg,velx_int,vely_avg,vely_int,vol,M0_ps,M1_ps,M3_ps,Tau_ps,M0_eff_ps,M1_eff_ps,M3_eff_ps
0,0,0,31.382472612299,-1.0,-5.672513075134e-18,0.0,0.0,4069,0.0,0.0,0.0,0.0,0.0,0.0,0.94915355228149,0.9490544214681869,31.110132476912703,1296,1.0359852112389183,0.9490544214681869,31.110132476912703,1296
1,12301308,2689522,31.382472612299,-0.33603657421815,0.0002008795452866,3.4973498871291e-05,3.4965202293909e-05,7893,-3.7155313793089e-05,-2.860340009609e-05,3.7751799554649e-05,2.9062594734695e-05,-3.4678632347412e-09,-2.6696768094654e-09,0.94915355228149,0.9490544214681869,31.110132476912703,1296,1.0359852112389183,0.9490544214681869,31.110132476912703,1296
