time,NumDofs,NumElems,area,gradPx_avg,gradPy_avg,integral_in,integral_out,mem,product_avg,product_int,velx_avg,velx_int,vely_avg,vely_int,vol,M0_ps,M1_ps,M3_ps,Tau_ps,M0_eff_ps,M1_eff_ps,M3_eff_ps
0,0,0,48.093364714088,-1.0,5.3601701277196997e-17,0.0,0.0,5345,0.0,0.0,0.0,0.0,0.0,0.0,0.95924051696292,0.9591387183184004,42.17880621908577,2693,1.1059674452974866,0.9591387183184004,42.17880621908577,2693
1,16420140,3567936,48.093364714088,-0.39670554550672,0.0002230699526992,2.3968663887353e-05,2.3635155973253e-05,9584,-2.468883731336e-05,-1.9162485557994e-05,2.4985856047738e-05,1.9393019589861e-05,1.2825683880185e-08,9.9547815478719e-09,0.95924051696292,0.9591387183184004,42.17880621908577,2693,1.1059674452974866,0.9591387183184004,42.17880621908577,2693
