time,NumDofs,NumElems,area,gradPx_avg,gradPy_avg,integral_in,integral_out,mem,product_avg,product_int,velx_avg,velx_int,vely_avg,vely_int,vol,M0_ps,M1_ps,M3_ps,Tau_ps,M0_eff_ps,M1_eff_ps,M3_eff_ps
0,0,0,34.974343780824,-1.0,1.5637417694944998e-17,0.0,0.0,4668,0.0,0.0,0.0,0.0,0.0,0.0,0.95869641360248,0.9585443431954088,32.19846245116058,1369,1.0996579235147526,0.9585443431954088,32.19846245116058,1369
1,14698659,3206624,34.974343780824,-0.48511143975192,0.0004190419751482,4.615256229746e-05,4.6409118941016e-05,7912,-4.8557861069056e-05,-3.7738027706712e-05,4.9417197911269e-05,3.8405884091793e-05,1.6316765543002e-09,1.268100646505e-09,0.95869641360248,0.9585443431954088,32.19846245116058,1369,1.0996579235147526,0.9585443431954088,32.19846245116058,1369
