time,NumDofs,NumElems,area,gradPx_avg,gradPy_avg,integral_in,integral_out,mem,product_avg,product_int,velx_avg,velx_int,vely_avg,vely_int,vol,M0_ps,M1_ps,M3_ps,Tau_ps,M0_eff_ps,M1_eff_ps,M3_eff_ps
0,0,0,40.705197886787,-1.0,-2.9159159320894e-17,0.0,0.0,4225,0.0,0.0,0.0,0.0,0.0,0.0,0.93404870477239,0.9339109079883213,40.35815586722177,1681,1.1060408188891013,0.9339109079883213,40.35815586722177,1681
1,12909951,2812071,40.705197886787,-0.48473707590173,0.0026413551700607,2.8966931608333e-05,2.8909113776227e-05,7303,-3.1316543730934e-05,-2.3684255534691e-05,3.1441219435461e-05,2.3778545992487e-05,-9.0832225445332e-08,-6.8695117083015e-08,0.93404870477239,0.9339109079883213,40.35815586722177,1681,1.1060408188891013,0.9339109079883213,40.35815586722177,1681
