time,NumDofs,NumElems,area,gradPx_avg,gradPy_avg,integral_in,integral_out,mem,product_avg,product_int,velx_avg,velx_int,vely_avg,vely_int,vol,M0_ps,M1_ps,M3_ps,Tau_ps,M0_eff_ps,M1_eff_ps,M3_eff_ps
0,0,0,85.559920523529,-1.0,1.7767450443609e-17,0.0,0.0,6400,0.0,0.0,0.0,0.0,0.0,0.0,0.84874999999987,0.8488520126425195,77.56642434197059,3025,1.1952383513015745,0.8488520126425195,77.56642434197059,3025
1,20214231,4347534,85.559920523529,-0.47238603200038,5.5881157838814e-05,8.2910972003727e-06,8.2919975133772e-06,10306,-9.7494182389197e-06,-6.7274919815818e-06,9.9193165705679e-06,6.8447286859509e-06,-4.1122962960167e-11,-2.8376503786554e-11,0.84874999999987,0.8488520126425195,77.56642434197059,3025,1.1952383513015745,0.8488520126425195,77.56642434197059,3025
