time,NumDofs,NumElems,area,gradPx_avg,gradPy_avg,integral_in,integral_out,mem,product_avg,product_int,velx_avg,velx_int,vely_avg,vely_int,vol,M0_ps,M1_ps,M3_ps,Tau_ps,M0_eff_ps,M1_eff_ps,M3_eff_ps
0,0,0,117.07066145832,-1.0,1.3877411660933e-17,0.0,0.0,7365,0.0,0.0,0.0,0.0,0.0,0.0,0.80576065756486,0.8051855213432878,106.23016042588705,4225,1.4087157846891087,0.8051855213432878,106.23016042588705,4225
1,23828940,5099636,117.07066145832,-0.59943355422488,0.0007230061850128,6.0272246197571e-06,6.0270078807414e-06,12426,-7.4352325044221e-06,-4.833930871092e-06,7.498200424714e-06,4.8748687400297e-06,-6.976577412389e-10,-4.5357415397908006e-10,0.80576065756486,0.8051855213432878,106.23016042588705,4225,1.4087157846891087,0.8051855213432878,106.23016042588705,4225
