time,NumDofs,NumElems,area,gradPx_avg,gradPy_avg,integral_in,integral_out,mem,product_avg,product_int,velx_avg,velx_int,vely_avg,vely_int,vol,M0_ps,M1_ps,M3_ps,Tau_ps,M0_eff_ps,M1_eff_ps,M3_eff_ps
0,0,0,81.648000000019,-1.0,-3.4609733397071e-18,0.0,0.0,6251,0.0,0.0,0.0,0.0,0.0,0.0,0.86003200000017,0.8597515672627821,78.03651328456935,2916,1.2191415835031756,0.8597515672627821,78.03651328456935,2916
1,19690218,4240134,81.648000000019,-0.40732625299849,-0.0003355005263114,8.4426077510392e-06,8.5260795390653e-06,10405,-9.7903272273344e-06,-6.8466074449613e-06,9.9931357478134e-06,6.9884362412793e-06,-3.9449583838084e-09,-2.7588027257388e-09,0.86003200000017,0.8597515672627821,78.03651328456935,2916,1.2191415835031756,0.8597515672627821,78.03651328456935,2916
