time,NumDofs,NumElems,area,gradPx_avg,gradPy_avg,integral_in,integral_out,mem,product_avg,product_int,velx_avg,velx_int,vely_avg,vely_int,vol,M0_ps,M1_ps,M3_ps,Tau_ps,M0_eff_ps,M1_eff_ps,M3_eff_ps
0,0,0,194.89018962859,-1.0,-6.778109977575799e-17,0.0,0.0,6293,0.0,0.0,0.0,0.0,0.0,0.0,0.58484307647213,0.5839825944474119,193.9313644623953,7056,1.3220442913482051,0.5839825944474119,193.9313644623953,7056
1,19078425,3993708,194.89018962859,-0.2853698074497,-7.9119149832637e-05,1.9512244798471e-07,1.9664803757971e-07,10289,-2.973362380373e-07,-1.3993398668131e-07,3.1734546302674e-07,1.4935083624414e-07,6.816815579057401e-10,3.2081665751388e-10,0.58484307647213,0.5839825944474119,193.9313644623953,7056,1.3220442913482051,0.5839825944474119,193.9313644623953,7056
