time,NumDofs,NumElems,area,gradPx_avg,gradPy_avg,integral_in,integral_out,mem,product_avg,product_int,velx_avg,velx_int,vely_avg,vely_int,vol,M0_ps,M1_ps,M3_ps,Tau_ps,M0_eff_ps,M1_eff_ps,M3_eff_ps
0,0,0,59.570735483364,-1.0,3.8482829917618e-17,0.0,0.0,5675,0.0,0.0,0.0,0.0,0.0,0.0,0.93735915815212,0.9373687254268055,54.0032972551237,2401,1.0722066491383697,0.9373687254268055,54.0032972551237,2401
1,17641314,3820517,59.570735483364,-0.27719327330616,0.000526386360248,1.1810646875836e-05,1.1816288994652e-05,9510,-1.2459238776893e-05,-9.4508026976056e-06,1.2727965986681e-05,9.6546424252697e-06,1.5457761710704e-09,1.1725295476751e-09,0.93735915815212,0.9373687254268055,54.0032972551237,2401,1.0722066491383697,0.9373687254268055,54.0032972551237,2401
