time,NumDofs,NumElems,area,gradPx_avg,gradPy_avg,integral_in,integral_out,mem,product_avg,product_int,velx_avg,velx_int,vely_avg,vely_int,vol,M0_ps,M1_ps,M3_ps,Tau_ps,M0_eff_ps,M1_eff_ps,M3_eff_ps
0,0,0,114.68799999994,-1.0,-1.8144027271916e-17,0.0,0.0,7207,0.0,0.0,0.0,0.0,0.0,0.0,0.8033920000002,0.8030068152336738,109.6250711664809,4096,1.3202049882854026,0.8030068152336738,109.6250711664809,4096
1,23244372,4975666,114.68799999994,-0.39572723294111,-3.1668971697686e-05,3.8453244926514e-06,3.8883861966646e-06,12331,-4.6771560899307e-06,-3.0333133406493e-06,4.7742967744257e-06,3.0963127634893e-06,1.4303317816435e-09,9.2762447765096e-10,0.8033920000002,0.8030068152336738,109.6250711664809,4096,1.3202049882854026,0.8030068152336738,109.6250711664809,4096
