time,NumDofs,NumElems,area,gradPx_avg,gradPy_avg,integral_in,integral_out,mem,product_avg,product_int,velx_avg,velx_int,vely_avg,vely_int,vol,M0_ps,M1_ps,M3_ps,Tau_ps,M0_eff_ps,M1_eff_ps,M3_eff_ps
0,0,0,153.32799999986,-1.0,-3.2573855506977e-17,0.0,0.0,8359,0.0,0.0,0.0,0.0,0.0,0.0,0.7371520000002,0.7367058766832262,146.4969194735458,5476,1.4473550923812983,0.7367058766832262,146.4969194735458,5476
1,27419751,5840048,153.32799999986,-0.38443001302019,1.1284350160524e-05,1.7070416550655e-06,1.743411621615e-06,14346,-2.2525689783751e-06,-1.35150483776e-06,2.3343639748187e-06,1.4005805084539e-06,1.7791320459082e-09,1.0674503600744e-09,0.7371520000002,0.7367058766832262,146.4969194735458,5476,1.4473550923812983,0.7367058766832262,146.4969194735458,5476
