time,NumDofs,NumElems,area,gradPx_avg,gradPy_avg,integral_in,integral_out,mem,product_avg,product_int,velx_avg,velx_int,vely_avg,vely_int,vol,M0_ps,M1_ps,M3_ps,Tau_ps,M0_eff_ps,M1_eff_ps,M3_eff_ps
0,0,0,103.30591220831,-1.0,7.4253002306964e-17,0.0,0.0,7084,0.0,0.0,0.0,0.0,0.0,0.0,0.8837690669805,0.8834984598455428,94.59539110447709,4096,1.1509355410564002,0.8834984598455428,94.59539110447709,4096
1,22640367,4859192,103.30591220831,-0.28752574613099,0.0008349476601919,3.6640360376722e-06,3.6675673518344e-06,11660,-3.9978994389597e-06,-2.8566131898667e-06,4.1356826538849e-06,2.9550632272193e-06,8.848447130363101e-10,6.322467878034e-10,0.8837690669805,0.8834984598455428,94.59539110447709,4096,1.1509355410564002,0.8834984598455428,94.59539110447709,4096
