time,NumDofs,NumElems,area,gradPx_avg,gradPy_avg,integral_in,integral_out,mem,product_avg,product_int,velx_avg,velx_int,vely_avg,vely_int,vol,M0_ps,M1_ps,M3_ps,Tau_ps,M0_eff_ps,M1_eff_ps,M3_eff_ps
0,0,0,32.367999999998,-1.0,-1.7403620465269e-18,0.0,0.0,4563,0.0,0.0,0.0,0.0,0.0,0.0,0.94451199999991,0.9443817494708857,30.9847401192362,1156,1.083560035902697,0.9443817494708857,30.9847401192362,1156
1,14200506,3101158,32.367999999998,-0.41269303542781,0.0014088789603458,4.6112639737291e-05,4.6087736728985e-05,8166,-4.9355493484768e-05,-3.7846170516398e-05,5.0223347472431e-05,3.8511647602764e-05,-6.0201664028666e-08,-4.6163097181937e-08,0.94451199999991,0.9443817494708857,30.9847401192362,1156,1.083560035902697,0.9443817494708857,30.9847401192362,1156
