time,NumDofs,NumElems,area,gradPx_avg,gradPy_avg,integral_in,integral_out,mem,product_avg,product_int,velx_avg,velx_int,vely_avg,vely_int,vol,M0_ps,M1_ps,M3_ps,Tau_ps,M0_eff_ps,M1_eff_ps,M3_eff_ps
0,0,0,71.762550533471,-1.0,-3.3332734855347e-18,0.0,0.0,6085,0.0,0.0,0.0,0.0,0.0,0.0,0.91525071279,0.9151850795779937,65.95982080821585,2809,1.1223752577467543,0.9151850795779937,65.95982080821585,2809
1,19125210,4128862,71.762550533471,-0.32833871726349,0.001650547310921,9.34784229128e-06,9.3466955924859e-06,10063,-1.0017707094767e-05,-7.4435818384687e-06,1.0321865833601e-05,7.6695846995008e-06,4.3949711275518e-09,3.2656502087918e-09,0.91525071279,0.9151850795779937,65.95982080821585,2809,1.1223752577467543,0.9151850795779937,65.95982080821585,2809
