time,NumDofs,NumElems,area,gradPx_avg,gradPy_avg,integral_in,integral_out,mem,product_avg,product_int,velx_avg,velx_int,vely_avg,vely_int,vol,M0_ps,M1_ps,M3_ps,Tau_ps,M0_eff_ps,M1_eff_ps,M3_eff_ps
0,0,0,91.691527178073,-1.0,-6.1574493256164e-18,0.0,0.0,4786,0.0,0.0,0.0,0.0,0.0,0.0,0.81976144420749,0.8194023317175433,91.14538155052747,3481,1.257131344473528,0.8194023317175433,91.14538155052747,3481
1,14794461,3167970,91.691527178073,-0.49738857723657,-0.08338236812135,6.0739193949103e-06,6.0737685271577e-06,7974,-7.3748608631016e-06,-4.9009757216526e-06,7.466613952954e-06,4.9619503860023e-06,4.7349095701493e-07,3.1465918175659e-07,0.81976144420749,0.8194023317175433,91.14538155052747,3481,1.257131344473528,0.8194023317175433,91.14538155052747,3481
