time,NumDofs,NumElems,area,gradPx_avg,gradPy_avg,integral_in,integral_out,mem,product_avg,product_int,velx_avg,velx_int,vely_avg,vely_int,vol,M0_ps,M1_ps,M3_ps,Tau_ps,M0_eff_ps,M1_eff_ps,M3_eff_ps
0,0,0,78.652000000023,-1.0,1.2230742965113999e-17,0.0,0.0,6154,0.0,0.0,0.0,0.0,0.0,0.0,0.86516800000016,0.8646270496905635,71.44675723695032,2809,1.1314833699234368,0.8646270496905635,71.44675723695032,2809
1,19312101,4161030,78.652000000023,-0.40638461135658,-0.0001563973313771,8.2204928340498e-06,8.2205191679782e-06,9976,-9.4198232923198e-06,-6.6259766125237e-06,9.58967940317e-06,6.7454547155689e-06,-8.802453465734101e-10,-6.191713898108501e-10,0.86516800000016,0.8646270496905635,71.44675723695032,2809,1.1314833699234368,0.8646270496905635,71.44675723695032,2809
