time,NumDofs,NumElems,area,gradPx_avg,gradPy_avg,integral_in,integral_out,mem,product_avg,product_int,velx_avg,velx_int,vely_avg,vely_int,vol,M0_ps,M1_ps,M3_ps,Tau_ps,M0_eff_ps,M1_eff_ps,M3_eff_ps
0,0,0,23.706513777726,-1.0,-4.4483232400235e-17,0.0,0.0,3870,0.0,0.0,0.0,0.0,0.0,0.0,0.95339997121047,0.9532913522435653,23.57570519259861,900,1.0405855640141743,0.9532913522435653,23.57570519259861,900
1,11635065,2553636,23.706513777726,-0.40011008015692,-7.5267756833511e-05,6.1724624237425e-05,6.1717407193005e-05,6977,-6.6090332801441e-05,-5.1039047741232e-05,6.6437822911872e-05,5.1307401123401e-05,-3.2498202595992e-09,-2.5097124548976e-09,0.95339997121047,0.9532913522435653,23.57570519259861,900,1.0405855640141743,0.9532913522435653,23.57570519259861,900
