time,NumDofs,NumElems,area,gradPx_avg,gradPy_avg,integral_in,integral_out,mem,product_avg,product_int,velx_avg,velx_int,vely_avg,vely_int,vol,M0_ps,M1_ps,M3_ps,Tau_ps,M0_eff_ps,M1_eff_ps,M3_eff_ps
0,0,0,106.17317020018,-1.0,1.1122207817375e-16,0.0,0.0,4950,0.0,0.0,0.0,0.0,0.0,0.0,0.77382890957467,0.7733713920827627,105.6494481690032,3844,1.3090669879123407,0.7733713920827627,105.6494481690032,3844
1,15383604,3283986,106.17317020018,-0.49776786533385,-0.068241855766535,4.1139602556275e-06,4.1136255846629e-06,8330,-5.2834946426821e-06,-3.3046763948312e-06,5.3397128286042e-06,3.3398392793501e-06,3.044765928471e-07,1.9044149321776e-07,0.77382890957467,0.7733713920827627,105.6494481690032,3844,1.3090669879123407,0.7733713920827627,105.6494481690032,3844
