time,NumDofs,NumElems,area,gradPx_avg,gradPy_avg,integral_in,integral_out,mem,product_avg,product_int,velx_avg,velx_int,vely_avg,vely_int,vol,M0_ps,M1_ps,M3_ps,Tau_ps,M0_eff_ps,M1_eff_ps,M3_eff_ps
0,0,0,88.609680386976,-1.0,1.0231019040136001e-16,0.0,0.0,4831,0.0,0.0,0.0,0.0,0.0,0.0,0.82581944795016,0.8254776085236606,88.08632971133099,3364,1.1424230896977698,0.8254776085236606,88.08632971133099,3364
1,15003351,3218368,88.609680386976,-0.37128555074072,-0.0002155889892234,4.3601844040116e-06,4.3591246087489e-06,7880,-5.2479022723301e-06,-3.5160254015978e-06,5.3487356469259e-06,3.5835824344863e-06,4.962217987171e-10,3.3246206933294e-10,0.82581944795016,0.8254776085236606,88.08632971133099,3364,1.1424230896977698,0.8254776085236606,88.08632971133099,3364
