time,NumDofs,NumElems,area,gradPx_avg,gradPy_avg,integral_in,integral_out,mem,product_avg,product_int,velx_avg,velx_int,vely_avg,vely_int,vol,M0_ps,M1_ps,M3_ps,Tau_ps,M0_eff_ps,M1_eff_ps,M3_eff_ps
0,0,0,103.14534366604,-1.0,-1.5909247826382e-16,0.0,0.0,7061,0.0,0.0,0.0,0.0,0.0,0.0,0.84623999999993,0.8462395733350468,94.64549413500593,3844,1.2960913606058788,0.8462395733350468,94.64549413500593,3844
1,22722078,4876318,103.14534366604,-0.34713557928709,-0.098459053031992,4.9155632336468e-06,4.9152409277935e-06,12549,-5.7093873540227e-06,-3.9085387287557e-06,5.8512380484157e-06,4.005647034491e-06,4.8536910574538e-07,3.3227452087494e-07,0.84623999999993,0.8462395733350468,94.64549413500593,3844,1.2960913606058788,0.8462395733350468,94.64549413500593,3844
