time,NumDofs,NumElems,area,gradPx_avg,gradPy_avg,integral_in,integral_out,mem,product_avg,product_int,velx_avg,velx_int,vely_avg,vely_int,vol,M0_ps,M1_ps,M3_ps,Tau_ps,M0_eff_ps,M1_eff_ps,M3_eff_ps
0,0,0,96.529858466477,-1.0,-6.9940145938217e-17,0.0,0.0,7049,0.0,0.0,0.0,0.0,0.0,0.0,0.90736744897592,0.9072373203320468,86.40988324856447,3969,1.0938988139917172,0.9072373203320468,86.40988324856447,3969
1,22561461,4850918,96.529858466477,-0.24013075978039,0.0004963231730457,3.4905329627132e-06,3.4910639994317e-06,11743,-3.6825229714642e-06,-2.7036516610937e-06,3.8329022773494e-06,2.8140578318904e-06,-1.3551676763389e-09,-9.9494324070358e-10,0.90736744897592,0.9072373203320468,86.40988324856447,3969,1.0938988139917172,0.9072373203320468,86.40988324856447,3969
