time,NumDofs,NumElems,area,gradPx_avg,gradPy_avg,integral_in,integral_out,mem,product_avg,product_int,velx_avg,velx_int,vely_avg,vely_int,vol,M0_ps,M1_ps,M3_ps,Tau_ps,M0_eff_ps,M1_eff_ps,M3_eff_ps
0,0,0,181.79896090619,-1.0,-5.3478899612644e-17,0.0,0.0,9285,0.0,0.0,0.0,0.0,0.0,0.0,0.69836584006695,0.697627720370601,173.6692415403066,6561,1.5616756756626728,0.697627720370601,173.6692415403066,6561
1,30887640,6560780,181.79896090619,-0.35966722094474,0.0013336526541177,1.0175996646155e-06,9.6661376539087e-07,15725,-1.3240496206673e-06,-7.4808622546134e-07,1.3795567042059e-06,7.7944765177244e-07,-1.4968501791815e-09,-8.457183047721901e-10,0.69836584006695,0.697627720370601,173.6692415403066,6561,1.5616756756626728,0.697627720370601,173.6692415403066,6561
