time,NumDofs,NumElems,area,gradPx_avg,gradPy_avg,integral_in,integral_out,mem,product_avg,product_int,velx_avg,velx_int,vely_avg,vely_int,vol,M0_ps,M1_ps,M3_ps,Tau_ps,M0_eff_ps,M1_eff_ps,M3_eff_ps
0,0,0,118.24282260915,-1.0,8.971948060511899e-17,0.0,0.0,5452,0.0,0.0,0.0,0.0,0.0,0.0,0.76756941196411,0.7671043489785182,117.53480665859263,4489,1.3372191829491553,0.7671043489785182,117.53480665859263,4489
1,16331877,3475346,118.24282260915,-0.49488395299473,-0.08899254593029,3.3034375350026e-06,3.3030704765768e-06,8964,-4.2567085194391e-06,-2.638956138501e-06,4.3016674773672e-06,2.6668285468332e-06,2.8102085053344e-07,1.7421951612973e-07,0.76756941196411,0.7671043489785182,117.53480665859263,4489,1.3372191829491553,0.7671043489785182,117.53480665859263,4489
