time,NumDofs,NumElems,area,gradPx_avg,gradPy_avg,integral_in,integral_out,mem,product_avg,product_int,velx_avg,velx_int,vely_avg,vely_int,vol,M0_ps,M1_ps,M3_ps,Tau_ps,M0_eff_ps,M1_eff_ps,M3_eff_ps
0,0,0,104.54572575979,-1.0,-3.5480569226647997e-17,0.0,0.0,5133,0.0,0.0,0.0,0.0,0.0,0.0,0.7944938730422,0.7940259276067164,103.95628267244709,3969,1.3006306626662008,0.7940259276067164,103.95628267244709,3969
1,15636267,3338446,104.54572575979,-0.48334845620675,-0.000693669707463,4.3856584704575e-06,4.314611125015e-06,8817,-5.3907976361196e-06,-3.4596851091155e-06,5.4432096690517e-06,3.4933218994596e-06,1.5470395836118e-09,9.928530380685e-10,0.7944938730422,0.7940259276067164,103.95628267244709,3969,1.3006306626662008,0.7940259276067164,103.95628267244709,3969
