time,NumDofs,NumElems,area,gradPx_avg,gradPy_avg,integral_in,integral_out,mem,product_avg,product_int,velx_avg,velx_int,vely_avg,vely_int,vol,M0_ps,M1_ps,M3_ps,Tau_ps,M0_eff_ps,M1_eff_ps,M3_eff_ps
0,0,0,71.224903616632,-1.0,3.5083534100894e-17,0.0,0.0,4564,0.0,0.0,0.0,0.0,0.0,0.0,0.859992802395,0.8597114067814988,70.80246078987496,2704,1.1170471731171094,0.8597114067814988,70.80246078987496,2704
1,14089428,3037714,71.224903616632,-0.37793782901216,0.0004381707577266,7.5492587776423e-06,7.5528330460489e-06,7570,-8.7325825175961e-06,-6.1003379670658e-06,8.902008687414e-06,6.2186943518206e-06,-2.8954718300016004e-10,-2.022695657503e-10,0.859992802395,0.8597114067814988,70.80246078987496,2704,1.1170471731171094,0.8597114067814988,70.80246078987496,2704
