time,NumDofs,NumElems,area,gradPx_avg,gradPy_avg,integral_in,integral_out,mem,product_avg,product_int,velx_avg,velx_int,vely_avg,vely_int,vol,M0_ps,M1_ps,M3_ps,Tau_ps,M0_eff_ps,M1_eff_ps,M3_eff_ps
0,0,0,14.658078085563,-1.0,-7.3599817806961e-17,0.0,0.0,4042,0.0,0.0,0.0,0.0,0.0,0.0,0.97567985511269,0.975648692173927,13.460589765805329,529,1.0384018116333151,0.975648692173927,13.460589765805329,529
1,12266685,2700262,14.658078085563,-0.3957608614008,-0.049042077811049,0.0001520830537107,0.000152082133205,7105,-0.0001612805506467,-0.0001273676547933,0.0001606017198683,0.0001268315635914,5.0326298460405e-06,3.9744052110627e-06,0.97567985511269,0.975648692173927,13.460589765805329,529,1.0384018116333151,0.975648692173927,13.460589765805329,529
