time,NumDofs,NumElems,area,gradPx_avg,gradPy_avg,integral_in,integral_out,mem,product_avg,product_int,velx_avg,velx_int,vely_avg,vely_int,vol,M0_ps,M1_ps,M3_ps,Tau_ps,M0_eff_ps,M1_eff_ps,M3_eff_ps
0,0,0,32.367999999998,-1.0,-1.244121754361e-18,0.0,0.0,4556,0.0,0.0,0.0,0.0,0.0,0.0,0.94451199999991,0.9441448026313147,29.81690221188311,1156,1.0867516901006442,0.9441448026313147,29.81690221188311,1156
1,14197572,3100506,32.367999999998,-0.38839975533205,-0.031641911672398,4.5218756257638e-05,4.5219036223275e-05,8104,-4.8308150799432e-05,-3.7042247693687e-05,4.9256634915465e-05,3.7769536628954e-05,1.3483163786635e-06,1.0338766531402e-06,0.94451199999991,0.9441448026313147,29.81690221188311,1156,1.0867516901006442,0.9441448026313147,29.81690221188311,1156
