time,NumDofs,NumElems,area,gradPx_avg,gradPy_avg,integral_in,integral_out,mem,product_avg,product_int,velx_avg,velx_int,vely_avg,vely_int,vol,M0_ps,M1_ps,M3_ps,Tau_ps,M0_eff_ps,M1_eff_ps,M3_eff_ps
0,0,0,49.249927789037,-1.0,3.9501212490603e-17,0.0,0.0,5387,0.0,0.0,0.0,0.0,0.0,0.0,0.95273849437534,0.9525564154360826,44.1215857276332,2025,1.1691061444326905,0.9525564154360826,44.1215857276332,2025
1,16543926,3592744,49.249927789037,-0.61322722863181,0.0005802108162813,3.2201259698403e-05,3.2409567007823e-05,9339,-3.4048507644108e-05,-2.6243384815002e-05,3.4199071795373e-05,2.6359434334772e-05,4.1473449361081e-10,3.1966267143479e-10,0.95273849437534,0.9525564154360826,44.1215857276332,2025,1.1691061444326905,0.9525564154360826,44.1215857276332,2025
