time,NumDofs,NumElems,area,gradPx_avg,gradPy_avg,integral_in,integral_out,mem,product_avg,product_int,velx_avg,velx_int,vely_avg,vely_int,vol,M0_ps,M1_ps,M3_ps,Tau_ps,M0_eff_ps,M1_eff_ps,M3_eff_ps
0,0,0,10.088467989083,-1.0,-4.2052101983706997e-17,0.0,0.0,3908,0.0,0.0,0.0,0.0,0.0,0.0,0.98864932294701,0.9885643029546066,9.262135594862073,400,1.0145867303262361,0.9885643029546066,9.262135594862073,400
1,11838450,2612766,10.088467989083,-0.3034885331229,0.0005778277238849,0.000224432529045,0.0002243318420471,7333,-0.0002337655474914,-0.0001872022402031,0.0002359843667071,0.0001889790971105,9.3689114229306e-09,7.5027360766309e-09,0.98864932294701,0.9885643029546066,9.262135594862073,400,1.0145867303262361,0.9885643029546066,9.262135594862073,400
