time,NumDofs,NumElems,area,gradPx_avg,gradPy_avg,integral_in,integral_out,mem,product_avg,product_int,velx_avg,velx_int,vely_avg,vely_int,vol,M0_ps,M1_ps,M3_ps,Tau_ps,M0_eff_ps,M1_eff_ps,M3_eff_ps
0,0,0,3.1872090745609,-1.0,-4.8408820712231e-17,0.0,0.0,3569,0.0,0.0,0.0,0.0,0.0,0.0,0.9937348850171,0.9937229167754347,3.163846137847361,121,1.0084526177070636,0.9937229167754347,3.163846137847361,121
1,10571499,2343774,3.1872090745609,-0.50714775877838,-0.069282750684827,0.0010810427502785,0.001081024347425,6417,-0.0011356306409961,-0.000915102768894,0.0011683024725123,0.0009414300644125,2.7860034158679e-05,2.2449900064098e-05,0.9937348850171,0.9937229167754347,3.163846137847361,121,1.0084526177070636,0.9937229167754347,3.163846137847361,121
