time,NumDofs,NumElems,area,gradPx_avg,gradPy_avg,integral_in,integral_out,mem,product_avg,product_int,velx_avg,velx_int,vely_avg,vely_int,vol,M0_ps,M1_ps,M3_ps,Tau_ps,M0_eff_ps,M1_eff_ps,M3_eff_ps
0,0,0,61.013666225857,-1.0,-2.0161978843501e-17,0.0,0.0,4333,0.0,0.0,0.0,0.0,0.0,0.0,0.87002811166735,0.8697555431504291,60.714721304566396,2209,1.1228290539080088,0.8697555431504291,60.714721304566396,2209
1,13214874,2858726,61.013666225857,-0.42272586449542,-0.00012179180528,1.1470774475379e-05,1.1470003507828e-05,7435,-1.3333861910848e-05,-9.363020325115e-06,1.3373977246888e-05,9.3911892614076e-06,5.4402376253917e-11,3.8201277169789e-11,0.87002811166735,0.8697555431504291,60.714721304566396,2209,1.1228290539080088,0.8697555431504291,60.714721304566396,2209
