time,NumDofs,NumElems,area,gradPx_avg,gradPy_avg,integral_in,integral_out,mem,product_avg,product_int,velx_avg,velx_int,vely_avg,vely_int,vol,M0_ps,M1_ps,M3_ps,Tau_ps,M0_eff_ps,M1_eff_ps,M3_eff_ps
0,0,0,42.945121910564,-1.0,4.3005530570476e-17,0.0,0.0,4999,0.0,0.0,0.0,0.0,0.0,0.0,0.94928317842646,0.9491457865631062,39.51438392013681,1681,1.0725865169323374,0.9491457865631062,39.51438392013681,1681
1,15605193,3394764,42.945121910564,-0.32692159548446,0.0006626987393464,2.4972411440515e-05,2.4966358518849e-05,8657,-2.6213896116027e-05,-2.0150160059471e-05,2.66282565927e-05,2.046867165692e-05,9.511531886937601e-10,7.3113469697233e-10,0.94928317842646,0.9491457865631062,39.51438392013681,1681,1.0725865169323374,0.9491457865631062,39.51438392013681,1681
