time,NumDofs,NumElems,area,gradPx_avg,gradPy_avg,integral_in,integral_out,mem,product_avg,product_int,velx_avg,velx_int,vely_avg,vely_int,vol,M0_ps,M1_ps,M3_ps,Tau_ps,M0_eff_ps,M1_eff_ps,M3_eff_ps
0,0,0,29.532754865327,-1.0,6.9983394315878e-18,0.0,0.0,4501,0.0,0.0,0.0,0.0,0.0,0.0,0.96512275684756,0.9650864855964434,27.151306205310902,1156,1.0496185418479946,0.9650864855964434,27.151306205310902,1156
1,14028591,3066808,29.532754865327,-0.33244777789887,0.0010302912701985,4.6945936489716e-05,4.6940221882538e-05,7736,-4.8924023770731e-05,-3.8301782261696e-05,5.0053736731059e-05,3.918621523531e-05,9.7458197164348e-09,7.6298357324393e-09,0.96512275684756,0.9650864855964434,27.151306205310902,1156,1.0496185418479946,0.9650864855964434,27.151306205310902,1156
