time,NumDofs,NumElems,area,gradPx_avg,gradPy_avg,integral_in,integral_out,mem,product_avg,product_int,velx_avg,velx_int,vely_avg,vely_int,vol,M0_ps,M1_ps,M3_ps,Tau_ps,M0_eff_ps,M1_eff_ps,M3_eff_ps
0,0,0,11.313708498985,-1.0,2.193974199554e-17,0.0,0.0,3880,0.0,0.0,0.0,0.0,0.0,0.0,0.97999999999905,0.9801205617648122,10.358278638752283,400,1.0294170454786864,0.9801205617648122,10.358278638752283,400
1,11734746,2587454,11.313708498985,-0.39946752400397,0.0004681546570283,0.0002212515722417,0.0002212264221315,6880,-0.0002332780751495,-0.0001851762477296,0.0002347198176533,0.0001863207036193,-1.1695230887952e-09,-9.283679877650301e-10,0.97999999999905,0.9801205617648122,10.358278638752283,400,1.0294170454786864,0.9801205617648122,10.358278638752283,400
