time,NumDofs,NumElems,area,gradPx_avg,gradPy_avg,integral_in,integral_out,mem,product_avg,product_int,velx_avg,velx_int,vely_avg,vely_int,vol,M0_ps,M1_ps,M3_ps,Tau_ps,M0_eff_ps,M1_eff_ps,M3_eff_ps
0,0,0,139.10131674421,-1.0,2.1181153467896002e-16,0.0,0.0,8174,0.0,0.0,0.0,0.0,0.0,0.0,0.79263999999988,0.7923261352364047,127.65867220414663,5184,1.4179240583523955,0.7923261352364047,127.65867220414663,5184
1,26765964,5715106,139.10131674421,-0.34123224859422,-0.11837586585317,2.3355199778054e-06,2.3349347358851e-06,14203,-2.8390301959958e-06,-1.8245083445975e-06,2.9402501722117e-06,1.8895575615824e-06,2.9232826348972e-07,1.8786533403235e-07,0.79263999999988,0.7923261352364047,127.65867220414663,5184,1.4179240583523955,0.7923261352364047,127.65867220414663,5184
