time,NumDofs,NumElems,area,gradPx_avg,gradPy_avg,integral_in,integral_out,mem,product_avg,product_int,velx_avg,velx_int,vely_avg,vely_int,vol,M0_ps,M1_ps,M3_ps,Tau_ps,M0_eff_ps,M1_eff_ps,M3_eff_ps
0,0,0,157.49999999985,-1.0,-3.8101989872391e-19,0.0,0.0,8470,0.0,0.0,0.0,0.0,0.0,0.0,0.73000000000027,0.7298765868410168,144.73410484161525,5625,1.514781058466826,0.7298765868410168,144.73410484161525,5625
1,27834750,5925416,157.49999999985,-0.28866694262781,-0.070505955418477,1.2473620411083e-06,1.2474376179112e-06,14058,-1.6064310359651e-06,-9.5344041800228e-07,1.6994767165729e-06,1.0086643962658e-06,7.5653960412139e-08,4.490173684645e-08,0.73000000000027,0.7298765868410168,144.73410484161525,5625,1.514781058466826,0.7298765868410168,144.73410484161525,5625
