time,NumDofs,NumElems,area,gradPx_avg,gradPy_avg,integral_in,integral_out,mem,product_avg,product_int,velx_avg,velx_int,vely_avg,vely_int,vol,M0_ps,M1_ps,M3_ps,Tau_ps,M0_eff_ps,M1_eff_ps,M3_eff_ps
0,0,0,118.29999999994,-1.0,-4.7051040802238e-17,0.0,0.0,7327,0.0,0.0,0.0,0.0,0.0,0.0,0.7972000000002,0.796386359894137,107.46263770954612,4225,1.188980626821924,0.796386359894137,107.46263770954612,4225
1,23674356,5065284,118.29999999994,-0.40973632976025,-0.0001694925268229,3.0936130802589e-06,3.0936058542674e-06,12383,-3.8220834327612e-06,-2.4573944874675e-06,3.8816464634509e-06,2.4956903190077e-06,-2.5008469778334003e-10,-1.6079103675892e-10,0.7972000000002,0.796386359894137,107.46263770954612,4225,1.188980626821924,0.796386359894137,107.46263770954612,4225
