time,NumDofs,NumElems,area,gradPx_avg,gradPy_avg,integral_in,integral_out,mem,product_avg,product_int,velx_avg,velx_int,vely_avg,vely_int,vol,M0_ps,M1_ps,M3_ps,Tau_ps,M0_eff_ps,M1_eff_ps,M3_eff_ps
0,0,0,12.563649350004,-1.0,2.3145849783685e-17,0.0,0.0,3980,0.0,0.0,0.0,0.0,0.0,0.0,0.9893522140605,0.9893323721591479,11.010699570202158,693,1.0257144568022778,0.9893323721591479,11.010699570202158,693
1,12073974,2660964,12.563649350004,-0.4035504067257,-0.0003558379659649,0.000177502810509,0.0001773463978637,7181,-0.0001861036154548,-0.0001490917313036,0.0001850424200383,0.0001482415841342,2.4172456749441e-08,1.9365090881386e-08,0.9893522140605,0.9893323721591479,11.010699570202158,693,1.0257144568022778,0.9893323721591479,11.010699570202158,693
