time,NumDofs,NumElems,area,gradPx_avg,gradPy_avg,integral_in,integral_out,mem,product_avg,product_int,velx_avg,velx_int,vely_avg,vely_int,vol,M0_ps,M1_ps,M3_ps,Tau_ps,M0_eff_ps,M1_eff_ps,M3_eff_ps
0,0,0,81.815682509747,-1.0,1.0067189153761e-16,0.0,0.0,6461,0.0,0.0,0.0,0.0,0.0,0.0,0.92148755312541,0.9213778257918643,73.51975243045766,5043,1.1993215905369217,0.9213778257918643,73.51975243045766,5043
1,20573382,4433726,81.815682509747,-0.38281076429591,-0.14926399579595,9.2361101949241e-06,9.2407633912707e-06,10691,-9.9286113035549e-06,-7.4154240792216e-06,1.0207953913586e-05,7.6240578804092e-06,1.3170549488456e-06,9.8367442160121e-07,0.92148755312541,0.9213778257918643,73.51975243045766,5043,1.1993215905369217,0.9213778257918643,73.51975243045766,5043
