time,NumDofs,NumElems,area,gradPx_avg,gradPy_avg,integral_in,integral_out,mem,product_avg,product_int,velx_avg,velx_int,vely_avg,vely_int,vol,M0_ps,M1_ps,M3_ps,Tau_ps,M0_eff_ps,M1_eff_ps,M3_eff_ps
0,0,0,79.450517934076,-1.0,-9.5426114159857e-17,0.0,0.0,6262,0.0,0.0,0.0,0.0,0.0,0.0,0.85954999999983,0.8595186364713395,72.97472500948822,2809,1.223112032913958,0.8595186364713395,72.97472500948822,2809
1,19707648,4245184,79.450517934076,-0.34167151506553,0.0006496540032493,8.1925614938699e-06,8.1930081824394e-06,10329,-9.3393092265195e-06,-6.526624752206e-06,9.617740534782e-06,6.721201955318e-06,4.0253808047815e-10,2.8130720763523e-10,0.85954999999983,0.8595186364713395,72.97472500948822,2809,1.223112032913958,0.8595186364713395,72.97472500948822,2809
