time,NumDofs,NumElems,area,gradPx_avg,gradPy_avg,integral_in,integral_out,mem,product_avg,product_int,velx_avg,velx_int,vely_avg,vely_int,vol,M0_ps,M1_ps,M3_ps,Tau_ps,M0_eff_ps,M1_eff_ps,M3_eff_ps
0,0,0,47.333086947704,-1.0,-2.0347793142557e-17,0.0,0.0,5298,0.0,0.0,0.0,0.0,0.0,0.0,0.92944000000008,0.9290283974763154,42.95595307860476,1764,1.1734684387151704,0.9290283974763154,42.95595307860476,1764
1,16151256,3509042,47.333086947704,-0.57004787469364,1.0065114680097e-05,3.214278450952e-05,3.2142108063403e-05,8696,-3.4858909419392e-05,-2.6221494267876e-05,3.5012803308528e-05,2.6337255999928e-05,-9.6135299146408e-10,-7.231468905638601e-10,0.92944000000008,0.9290283974763154,42.95595307860476,1764,1.1734684387151704,0.9290283974763154,42.95595307860476,1764
