time,NumDofs,NumElems,area,gradPx_avg,gradPy_avg,integral_in,integral_out,mem,product_avg,product_int,velx_avg,velx_int,vely_avg,vely_int,vol,M0_ps,M1_ps,M3_ps,Tau_ps,M0_eff_ps,M1_eff_ps,M3_eff_ps
0,0,0,171.73002067192,-1.0,-1.1441516175173e-16,0.0,0.0,9213,0.0,0.0,0.0,0.0,0.0,0.0,0.74399999999986,0.7433624764559178,155.50254398602712,6400,1.126443451838591,0.7433624764559178,155.50254398602712,6400
1,30679815,6530536,171.73002067192,-0.28571337456758,8.2721004498975e-06,5.5273423419521e-07,5.5238674846792e-07,15591,-6.9856771290927e-07,-4.2095423435696e-07,7.2736367374795e-07,4.3830657032012e-07,-1.2592837423675e-10,-7.5883957103999e-11,0.74399999999986,0.7433624764559178,155.50254398602712,6400,1.126443451838591,0.7433624764559178,155.50254398602712,6400
