time,NumDofs,NumElems,area,gradPx_avg,gradPy_avg,integral_in,integral_out,mem,product_avg,product_int,velx_avg,velx_int,vely_avg,vely_int,vol,M0_ps,M1_ps,M3_ps,Tau_ps,M0_eff_ps,M1_eff_ps,M3_eff_ps
0,0,0,15.200594996615,-1.0,-4.4501148912428e-17,0.0,0.0,4035,0.0,0.0,0.0,0.0,0.0,0.0,0.98541311554725,0.9853996570294898,13.593687609394102,625,1.0489838696848377,0.9853996570294898,13.593687609394102,625
1,12314415,2709786,15.200594996615,-0.61291356349245,-0.0006001230794895,0.0001667166163103,0.000166764243722,7019,-0.0001751074418727,-0.000139674717741,0.0001737448692525,0.0001385878596151,2.7442448751918e-09,2.1889511048506e-09,0.98541311554725,0.9853996570294898,13.593687609394102,625,1.0489838696848377,0.9853996570294898,13.593687609394102,625
