time,NumDofs,NumElems,area,gradPx_avg,gradPy_avg,integral_in,integral_out,mem,product_avg,product_int,velx_avg,velx_int,vely_avg,vely_int,vol,M0_ps,M1_ps,M3_ps,Tau_ps,M0_eff_ps,M1_eff_ps,M3_eff_ps
0,0,0,11.2,-1.0,-4.2560038798112e-17,0.0,0.0,3911,0.0,0.0,0.0,0.0,0.0,0.0,0.98079999999965,0.9807279890442208,10.720914734630359,400,1.028600341713803,0.9807279890442208,10.720914734630359,400
1,11821671,2607304,11.2,-0.41070610631951,-2.8902444206665e-05,0.0002246059082,0.0002245250116132,6731,-0.0002366843733918,-0.0001880344476879,0.0002381166198769,0.0001891722992196,-6.7332487382181e-08,-5.3492450282754e-08,0.98079999999965,0.9807279890442208,10.720914734630359,400,1.028600341713803,0.9807279890442208,10.720914734630359,400
