time,NumDofs,NumElems,area,gradPx_avg,gradPy_avg,integral_in,integral_out,mem,product_avg,product_int,velx_avg,velx_int,vely_avg,vely_int,vol,M0_ps,M1_ps,M3_ps,Tau_ps,M0_eff_ps,M1_eff_ps,M3_eff_ps
0,0,0,70.000000000018,-1.0,4.3217748296483e-17,0.0,0.0,5910,0.0,0.0,0.0,0.0,0.0,0.0,0.88000000000014,0.8795185561503769,63.58735959144741,2500,1.1178783303437063,0.8795185561503769,63.58735959144741,2500
1,18406044,3973898,70.000000000018,-0.40505361257045,-0.0002898483589995,1.0463324107329e-05,1.0462889124558e-05,9803,-1.1856819224307e-05,-8.4515512904898e-06,1.2017273458582e-05,8.5659232114155e-06,-7.860384075697301e-10,-5.6028887614745e-10,0.88000000000014,0.8795185561503769,63.58735959144741,2500,1.1178783303437063,0.8795185561503769,63.58735959144741,2500
