time,NumDofs,NumElems,area,gradPx_avg,gradPy_avg,integral_in,integral_out,mem,product_avg,product_int,velx_avg,velx_int,vely_avg,vely_int,vol,M0_ps,M1_ps,M3_ps,Tau_ps,M0_eff_ps,M1_eff_ps,M3_eff_ps
0,0,0,90.265592115653,-1.0,6.559096344919e-17,0.0,0.0,6615,0.0,0.0,0.0,0.0,0.0,0.0,0.86543999999991,0.8649543576130216,82.89831483490114,3364,1.2551756869179176,0.8649543576130216,82.89831483490114,3364
1,21111051,4539752,90.265592115653,-0.35476595961386,-0.09258941734824,6.6432356771671e-06,6.6426660175934e-06,10852,-7.6053479107286e-06,-5.3378509651134e-06,7.7980307331315e-06,5.4730863549465e-06,6.380462552044e-07,4.4781591310574e-07,0.86543999999991,0.8649543576130216,82.89831483490114,3364,1.2551756869179176,0.8649543576130216,82.89831483490114,3364
