time,NumDofs,NumElems,area,gradPx_avg,gradPy_avg,integral_in,integral_out,mem,product_avg,product_int,velx_avg,velx_int,vely_avg,vely_int,vol,M0_ps,M1_ps,M3_ps,Tau_ps,M0_eff_ps,M1_eff_ps,M3_eff_ps
0,0,0,133.3079999999,-1.0,-3.1371982497365e-17,0.0,0.0,7776,0.0,0.0,0.0,0.0,0.0,0.0,0.77147200000016,0.7710139718314384,127.4217413385894,4761,1.3789849521061035,0.7710139718314384,127.4217413385894,4761
1,25238385,5388190,133.3079999999,-0.39423027842704,0.0007935938703689,2.6035432352527e-06,2.6002152847135e-06,13021,-3.2769960703411e-06,-2.0434918317803e-06,3.3551236296122e-06,2.0922111545321e-06,-9.757930625388801e-10,-6.084917741749101e-10,0.77147200000016,0.7710139718314384,127.4217413385894,4761,1.3789849521061035,0.7710139718314384,127.4217413385894,4761
