time,NumDofs,NumElems,area,gradPx_avg,gradPy_avg,integral_in,integral_out,mem,product_avg,product_int,velx_avg,velx_int,vely_avg,vely_int,vol,M0_ps,M1_ps,M3_ps,Tau_ps,M0_eff_ps,M1_eff_ps,M3_eff_ps
0,0,0,94.19199999999,-1.0,2.6982871119632998e-17,0.0,0.0,6588,0.0,0.0,0.0,0.0,0.0,0.0,0.83852800000015,0.8378801691559472,85.56315106625163,3364,1.1551177699690265,0.8378801691559472,85.56315106625163,3364
1,20985084,4507274,94.19199999999,-0.41104577141901,-0.0001915045208983,5.4552268888137e-06,5.4545618176151e-06,10939,-6.4705250644275e-06,-4.401683158942e-06,6.5923952043395e-06,4.4845873648739e-06,-4.2735967478886004e-10,-2.9071858382415e-10,0.83852800000015,0.8378801691559472,85.56315106625163,3364,1.1551177699690265,0.8378801691559472,85.56315106625163,3364
