time,NumDofs,NumElems,area,gradPx_avg,gradPy_avg,integral_in,integral_out,mem,product_avg,product_int,velx_avg,velx_int,vely_avg,vely_int,vol,M0_ps,M1_ps,M3_ps,Tau_ps,M0_eff_ps,M1_eff_ps,M3_eff_ps
0,0,0,114.73952668421,-1.0,-1.3805563444336e-17,0.0,0.0,5401,0.0,0.0,0.0,0.0,0.0,0.0,0.7744558606629,0.7740069316990695,114.0485740681694,4356,1.3263335389839326,0.7740069316990695,114.0485740681694,4356
1,16137396,3436650,114.73952668421,-0.49544252213157,-0.090376977313871,3.551528088754e-06,3.5518113315946e-06,9065,-4.5636938464422e-06,-2.8509873689795e-06,4.608448715791e-06,2.8789462048495e-06,3.1312385203261e-07,1.9561175160054e-07,0.7744558606629,0.7740069316990695,114.0485740681694,4356,1.3263335389839326,0.7740069316990695,114.0485740681694,4356
