time,NumDofs,NumElems,area,gradPx_avg,gradPy_avg,integral_in,integral_out,mem,product_avg,product_int,velx_avg,velx_int,vely_avg,vely_int,vol,M0_ps,M1_ps,M3_ps,Tau_ps,M0_eff_ps,M1_eff_ps,M3_eff_ps
0,0,0,38.857543382494,-1.0,7.1183783715044995e-19,0.0,0.0,4789,0.0,0.0,0.0,0.0,0.0,0.0,0.95411047851672,0.9539499841366099,35.61410749591459,1644,1.0900789181354236,0.9539499841366099,35.61410749591459,1644
1,15151635,3300800,38.857543382494,-0.39803281855216,0.0025954899278608,3.4175750288896e-05,3.4053293654897e-05,8887,-3.59538909388e-05,-2.7793759903219e-05,3.6559875544916e-05,2.8262209637244e-05,-6.955174104789e-08,-5.3766208359101e-08,0.95411047851672,0.9539499841366099,35.61410749591459,1644,1.0900789181354236,0.9539499841366099,35.61410749591459,1644
