time,NumDofs,NumElems,area,gradPx_avg,gradPy_avg,integral_in,integral_out,mem,product_avg,product_int,velx_avg,velx_int,vely_avg,vely_int,vol,M0_ps,M1_ps,M3_ps,Tau_ps,M0_eff_ps,M1_eff_ps,M3_eff_ps
0,0,0,79.093589034419,-1.0,5.5438804287153e-17,0.0,0.0,6283,0.0,0.0,0.0,0.0,0.0,0.0,0.911010691907,0.9109350966461982,72.3686711485141,3136,1.1152768149200012,0.9109350966461982,72.3686711485141,3136
1,19897743,4289720,79.093589034419,-0.30086602084721,0.0008643127200683,6.9375877310459e-06,6.9403405620766e-06,10378,-7.4711792382362e-06,-5.5216440670471e-06,7.7085751976354e-06,5.6970937449305e-06,2.3634274100159e-09,1.7467128709245e-09,0.911010691907,0.9109350966461982,72.3686711485141,3136,1.1152768149200012,0.9109350966461982,72.3686711485141,3136
