time,NumDofs,NumElems,area,gradPx_avg,gradPy_avg,integral_in,integral_out,mem,product_avg,product_int,velx_avg,velx_int,vely_avg,vely_int,vol,M0_ps,M1_ps,M3_ps,Tau_ps,M0_eff_ps,M1_eff_ps,M3_eff_ps
0,0,0,156.1732446535,-1.0,5.8838885161476e-17,0.0,0.0,5850,0.0,0.0,0.0,0.0,0.0,0.0,0.69300936590228,0.6923837655270461,155.2455858618333,5929,1.4592913425689915,0.6923837655270461,155.2455858618333,5929
1,17662365,3722050,156.1732446535,-0.48974906718755,-0.10387958646075,1.5134112727133e-06,1.5131672749745e-06,9555,-2.1266458110013e-06,-1.1983997468178e-06,2.1709646935745e-06,1.2233741630466e-06,1.930238314863e-07,1.0877209057868e-07,0.69300936590228,0.6923837655270461,155.2455858618333,5929,1.4592913425689915,0.6923837655270461,155.2455858618333,5929
