time,NumDofs,NumElems,area,gradPx_avg,gradPy_avg,integral_in,integral_out,mem,product_avg,product_int,velx_avg,velx_int,vely_avg,vely_int,vol,M0_ps,M1_ps,M3_ps,Tau_ps,M0_eff_ps,M1_eff_ps,M3_eff_ps
0,0,0,40.705197886786,-1.0,1.6149915942573e-17,0.0,0.0,4227,0.0,0.0,0.0,0.0,0.0,0.0,0.93404870477265,0.9339028758920647,40.33751689620451,1681,1.1065503656446858,0.9339028758920647,40.33751689620451,1681
1,12931047,2816759,40.705197886786,-0.49159768809951,-0.12968017745954,2.9315914887977e-05,2.9316554584228e-05,7755,-3.1666154002677e-05,-2.3948818599246e-05,3.1863093868849e-05,2.4097762393605e-05,2.7370282180506e-06,2.0699890580198e-06,0.93404870477265,0.9339028758920647,40.33751689620451,1681,1.1065503656446858,0.9339028758920647,40.33751689620451,1681
