time,NumDofs,NumElems,area,gradPx_avg,gradPy_avg,integral_in,integral_out,mem,product_avg,product_int,velx_avg,velx_int,vely_avg,vely_int,vol,M0_ps,M1_ps,M3_ps,Tau_ps,M0_eff_ps,M1_eff_ps,M3_eff_ps
0,0,0,94.192000000006,-1.0,-4.5073632297699e-17,0.0,0.0,6594,0.0,0.0,0.0,0.0,0.0,0.0,0.83852800000021,0.8385528572174409,86.47545859472136,3364,1.269957891335671,0.8385528572174409,86.47545859472136,3364
1,21010275,4512872,94.192000000006,-0.3382645414729,-0.046417614184606,5.5732235047167e-06,5.5727121289605e-06,11362,-6.5558818023603e-06,-4.4594150800274e-06,6.742489828645e-06,4.5863488276995e-06,2.8581752162016e-07,1.9441762442852e-07,0.83852800000021,0.8385528572174409,86.47545859472136,3364,1.269957891335671,0.8385528572174409,86.47545859472136,3364
