Sample,M0,M1,M3,Tau,Permeability,Energy,M1_Moose,M3_ana
1,0.9322643282557098,69.88178433598048,3375,1.0618507688428955,1e-16,1e-16,1e-16,3375
2,0.9325765759976867,69.54685463275354,3357,1.0615635219518098,1e-16,1e-16,1e-16,3357
3,0.9320464576447484,70.00635647459423,3386,1.0621383407138325,1e-16,1e-16,1e-16,3385
4,0.9321709551367263,69.90172149267327,3374,1.0620149615811687,1e-16,1e-16,1e-16,3374
