Sample,M0,M1,M3,Tau,Permeability,Energy,M1_Moose,M3_ana
1,0.9396980333412316,62.09881717965458,3002,1.2601358157412665,1e-16,1e-16,1e-16,3002
2,0.9400213252155614,61.79499442867522,2985,1.2574060929342814,1e-16,1e-16,1e-16,2985
3,0.9394671105738531,62.34144823377879,3011,1.2619849297790187,1e-16,1e-16,1e-16,3011
4,0.9396377926193068,62.250395058431714,3001,1.2614945134622013,1e-16,1e-16,1e-16,3001
