Sample,M0,M1,M3,Tau,Permeability,Energy,M1_Moose,M3_ana
1,0.9528556110216425,48.760412139354,3087,1.123941481703099,1.8991523506352354e-05,-1.864807333973075e-05,55.603816830469,2345
2,0.952974084441428,48.64462371016109,3101,1.1231767047618253,1e-16,1e-16,1e-16,2338
3,0.9527542058064024,48.83427506820088,3102,1.1254289306075331,1e-16,1e-16,1e-16,2347
4,0.9526015959775262,49.05337406906692,3127,1.1233993966145677,1e-16,1e-16,1e-16,2354
5,0.9528636431178992,48.66349919096779,3087,1.1234353855869432,1e-16,1e-16,1e-16,2343
