Sample,M0,M1,M3,Tau,Permeability,Energy,M1_Moose,M3_ana
1,0.9368546712663804,54.18133665081529,2760,1.141888122875592,1.6529285310023268e-05,-1.6237165944691413e-05,59.803256847889,2415
2,0.9370785659495343,54.04669586077894,2797,1.1408862274769744,1e-16,1e-16,1e-16,2412
3,0.9367010574254722,54.30651996632524,2762,1.140769476859847,1e-16,1e-16,1e-16,2423
4,0.936712101557825,54.40784987276444,2849,1.141743916263252,1e-16,1e-16,1e-16,2431
5,0.9368275629415143,54.30747958575584,2794,1.1411117867176757,1e-16,1e-16,1e-16,2423
