Sample,M0,M1,M3,Tau,Permeability,Energy,M1_Moose,M3_ana
1,0.9096971498106433,54.880061899393155,2263,1.2311550451008237,1.945958312986039e-05,-1.929164726418837e-05,60.574497303866,2263
2,0.909843735567327,54.76537461433242,2257,1.2289878962070666,1e-16,1e-16,1e-16,2257
3,0.9090746623507536,55.17691135167696,2274,1.2321807482148486,1e-16,1e-16,1e-16,2274
4,0.9088477556315034,55.29303468004338,2277,1.2325180447626545,1e-16,1e-16,1e-16,2277
5,0.9097754627491456,54.9283850230261,2269,1.2297624413900772,1e-16,1e-16,1e-16,2269
