Sample,M0,M1,M3,Tau,Permeability,Energy,M1_Moose,M3_ana
1,0.885528572174409,63.30542483915357,2489,1.195609263244595,1.1961374819265373e-05,-1.1826637182269253e-05,68.766612900263,2489
2,0.8856018650527508,63.26441668507016,2488,1.194405840144369,1e-16,1e-16,1e-16,2488
3,0.8851550796984751,63.525095548669675,2499,1.196636709109022,1e-16,1e-16,1e-16,2499
4,0.8851329914337693,63.5437940032873,2498,1.1953817812210836,1e-16,1e-16,1e-16,2498
5,0.8847343986570335,63.71915709308202,2505,1.196646198532279,1e-16,1e-16,1e-16,2505
