Sample,M0,M1,M3,Tau,Permeability,Energy,M1_Moose,M3_ana
1,0.880459315424436,63.99281335803971,2489,1.1986575953586807,1.162859063835457e-05,-1.1504423306325763e-05,69.481809509534,2489
2,0.8804974678816551,63.99478841342984,2488,1.1970718728308638,1e-16,1e-16,1e-16,2488
3,0.8800376303709624,64.24211550825162,2499,1.1996591572777517,1e-16,1e-16,1e-16,2499
4,0.8799733736009092,64.25786293976566,2498,1.1984451278047752,1e-16,1e-16,1e-16,2498
5,0.8799372291677543,64.38636206919642,2505,1.1992262934927722,1e-16,1e-16,1e-16,2505
