Sample,M0,M1,M3,Tau,Permeability,Energy,M1_Moose,M3_ana
1,0.9468616591901238,55.10482560737329,4448,1.1496879174202823,1e-16,1e-16,1e-16,2640
2,0.946939972128626,55.010854105488285,4447,1.1482424082080827,1e-16,1e-16,1e-16,2636
3,0.9465413793518902,55.43991318358463,4469,1.150853774524773,1e-16,1e-16,1e-16,2656
4,0.9467702940952044,55.2161249137015,4453,1.1496190972935802,1e-16,1e-16,1e-16,2646
5,0.9467140694214079,55.298055513695665,4433,1.1504588196242274,1e-16,1e-16,1e-16,2653
