Sample,M0,M1,M3,Tau,Permeability,Energy,M1_Moose,M3_ana
1,0.8213671832643242,99.54164029233792,3727,1.2973407942602682,1e-16,1e-16,1e-16,3727
2,0.8230408713218019,98.53234571150955,3688,1.2936959762893114,1e-16,1e-16,1e-16,3688
3,0.8204826486640616,99.97784408547514,3744,1.2988625018389515,1e-16,1e-16,1e-16,3744
4,0.8214123638057679,99.41741379133668,3720,1.2937583767691585,1e-16,1e-16,1e-16,3721
5,0.8222135654073679,99.09025632832963,3709,1.2968770445275624,1e-16,1e-16,1e-16,3709
