Sample,M0,M1,M3,Tau,Permeability,Energy,M1_Moose,M3_ana
1,0.8947956032305091,55.557176492109065,2186,1.183364959707709,1.6718070653294184e-05,-1.6608469907747368e-05,61.062457885677,2186
2,0.8949281328187437,55.49872212884416,2184,1.1819809335689686,1e-16,1e-16,1e-16,2184
3,0.8941670916984269,55.901888992433555,2200,1.1846183096004672,1e-16,1e-16,1e-16,2200
4,0.8943357657198164,55.80583757378104,2196,1.1841910975936383,1e-16,1e-16,1e-16,2196
5,0.894831747663664,55.580389994476576,2189,1.1829507637671484,1e-16,1e-16,1e-16,2189
