Sample,M0,M1,M3,Tau,Permeability,Energy,M1_Moose,M3_ana
1,0.9358657194147815,66.19080476298237,3194,1.0586252401751974,1e-16,1e-16,1e-16,3194
2,0.9359149160043534,66.09059631571675,3190,1.0586071255143341,1e-16,1e-16,1e-16,3190
3,0.9355876080818952,66.35990778743319,3208,1.0589855721283543,1e-16,1e-16,1e-16,3207
4,0.9356829892249429,66.27839102310472,3200,1.058789665191738,1e-16,1e-16,1e-16,3200
