Sample,M0,M1,M3,Tau,Permeability,Energy,M1_Moose,M3_ana
1,0.9261107385110903,76.66251142197125,6215,1.2151110124759223,1e-16,1e-16,1e-16,3678
2,0.9261840313894322,76.6188380991093,6204,1.2144072944634128,1e-16,1e-16,1e-16,3673
3,0.925667969204943,77.15961709088,6238,1.2170320088031192,1e-16,1e-16,1e-16,3696
4,0.9255655599776708,77.16674826255995,6250,1.2164447823750086,1e-16,1e-16,1e-16,3700
