Sample,M0,M1,M3,Tau,Permeability,Energy,M1_Moose,M3_ana
1,0.8619061770836262,79.41570331363606,3002,1.2309431384796572,7.757411263380277e-06,-7.604970805107369e-06,82.898222608878,3002
2,0.8628609925261345,78.83193434071134,2984,1.228231183554955,1e-16,1e-16,1e-16,2985
3,0.861552764848334,79.5894127038532,3011,1.231833169359257,1e-16,1e-16,1e-16,3011
4,0.8619252533122357,79.41076088685953,3001,1.22876272177542,1e-16,1e-16,1e-16,3001
5,0.8620316785876362,79.3531995880573,2998,1.2304972826192346,1e-16,1e-16,1e-16,2998
