Sample,M0,M1,M3,Tau,Permeability,Energy,M1_Moose,M3_ana
1,0.8701491158670045,79.31142150416545,3308,1.3710012430499086,1.0888430210445984e-05,-1.0805004562753132e-05,79.88795616979,3309
2,0.8701912843723519,79.31460256506516,3309,1.3685867012338981,1.0867853755067701e-05,-1.0745956867951357e-05,79.893925903284,3309
