Sample,M0,M1,M3,Tau,Permeability,Energy,M1_Moose,M3_ana
1,0.8587314910381886,77.08144528312533,3069,1.287141527926226,1e-16,1e-16,1e-16,3069
2,0.8593399223296292,76.7291483072091,3055,1.2842275101918992,1e-16,1e-16,1e-16,3055
3,0.8583429383817736,77.36057902018543,3084,1.2881944090248303,1e-16,1e-16,1e-16,3084
4,0.8593620105943349,76.86404225500486,3065,1.2860396639516847,1e-16,1e-16,1e-16,3065
5,0.859549760844334,76.72248398280186,3061,1.2852901351987267,1e-16,1e-16,1e-16,3061
