Sample,M0,M1,M3,Tau,Permeability,Energy,M1_Moose,M3_ana
1,0.9031730796261862,83.20093134683002,4307,1.2222932932499952,1e-16,1e-16,1e-16,3713
2,0.9039220726021181,82.48370166449337,4248,1.2239818688194621,1e-16,1e-16,1e-16,3681
3,0.9029481809310003,83.348693867848,4279,1.2255835805557547,1e-16,1e-16,1e-16,3726
4,0.903282516937683,83.10881369067498,4293,1.2269662839081967,1e-16,1e-16,1e-16,3708
