Sample,M0,M1,M3,Tau,Permeability,Energy,M1_Moose,M3_ana
1,0.9313195529335223,55.4472646996879,2671,1.1444777314786103,1.591949009658504e-05,-1.5681537467845984e-05,60.79849446605,2415
2,0.9314952550391364,55.40528057789105,2662,1.1436518587397548,1e-16,1e-16,1e-16,2412
3,0.9312071035859294,55.56280954772375,2672,1.1451562250989982,1e-16,1e-16,1e-16,2423
4,0.9308707595551825,55.86248204177048,2688,1.1478435321147589,1e-16,1e-16,1e-16,2431
5,0.9313476652704206,55.52670435217075,2692,1.1448132138903284,1e-16,1e-16,1e-16,2423
