Sample,M0,M1,M3,Tau,Permeability,Energy,M1_Moose,M3_ana
1,0.9372432239227955,64.78401532697562,3125,1.0573602869024579,1e-16,1e-16,1e-16,3125
2,0.9372080835016727,64.76514942277127,3125,1.0573750863798344,1e-16,1e-16,1e-16,3125
3,0.9367783663519423,65.12833033991724,3147,1.0579520267978155,1e-16,1e-16,1e-16,3146
4,0.9370454335524757,64.87548910966886,3132,1.0574919275272199,1e-16,1e-16,1e-16,3132
