Sample,M0,M1,M3,Tau,Permeability,Energy,M1_Moose,M3_ana
1,0.9041208669844699,82.63552697441564,3683,1.1129836058140214,1e-16,1e-16,1e-16,3683
2,0.9051298990767105,81.82749727449132,3646,1.1118685088135796,1e-16,1e-16,1e-16,3646
3,0.9040987787197642,82.71056998388691,3686,1.113636051149518,1e-16,1e-16,1e-16,3686
4,0.9043628338842012,82.41227771661698,3673,1.1129160915830947,1e-16,1e-16,1e-16,3674
