Sample,M0,M1,M3,Tau,Permeability,Energy,M1_Moose,M3_ana
1,0.9469239079361127,54.74478392500627,2640,1.048479575699507,1e-16,1e-16,1e-16,2640
2,0.9469630644053638,54.66648768982358,2636,1.0484935159506967,1e-16,1e-16,1e-16,2636
3,0.9465785277970771,55.08429126419248,2657,1.0490198961648889,1e-16,1e-16,1e-16,2656
4,0.9468094505644555,54.85696391427288,2646,1.0487420340900684,1e-16,1e-16,1e-16,2646
5,0.9466287283986812,54.910324749457345,2653,1.0491019529438808,1e-16,1e-16,1e-16,2653
