Sample,M0,M1,M3,Tau,Permeability,Energy,M1_Moose,M3_ana
1,0.902907016437685,83.69195502165022,3727,1.3268386943503825,1e-16,1e-16,1e-16,3727
2,0.9040405460219035,82.76758830384614,3688,1.3228786574133329,1e-16,1e-16,1e-16,3688
3,0.90261986899651,83.98785162618387,3743,1.329815871640819,1e-16,1e-16,1e-16,3744
4,0.9030807105192349,83.6005534037687,3721,1.32955104414402,1e-16,1e-16,1e-16,3721
