Sample,M0,M1,M3,Tau,Permeability,Energy,M1_Moose,M3_ana
1,0.8663218220007148,71.56952436117628,2784,1.2243434022306634,9.000831846697065e-06,-8.804914487818947e-06,77.68075760785,2784
2,0.8662836695434958,71.59720386644523,2783,1.22246313076703,1e-16,1e-16,1e-16,2783
3,0.8658378882012522,71.8575179392275,2795,1.2254682064919868,1e-16,1e-16,1e-16,2795
4,0.8660577668362778,71.68871711738456,2787,1.2239522833658676,1e-16,1e-16,1e-16,2787
5,0.865784675563552,71.96006623270051,2800,1.225204499833344,1e-16,1e-16,1e-16,2800
