Sample,M0,M1,M3,Tau,Permeability,Energy,M1_Moose,M3_ana
1,0.9035224758133501,83.56345776884561,5106,1.2339327175838686,1e-16,1e-16,1e-16,3704
2,0.903770466785274,83.29222705826794,5081,1.2325229035245384,1e-16,1e-16,1e-16,3693
3,0.9031961719029241,83.79908282770862,5081,1.234479650258289,1e-16,1e-16,1e-16,3715
4,0.9033778980807305,83.69690609673331,5107,1.2342176695772362,1e-16,1e-16,1e-16,3708
