Sample,M0,M1,M3,Tau,Permeability,Energy,M1_Moose,M3_ana
1,0.9106057806996759,77.41220147851924,4737,1.214844029496412,1e-16,1e-16,1e-16,3431
2,0.9112503564242714,76.80198889747889,4670,1.212009997521467,1e-16,1e-16,1e-16,3403
3,0.9104381106903185,77.54401642187078,4723,1.2147992455427867,1e-16,1e-16,1e-16,3436
4,0.9104662230272168,77.49253535730145,4719,1.214680551734071,1e-16,1e-16,1e-16,3433
