Sample,M0,M1,M3,Tau,Permeability,Energy,M1_Moose,M3_ana
1,0.9592170312569026,42.03361085971861,2029,1.1691135044914784,3.328819383409972e-05,-3.3027753939833796e-05,48.086572889184,2029
2,0.9591708467034269,42.08789184608759,2030,1.1687146980787495,1e-16,1e-16,1e-16,2030
3,0.9588606069855141,42.39472143669942,2045,1.1706019491794848,1e-16,1e-16,1e-16,2045
4,0.9590824936446039,42.13575489412827,2033,1.1691383710832381,3.291242065739945e-05,-3.28821930066892e-05,48.18974396079,2033
5,0.9590132168143903,42.226712784700325,2039,1.1699974423134107,1e-16,1e-16,1e-16,2039
7,0.9591628146071702,42.15517615869989,2034,1.1686503622838145,3.333347862509252e-05,-3.2894124734049865e-05,48.176480764461,2034
