Sample,M0,M1,M3,Tau,Permeability,Energy,M1_Moose,M3_ana
1,0.8618599925301504,75.38488852166628,3002,1.2801032369707006,9.280124456535624e-06,-9.128547712131747e-06,82.947151160634,3002
2,0.8625808731691841,74.96197507093413,2985,1.2764463839897873,1e-16,1e-16,1e-16,2985
3,0.8616240497026116,75.54933497366564,3011,1.2804500011275726,1e-16,1e-16,1e-16,3011
4,0.8623599905221264,75.24189420615761,3001,1.2791682737440786,1e-16,1e-16,1e-16,3001
5,0.8623579824980623,75.16369325574993,2998,1.2785721298991655,1e-16,1e-16,1e-16,2998
