Sample,M0,M1,M3,Tau,Permeability,Energy,M1_Moose,M3_ana
1,0.954514238898639,42.307847165522865,2403,1.1063510228716866,2.5382058100669253e-05,-2.5250183266949587e-05,47.313958690435,1949
2,0.9545092188384786,42.320926623336504,2398,1.1085133462528305,1e-16,1e-16,1e-16,1950
3,0.9541417504347373,42.61930063202054,2399,1.107871150228827,1e-16,1e-16,1e-16,1963
4,0.9543987775149497,42.364681687612524,2371,1.108843962484728,2.5491314541619947e-05,-2.5457330843411637e-05,47.360712919372,1951
5,0.9543164485283192,42.50582612414983,2412,1.1085380348268432,1e-16,1e-16,1e-16,1959
7,0.9545062068023823,42.34223723512561,2393,1.108255313507467,2.6000943377878116e-05,-2.5568447058796676e-05,47.355267828632,1952
