Sample,M0,M1,M3,Tau,Permeability,Energy,M1_Moose,M3_ana
1,0.8612344930341645,84.78056147296043,3536,1.4019911670796732,9.577911414512687e-06,-9.488250992584599e-06,85.375502700317,3538
2,0.8623720386665114,84.09248680744449,3508,1.3969380777071418,9.774005001279115e-06,-9.706453598070915e-06,84.673072226285,3508
