Sample,M0,M1,M3,Tau,Permeability,Energy,M1_Moose,M3_ana
1,0.8995084357090936,55.584141952501064,2186,1.1700939483457824,1.5629559328415512e-05,-1.5458648233687536e-05,60.401581794371,2186
2,0.8996088369123015,55.5299562509071,2184,1.1690943703839505,1e-16,1e-16,1e-16,2184
3,0.8988889602853001,55.935016428472544,2200,1.171162727379783,1e-16,1e-16,1e-16,2200
4,0.8990666704149782,55.84873145863477,2196,1.1706814113676953,1e-16,1e-16,1e-16,2196
5,0.899275504917651,55.68620705041853,2189,1.1704059031139136,1e-16,1e-16,1e-16,2189
