Sample,M0,M1,M3,Tau,Permeability,Energy,M1_Moose,M3_ana
1,0.9316558969642692,53.2334990242169,2729,1.1422389034101081,1.7757419773626594e-05,-1.7440311226645982e-05,57.704254844857,2263
2,0.9319691487182783,53.07313066433846,2727,1.141392652468628,1e-16,1e-16,1e-16,2257
3,0.9313868217396717,53.498699707246786,2735,1.143074764043042,1e-16,1e-16,1e-16,2274
4,0.9312121236460897,53.619670177614694,2736,1.1432777946975623,1e-16,1e-16,1e-16,2277
5,0.9315123232436817,53.35169269274845,2695,1.1425575112785356,1e-16,1e-16,1e-16,2269
