Sample,M0,M1,M3,Tau,Permeability,Energy,M1_Moose,M3_ana
1,0.9526919570604134,43.95691360327562,2487,1.114272038799272,2.386389110258615e-05,-2.353900000157452e-05,49.244972213909,2029
2,0.9526066160376866,44.192183447923746,2466,1.1135342976792555,1e-16,1e-16,1e-16,2030
3,0.9522773000911643,44.41564639523574,2499,1.11266613674996,1e-16,1e-16,1e-16,2045
4,0.9525694675924996,44.1372681646953,2486,1.1129113712203664,2.3316297077293075e-05,-2.3260396413421607e-05,49.35428321409,2033
5,0.9523666571620194,44.27999974584222,2492,1.1145004534849388,1e-16,1e-16,1e-16,2039
7,0.9524289059080084,44.231427431208445,2520,1.114381572699662,2.397325681776399e-05,-2.353801829529086e-05,49.334378533602,2034
