Sample,M0,M1,M3,Tau,Permeability,Energy,M1_Moose,M3_ana
1,0.9159973253119466,65.37892788866108,2787,1.1240029693502807,9.880486164272577e-06,-9.60322465944687e-06,70.963891635456,2784
2,0.916052545973711,65.278085144536,2784,1.1227763372254227,1e-16,1e-16,1e-16,2783
3,0.915727246075317,65.48894225298753,2796,1.124323098504043,1e-16,1e-16,1e-16,2795
4,0.9160204175886844,65.34370337604649,2787,1.1235261416104907,1e-16,1e-16,1e-16,2787
