Sample,M0,M1,M3,Tau,Permeability,Energy,M1_Moose,M3_ana
1,0.8796119292693604,73.63161074780157,3069,1.203265204047756,9.279796848795346e-06,-9.177704548724211e-06,74.10051892089,3069
2,0.8802364247533142,73.26726609831404,3055,1.2016520851842343,9.415485931820388e-06,-9.341922069152244e-06,73.718823080575,3055
3,0.8789512893522516,73.97661587413154,3084,1.2067344213909026,9.224613745287423e-06,-9.182816896244655e-06,74.431718654791,3084
4,0.879733414725242,73.56006735012066,3065,1.2049773589600021,9.246729681736067e-06,-9.114690428766538e-06,74.005065218825,3065
5,0.8798759844337974,73.43120342987268,3061,1.203704535134394,9.258522807631912e-06,-9.250692982441219e-06,73.883648571228,3061
6,0.8796028931610717,73.64564585828722,3069,1.2048705307977032,9.030903101497509e-06,-9.002521652134627e-06,74.114181448424,3069
7,0.881097867076839,72.70574539848243,3032,1.202548956118533,9.492947697870803e-06,-9.35989563421252e-06,73.12201651429,3032
