Sample,M0,M1,M3,Tau,Permeability,Energy,M1_Moose,M3_ana
1,0.9468385669133859,42.96990163519121,2085,1.1113501853989796,2.629585493563324e-05,-2.6147393328571748e-05,47.085873314477,1870
2,0.946953024285043,42.91598824456137,2049,1.1106944881735612,1e-16,1e-16,1e-16,1871
3,0.9465303352195372,43.20433703682749,2092,1.1119273617816359,1e-16,1e-16,1e-16,1880
4,0.9469911767422621,42.93149606167694,2061,1.1115451424967893,2.5945040212572855e-05,-2.599124839828698e-05,47.047197475913,1868
5,0.9467120613973438,43.10659641710989,2098,1.1113473707563646,1e-16,1e-16,1e-16,1879
7,0.9469259159601768,42.9188276346071,2067,1.1114174669894228,2.6640448870132967e-05,-2.6199156588616068e-05,47.080944502021,1871
11,0.9469319400323694,42.835270421757215,2077,1.1099055827726285,1e-16,1e-16,1e-16,1863
18,0.9469510162609789,42.93601788110729,2056,1.1096450595175062,2.6189460287433795e-05,-2.5950608193658725e-05,47.051731758875,1870
