Sample,M0,M1,M3,Tau,Permeability,Energy,M1_Moose,M3_ana
1,0.9261529070164377,76.15470730115541,3683,1.067458621229631,1e-16,1e-16,1e-16,3683
2,0.9268657555592146,75.42825018208848,3646,1.066822722956022,1e-16,1e-16,1e-16,3646
3,0.9260123453319464,76.26443581115682,3687,1.067814340566889,1e-16,1e-16,1e-16,3686
4,0.926018369404139,76.17811137307295,3674,1.0678157522278346,1e-16,1e-16,1e-16,3674
