Sample,M0,M1,M3,Tau,Permeability,Energy,M1_Moose,M3_ana
1,0.9545493793197618,42.32956840937644,1949,1.047229881537064,2.0422396158695843e-05,-2.0292420862431028e-05,47.308296539081,1949
2,0.954440946020297,42.40568267133615,1950,1.047294738510756,1e-16,1e-16,1e-16,1950
3,0.9541578146272505,42.6751288960737,1963,1.0476615418976596,1e-16,1e-16,1e-16,1963
4,0.9544258858398159,42.463795363747096,1951,1.04753770678098,2.0210663146875345e-05,-2.016782667632576e-05,47.384635246708,1951
5,0.9543797012863402,42.47693344301154,1959,1.047684618872346,1e-16,1e-16,1e-16,1959
7,0.9544901426098691,42.40526206399,1952,1.047156310000604,2.075162977560665e-05,-2.0348041951559006e-05,47.324669304953,1952
