Sample,M0,M1,M3,Tau,Permeability,Energy,M1_Moose,M3_ana
1,0.9451849590965498,50.95705548446911,2886,1.1327167010778028,1.820731798412078e-05,-1.7877767565527978e-05,56.905156994793,2345
2,0.9455012228866551,50.695475622889774,2852,1.1304612064866624,1e-16,1e-16,1e-16,2338
3,0.9451458026272986,51.000238840095044,2873,1.1310301478035796,1e-16,1e-16,1e-16,2347
4,0.9450464054361227,51.10769009209845,2870,1.1314150545055075,1e-16,1e-16,1e-16,2354
5,0.9453817454548376,50.80190186233131,2882,1.1301910723721047,1e-16,1e-16,1e-16,2343
