Sample,M0,M1,M3,Tau,Permeability,Energy,M1_Moose,M3_ana
1,0.9050776904510424,57.931649145683,2415,1.1592720782984878,1.5775101628660386e-05,-1.561401099862604e-05,58.343212719138,2415
2,0.9052674487251056,57.84906112886608,2412,1.1585851887699887,1.5608049002423267e-05,-1.5594600886891968e-05,58.254722303057,2412
4,0.9044742792197622,58.3243729904302,2431,1.1597971698054603,1.5271580928674794e-05,-1.523436625854626e-05,58.753756141392,2431
8,0.9054772872398102,57.68467049339565,2404,1.1585050513096442,1.5484790922272577e-05,-1.5535267777659834e-05,58.08509570151,2404
12,0.9051128308721652,57.90935579450001,2414,1.1598250080982384,1.5831667521726318e-05,-1.5900659704005542e-05,58.317229894779,2414
16,0.9048457636716318,58.14758343393215,2423,1.16033931975177,1.5790684230894182e-05,-1.5720930802392243e-05,58.492609638212,2423
20,0.9054351187344629,57.76610832123192,2408,1.1594879829744458,1.5804489488409972e-05,-1.5758321090431025e-05,58.176280910492,2408
23,0.9044361267625431,58.32722195707828,2432,1.1607912804462306,1.528134124363435e-05,-1.5205291030778948e-05,58.774132085702,2432
