Sample,M0,M1,M3,Tau,Permeability,Energy,M1_Moose,M3_ana
1,0.8890657065634274,60.606075431879376,2415,1.101102364173725,1.1249361729952356e-05,-1.11265015630205e-05,66.748268988988,2415
2,0.8889040606262626,60.587994925838416,2412,1.1015717843191444,1e-16,1e-16,1e-16,2412
3,0.8887112903161032,60.79471135395965,2423,1.1021757898112283,1e-16,1e-16,1e-16,2423
4,0.8883036614310786,61.01816752959118,2431,1.1017954826411986,1e-16,1e-16,1e-16,2431
5,0.8885486403669062,60.82740545081683,2423,1.1019903813597418,1e-16,1e-16,1e-16,2423
