Sample,M0,M1,M3,Tau,Permeability,Energy,M1_Moose,M3_ana
1,0.9189692009269039,65.54474422767748,3219,1.1729299425838273,1e-16,1e-16,1e-16,2858
2,0.9189280364335887,65.51518098503485,3148,1.1721199898607433,1e-16,1e-16,1e-16,2855
3,0.9185394837771735,65.92727704950524,3195,1.1756303775751435,1e-16,1e-16,1e-16,2870
4,0.9187543423520388,65.65773157323407,3168,1.173743503696255,1e-16,1e-16,1e-16,2861
