Sample,M0,M1,M3,Tau,Permeability,Energy,M1_Moose,M3_ana
1,0.9078859121047707,79.4024880235338,3538,1.1083889664294566,1e-16,1e-16,1e-16,3538
2,0.9086931377785631,78.72935227140522,3508,1.1075698232290063,1e-16,1e-16,1e-16,3508
3,0.9078608118039686,79.45307205688191,3540,1.108731824936191,1e-16,1e-16,1e-16,3540
4,0.9078879201288348,79.36749354871534,3534,1.108427103710637,1e-16,1e-16,1e-16,3534
