Sample,M0,M1,M3,Tau,Permeability,Energy,M1_Moose,M3_ana
1,0.8655858811812001,82.275638668658,3431,1.2297428520995475,7.223898040215734e-06,-7.146773863826926e-06,82.770684871825,3431
2,0.8664172031437625,81.63203230076977,3403,1.2268060365875781,7.4462421964199455e-06,-7.347876915150693e-06,82.133649877199,3403
3,0.8653298581130197,82.38328049021148,3435,1.2305549177852475,7.181614724961551e-06,-7.121478296817064e-06,82.930877670727,3436
4,0.865297729727993,82.33355401983847,3433,1.225777458777674,7.184254723273352e-06,-7.08512540765374e-06,82.884324046628,3433
5,0.8656702181918948,82.20733892008619,3430,1.2316003339054375,7.242982818906039e-06,-7.151037096180388e-06,82.686388320532,3430
6,0.8650115862988502,82.50814525483071,3438,1.2290457721404633,7.143579291679225e-06,-7.081050436798116e-06,82.990415489084,3438
7,0.8672957136718327,81.1438327127787,3384,1.230669943911222,7.488325128978838e-06,-7.344294037982715e-06,81.651183116143,3384
