Sample,M0,M1,M3,Tau,Permeability,Energy,M1_Moose,M3_ana
1,0.8956640736382585,84.77806703993905,3678,1.138647586214465,1e-16,1e-16,1e-16,3678
2,0.8957795350219477,84.61346271495533,3673,1.1382447943583494,1e-16,1e-16,1e-16,3673
3,0.8951921879831808,85.09246475785983,3696,1.1394247992573867,1e-16,1e-16,1e-16,3696
4,0.8951620676222184,85.19832209357317,3700,1.1391941104222094,1e-16,1e-16,1e-16,3700
