Sample,M0,M1,M3,Tau,Permeability,Energy,M1_Moose,M3_ana
1,0.8913357777679608,84.55533038809115,3610,1.1620677787783726,5.40695185722205e-06,-5.22016572236e-06,91.812900685494,3607
2,0.891838787796033,84.14458862551236,3591,1.160424681594707,1e-16,1e-16,1e-16,3590
3,0.89039903454203,85.15516814834248,3638,1.1631731765797004,1e-16,1e-16,1e-16,3637
4,0.8903980305299979,85.2376772286672,3634,1.163006649230605,1e-16,1e-16,1e-16,3634
