Sample,M0,M1,M3,Tau,Permeability,Energy,M1_Moose,M3_ana
1,0.8211091521720796,94.55009558256526,3724,1.1830128364556245,1e-16,1e-16,1e-16,3724
2,0.822477620571805,93.81951132652894,3694,1.1812223065229253,1e-16,1e-16,1e-16,3695
3,0.8205047369287674,94.86512082566504,3736,1.1838250706261895,1e-16,1e-16,1e-16,3736
4,0.8207145754434721,94.74899749729862,3731,1.183300224591685,1e-16,1e-16,1e-16,3731
5,0.8219715985076366,94.10720550689422,3707,1.181696802899748,1e-16,1e-16,1e-16,3707
