Sample,M0,M1,M3,Tau,Permeability,Energy,M1_Moose,M3_ana
1,0.9131348870084859,81.34799824496277,5597,1.228580613874726,1e-16,1e-16,1e-16,3727
2,0.9140144015485882,80.53598854261442,5530,1.2256609331989117,1e-16,1e-16,1e-16,3688
3,0.9126539652451195,81.79994550285545,5631,1.2305616282206433,1e-16,1e-16,1e-16,3744
4,0.9133678177999285,81.18598015226533,5598,1.2287989866574078,1e-16,1e-16,1e-16,3721
