Sample,M0,M1,M3,Tau,Permeability,Energy,M1_Moose,M3_ana
1,0.9110605981502082,54.292333273287106,2263,1.1487635840431292,1.7939845049422716e-05,-1.77628353656554e-05,54.681510631575,2263
2,0.9113346934349661,54.13705844148912,2257,1.1477455327163608,1.7790122162189474e-05,-1.7805103777240998e-05,54.511155024933,2257
4,0.9105344958453983,54.63068084689034,2277,1.149520635655682,1.7375941690460943e-05,-1.7294299684204987e-05,55.028499838884,2277
8,0.9114491508066233,54.04161819973281,2252,1.1478150219692982,1.7648239152208312e-05,-1.775684223799668e-05,54.425084438657,2252
12,0.9111439311488709,54.235735560674044,2261,1.1491440913690265,1.7940922372345705e-05,-1.795449398245097e-05,54.620149452113,2261
16,0.9107935309496749,54.520659710883415,2272,1.1498473510543938,1.808684701691967e-05,-1.7879486510935182e-05,54.843445051659,2272
20,0.9112423243280148,54.19800375226533,2259,1.148896401183845,1.8058334402504157e-05,-1.8017010974283657e-05,54.579465455713,2259
23,0.9106459411809591,54.53412311271901,2274,1.14987000136895,1.7589515155412744e-05,-1.7507095350183936e-05,54.956809832614,2274
