Sample,M0,M1,M3,Tau,Permeability,Energy,M1_Moose,M3_ana
1,0.933430990236987,69.04500711610125,5606,1.1916478565692767,1e-16,1e-16,1e-16,3309
2,0.9334229581407304,69.06222328748662,5604,1.1903269668598393,1e-16,1e-16,1e-16,3309
3,0.9330032811113208,69.53127508370683,5658,1.1933366507870544,1e-16,1e-16,1e-16,3329
4,0.9331127184228176,69.37565180937442,5615,1.192161181606029,1e-16,1e-16,1e-16,3325
