Sample,M0,M1,M3,Tau,Permeability,Energy,M1_Moose,M3_ana
1,0.8291462684888816,94.61115988193211,3724,1.3056307025403395,1e-16,1e-16,1e-16,3724
2,0.8305308010811202,93.86223799533686,3695,1.3023760728367706,1e-16,1e-16,1e-16,3695
3,0.8284886406078691,94.92041502692399,3736,1.3070839782046484,1e-16,1e-16,1e-16,3736
4,0.8287647439166911,94.79900082924665,3730,1.3083600765349372,1e-16,1e-16,1e-16,3731
5,0.8295036967723021,94.26926645661196,3707,1.303877313201172,1e-16,1e-16,1e-16,3707
