Sample,M0,M1,M3,Tau,Permeability,Energy,M1_Moose,M3_ana
1,0.9560865217408765,45.248388311611826,2186,1.1832067095978702,1e-16,1e-16,1e-16,2186
2,0.95605439335585,45.31015848879753,2184,1.1829251547044757,1e-16,1e-16,1e-16,2184
3,0.9557742739988996,45.59544065814368,2200,1.1849241901421608,1e-16,1e-16,1e-16,2200
4,0.9558114224440866,45.503086192512036,2196,1.18401518571026,1e-16,1e-16,1e-16,2196
5,0.9560222649708234,45.32019444365448,2189,1.1832052862086577,1e-16,1e-16,1e-16,2189
