Sample,M0,M1,M3,Tau,Permeability,Energy,M1_Moose,M3_ana
1,0.9333576973586452,54.12914988773211,2345,1.087575038926656,1e-16,1e-16,1e-16,2345
2,0.9336840012690713,53.89720543360715,2338,1.08680081194689,1e-16,1e-16,1e-16,2338
3,0.9334119140083775,54.09007732079273,2347,1.0876765717392616,1e-16,1e-16,1e-16,2347
4,0.9330745659655986,54.351804316917416,2354,1.0877228432250505,1e-16,1e-16,1e-16,2354
5,0.9335103071875214,53.98538652234286,2343,1.0875338905977563,1e-16,1e-16,1e-16,2343
