Sample,M0,M1,M3,Tau,Permeability,Energy,M1_Moose,M3_ana
1,0.9292894406046562,61.19949636727117,3732,1.1661014367407565,1e-16,1e-16,1e-16,2711
2,0.9293296010859394,61.14929347302311,3722,1.1648737903699182,1e-16,1e-16,1e-16,2709
3,0.9287844225525199,61.65387198446579,3757,1.167167812029584,1e-16,1e-16,1e-16,2731
4,0.9290534977771173,61.320355204581254,3718,1.1660480770225123,1e-16,1e-16,1e-16,2715
5,0.9287683583600066,61.64920864033385,3707,1.1675271032737382,1e-16,1e-16,1e-16,2734
