Sample,M0,M1,M3,Tau,Permeability,Energy,M1_Moose,M3_ana
1,0.8773739864498536,74.9032314020354,3124,1.3464386029250015,1.2176210642677009e-05,-1.2057832798652632e-05,75.462805513776,3125
2,0.8773749904618857,74.9247788233011,3125,1.3440117397258606,1.2109568455819392e-05,-1.2029465301974516e-05,75.477312374691,3125
