Sample,M0,M1,M3,Tau,Permeability,Energy,M1_Moose,M3_ana
1,0.9401227304308015,55.78405394105775,2567,1.0623005562106063,1e-16,1e-16,1e-16,2567
2,0.9401086742623523,55.743466394320485,2567,1.06217968882342,1e-16,1e-16,1e-16,2567
3,0.9398385950257228,56.03949775187526,2578,1.0628895929198068,1e-16,1e-16,1e-16,2578
4,0.9398395990377548,55.996347092814965,2575,1.062651568988979,1e-16,1e-16,1e-16,2575
5,0.9398586752663644,55.959456499098565,2582,1.0628397116126271,1e-16,1e-16,1e-16,2582
