Sample,M0,M1,M3,Tau,Permeability,Energy,M1_Moose,M3_ana
1,0.9472461957984104,49.14753902799303,2263,1.054872378809254,1e-16,1e-16,1e-16,2263
2,0.9473496090377147,49.00279969489034,2257,1.0547497805025576,1e-16,1e-16,1e-16,2257
3,0.9468988076353106,49.44284080391332,2274,1.055412877475831,1e-16,1e-16,1e-16,2274
4,0.9467963984080385,49.5548302236299,2277,1.05549357055401,1e-16,1e-16,1e-16,2277
5,0.947164870823812,49.1665002169724,2269,1.055107346530121,1e-16,1e-16,1e-16,2269
