Sample,M0,M1,M3,Tau,Permeability,Energy,M1_Moose,M3_ana
1,0.9387191216099534,47.73564263731538,2462,1.1267568304672488,2.1736906355045984e-05,-2.14072594849795e-05,51.738616195987,2029
2,0.9388566712583484,47.72250455805094,2463,1.1264451714459662,2.177148784127424e-05,-2.1661756478894183e-05,51.722425265972,2030
3,0.9383185208091533,48.10248781091657,2459,1.1277268480149252,1e-16,1e-16,1e-16,2045
4,0.9385805679495263,47.87866007278735,2447,1.126953562668658,2.1542329834662605e-05,-2.1435492813208865e-05,51.855928922419,2033
5,0.9384199260243935,47.97465567491093,2432,1.1278601562684323,1e-16,1e-16,1e-16,2039
7,0.9386558688519323,47.833304320540776,2446,1.1263527598184997,1e-16,1e-16,1e-16,2034
