Sample,M0,M1,M3,Tau,Permeability,Energy,M1_Moose,M3_ana
1,0.9274490865498533,75.02681114208373,4768,1.197910176568814,1e-16,1e-16,1e-16,3607
2,0.9278376392062683,74.58458689800109,4732,1.197648553698319,1e-16,1e-16,1e-16,3590
3,0.926907924064562,75.58045474031805,4800,1.201667566013165,1e-16,1e-16,1e-16,3637
4,0.926883827775792,75.637449940314,4776,1.1967403208656167,1e-16,1e-16,1e-16,3634
