Sample,M0,M1,M3,Tau,Permeability,Energy,M1_Moose,M3_ana
1,0.880370962365613,66.58121925118493,2489,1.1908661547161088,3.917298386225817e-06,-3.837899275451967e-06,108.7247386754,2489
2,0.8806239733976972,66.53665566878225,2488,1.1899375392672824,1e-16,1e-16,1e-16,2488
3,0.8800306022867378,66.7775309668734,2499,1.1928796030439983,1e-16,1e-16,1e-16,2499
4,0.8799864257573263,66.80353200951629,2498,1.1916751201801115,1e-16,1e-16,1e-16,2498
5,0.879757511014012,66.94882950790813,2505,1.190054634444298,1e-16,1e-16,1e-16,2505
