Sample,M0,M1,M3,Tau,Permeability,Energy,M1_Moose,M3_ana
1,0.8950044377331818,81.69199515406092,3487,1.1564453303420839,5.865050857936067e-06,-5.685060824306371e-06,88.70617991107,3484
2,0.895783551070076,81.0719276111113,3460,1.1541501697225915,1e-16,1e-16,1e-16,3459
3,0.8948699001208831,81.69620799920294,3492,1.1560220143799662,1e-16,1e-16,1e-16,3490
4,0.8949883735406685,81.67448635667004,3482,1.1559193196829152,1e-16,1e-16,1e-16,3482
