Sample,M0,M1,M3,Tau,Permeability,Energy,M1_Moose,M3_ana
1,0.9256007003987936,76.96377190635411,4925,1.2034481817960259,1e-16,1e-16,1e-16,3704
2,0.9259239922731234,76.72254023221139,4886,1.2025391479499277,1e-16,1e-16,1e-16,3693
3,0.9253687736193831,77.29355623173026,4995,1.2040822005878362,1e-16,1e-16,1e-16,3715
4,0.9253828297878322,77.0781733370898,4899,1.2022374968891134,1e-16,1e-16,1e-16,3708
