Sample,M0,M1,M3,Tau,Permeability,Energy,M1_Moose,M3_ana
1,0.9042433564523837,78.06623103145681,4328,1.2156055375122254,1e-16,1e-16,1e-16,3375
2,0.9047383343841993,77.69059537675432,4298,1.2137180964693397,1e-16,1e-16,1e-16,3357
3,0.9039311087104068,78.366633107138,4338,1.216149852011801,1e-16,1e-16,1e-16,3385
4,0.9043146413066614,78.01717832618938,4304,1.2150486650164505,1e-16,1e-16,1e-16,3374
