Sample,M0,M1,M3,Tau,Permeability,Energy,M1_Moose,M3_ana
1,0.9106369050726704,77.02566714318813,3431,1.1051208230555918,1e-16,1e-16,1e-16,3431
2,0.9113638097838964,76.41926034330457,3403,1.1041755301922678,1e-16,1e-16,1e-16,3403
3,0.9105405199175907,77.12013141723101,3436,1.1056084081683044,1e-16,1e-16,1e-16,3436
4,0.9104973474002113,77.11353925763551,3433,1.10517079742933,1e-16,1e-16,1e-16,3433
