Sample,M0,M1,M3,Tau,Permeability,Energy,M1_Moose,M3_ana
1,0.9508887514507974,45.72169077813497,2108,1.1773789274385247,2.883203766614737e-05,-2.8699357845738505e-05,51.180427934884,2108
2,0.9508927674989257,45.72460233299243,2107,1.1761794341691487,1e-16,1e-16,1e-16,2107
3,0.9504158617836876,46.18883291209633,2124,1.1793922792948337,1e-16,1e-16,1e-16,2124
4,0.9506598367074831,45.90651811413656,2113,1.1772106642639824,2.809333332820277e-05,-2.788765551489529e-05,51.291823988616,2113
5,0.9507070252729909,45.923773753768025,2116,1.177934577783563,1e-16,1e-16,1e-16,2116
