Sample,M0,M1,M3,Tau,Permeability,Energy,M1_Moose,M3_ana
1,0.8764844317894306,65.23272114266216,2567,1.125908257568985,9.913398845871911e-06,-9.775032760268587e-06,71.680235334757,2567
2,0.8765225842466496,65.22134442927454,2567,1.1254154909391767,1e-16,1e-16,1e-16,2567
3,0.875976401701198,65.50681716817071,2578,1.1270840453109114,1e-16,1e-16,1e-16,2578
4,0.8760747948803419,65.4451259274772,2575,1.1259270704262738,1e-16,1e-16,1e-16,2575
5,0.8759021048108241,65.57821904115004,2582,1.1269113690152668,1e-16,1e-16,1e-16,2582
