Sample,M0,M1,M3,Tau,Permeability,Energy,M1_Moose,M3_ana
1,0.9268737876554712,75.35638823351691,3641,1.3252797048689753,1e-16,1e-16,1e-16,3641
2,0.9270113373038662,75.27776667576308,3641,1.3242456192131984,1e-16,1e-16,1e-16,3641
3,0.9263928658921049,75.8992240220918,3664,1.3290224026672146,1e-16,1e-16,1e-16,3665
4,0.9263035088212497,76.09594396360218,3670,1.3301331432239683,1e-16,1e-16,1e-16,3670
