Sample,M0,M1,M3,Tau,Permeability,Energy,M1_Moose,M3_ana
1,0.9575302910430079,43.88256467395131,2803,1.1109392096464334,2.315419386336842e-05,-2.2839587228878672e-05,49.989697192877,2108
2,0.9576106120055743,43.77771600251704,2768,1.1104023303636188,1e-16,1e-16,1e-16,2107
3,0.9571025819173417,44.23829867344853,2792,1.1092487924355368,1e-16,1e-16,1e-16,2124
4,0.957419849719479,43.94549461672001,2791,1.1113657672857427,2.229263451966205e-05,-2.1981289925591136e-05,50.110012544241,2113
5,0.9575092067903341,43.95636501458882,2792,1.110575673932665,1e-16,1e-16,1e-16,2116
