Sample,M0,M1,M3,Tau,Permeability,Energy,M1_Moose,M3_ana
1,0.9033106292745813,61.79584185123029,2415,1.1777388532054325,4.263347082899169e-06,-4.17936623138892e-06,105.24577331194,2415
2,0.903471271199714,61.660819922093886,2412,1.1751004652644843,1e-16,1e-16,1e-16,2412
3,0.9029230806301983,61.95235258018158,2423,1.1746301947360187,1e-16,1e-16,1e-16,2423
4,0.9026791057064028,62.15030841884526,2431,1.1755622272008495,1e-16,1e-16,1e-16,2431
5,0.9032323163360789,61.979012682732424,2423,1.1771379466600547,1e-16,1e-16,1e-16,2423
