Sample,M0,M1,M3,Tau,Permeability,Energy,M1_Moose,M3_ana
1,0.8329022775008935,93.0552728245884,3484,1.274612040078029,1e-16,1e-16,1e-16,3484
2,0.8341241601439352,92.42218164035407,3459,1.2717199034379718,1e-16,1e-16,1e-16,3459
3,0.8325177408926069,93.27007327213975,3489,1.272597974879408,1e-16,1e-16,1e-16,3490
4,0.8330247669688073,93.02170084971472,3482,1.273891947525244,1e-16,1e-16,1e-16,3482
5,0.8332426375797688,92.98004485541091,3479,1.2720005167380593,1e-16,1e-16,1e-16,3479
