Sample,M0,M1,M3,Tau,Permeability,Energy,M1_Moose,M3_ana
1,0.8625316765796122,72.61477324976,2858,1.1400482816731017,7.65230723437784e-06,-7.47754162208011e-06,79.768107097803,2858
2,0.8627284629378998,72.52140334816882,2855,1.1393865433818804,1e-16,1e-16,1e-16,2855
3,0.8619734458897755,72.91240810020719,2870,1.1412856274344696,1e-16,1e-16,1e-16,2870
4,0.8623820787868322,72.69487031906561,2861,1.1399480327574096,1e-16,1e-16,1e-16,2861
5,0.8624222392681153,72.69621107759627,2862,1.140623797267402,1e-16,1e-16,1e-16,2862
