Sample,M0,M1,M3,Tau,Permeability,Energy,M1_Moose,M3_ana
1,0.8611350958429885,84.78303607218892,3538,1.0961753225837818,4.950426742227258e-06,-4.8549110172393354e-06,85.349042528426,3538
2,0.8623780627387039,84.08338735205486,3505,1.0952746289264648,5.042694882300942e-06,-4.965098623258283e-06,84.65602687921,3508
