Sample,M0,M1,M3,Tau,Permeability,Energy,M1_Moose,M3_ana
1,0.9725161746338368,16.783184223016214,700,1.0441697850987874,0.00014167347984742382,-0.0001449620983265374,16.918075612453,700
2,0.9725824394279541,16.747388001751542,699,1.0435685726876682,0.00013969899111878115,-0.00014293519160520776,16.880055822946,699
3,0.9724157734306288,16.838345892323602,701,1.0442106813181582,0.00013664112350105263,-0.00014138556223789475,16.967276301838,701
4,0.9723675808530889,16.85317317265314,702,1.0440043503576684,0.0001315097714934072,-0.0001353440982595014,16.971987237912,702
8,0.9725493070308955,16.756599090198996,698,1.0440466891523328,0.0001336611322665928,-0.00013504404958404433,16.871627545202,698
12,0.9724549298998799,16.80546122591639,701,1.044254303106691,0.00014562807221373962,-0.0001464996630001108,16.954730630107,701
16,0.9726306320054939,16.689124208036663,695,1.043642291104825,0.00013500699140166206,-0.00013492539772166207,16.817562114673,695
20,0.972456937923944,16.820630177099883,701,1.0439135257241496,0.00013656388115844875,-0.0001370213523732964,16.946397091632,701
23,0.9724609539720724,16.83051503065291,701,1.0444672796001289,0.00014181812690925209,-0.00014264450446781164,16.954195317972,701
