Sample,M0,M1,M3,Tau,Permeability,Energy,M1_Moose,M3_ana
1,0.8216864590905257,94.25782376624072,3713,1.1822379986694969,1e-16,1e-16,1e-16,3713
2,0.823153320669395,93.46286675244957,3680,1.1807616543935293,1e-16,1e-16,1e-16,3681
3,0.8210177870771603,94.60073543244229,3726,1.1834175319035616,1e-16,1e-16,1e-16,3726
4,0.821814972630632,94.1664452683225,3708,1.1822700184130677,1e-16,1e-16,1e-16,3708
5,0.8221703928899884,94.01573172420098,3704,1.1816659624715873,1e-16,1e-16,1e-16,3704
