Sample,M0,M1,M3,Tau,Permeability,Energy,M1_Moose,M3_ana
1,0.8343119103939342,90.49545025378046,3607,1.1504874657687687,1e-16,1e-16,1e-16,3607
2,0.8351050798992775,90.0525996463555,3590,1.149724536453982,1e-16,1e-16,1e-16,3590
3,0.832607097963462,91.32241125104042,3637,1.1522178338473448,1e-16,1e-16,1e-16,3637
4,0.8328500688752254,91.24434505365384,3634,1.1515497141912605,1e-16,1e-16,1e-16,3634
5,0.8347948401813647,90.1717298143544,3592,1.1499336367485462,1e-16,1e-16,1e-16,3592
