Sample,M0,M1,M3,Tau,Permeability,Energy,M1_Moose,M3_ana
1,0.9483897655029497,53.16408379079329,2567,1.2189157882646033,1e-16,1e-16,1e-16,2567
2,0.9483716932863724,53.20601209606122,2567,1.2181034555543129,1e-16,1e-16,1e-16,2567
3,0.9481558306994751,53.422113833897136,2578,1.2205590120872545,1e-16,1e-16,1e-16,2578
4,0.9481206902783523,53.444906728918475,2575,1.2198130433221004,1e-16,1e-16,1e-16,2575
5,0.9481749069280846,53.42885709479657,2582,1.2196677867366879,1e-16,1e-16,1e-16,2582
