Sample,M0,M1,M3,Tau,Permeability,Energy,M1_Moose,M3_ana
1,0.8678348681330597,80.24721230291911,3309,1.0933642075811096,1e-16,1e-16,1e-16,3309
2,0.8678840647226317,80.24319002732712,3309,1.092868770044663,1e-16,1e-16,1e-16,3309
3,0.8673087658282497,80.6936645785899,3329,1.0934675977145003,1e-16,1e-16,1e-16,3329
4,0.8671521399512452,80.68418398410022,3325,1.09355785690651,1e-16,1e-16,1e-16,3325
5,0.8677093666290496,80.49711885834674,3323,1.0932848546172134,1e-16,1e-16,1e-16,3323
