Sample,M0,M1,M3,Tau,Permeability,Energy,M1_Moose,M3_ana
1,0.8594483556290938,85.80880089448532,3581,1.0972773486506227,4.803120016518892e-06,-4.714786217575513e-06,86.382787102421,3581
2,0.8602927297480732,85.35852648937491,3558,1.09660185443468,4.850880487964765e-06,-4.76371226265374e-06,85.93820306301,3561
