Sample,M0,M1,M3,Tau,Permeability,Energy,M1_Moose,M3_ana
1,0.8891490395620901,86.25377088692389,3686,1.1655004818076302,5.1674441654067595e-06,-4.977315942661164e-06,93.670308661378,3683
2,0.8902594768695709,85.40312276834324,3647,1.1630467801581925,1e-16,1e-16,1e-16,3646
3,0.8890114899136952,86.27596895333186,3687,1.1655736591020764,1e-16,1e-16,1e-16,3686
4,0.8890576744671708,86.18556642312709,3673,1.1656668251767883,1e-16,1e-16,1e-16,3674
