Sample,M0,M1,M3,Tau,Permeability,Energy,M1_Moose,M3_ana
1,0.9255002991955855,76.72132830074791,3713,1.3312457600677117,1e-16,1e-16,1e-16,3713
2,0.9261428668961169,76.15660342005336,3681,1.3289575609084372,1e-16,1e-16,1e-16,3681
3,0.9251850394175124,77.13810009087447,3725,1.3354959240460742,1e-16,1e-16,1e-16,3726
4,0.9255976883626973,76.82347233515758,3708,1.3346665859708216,1e-16,1e-16,1e-16,3708
