Sample,M0,M1,M3,Tau,Permeability,Energy,M1_Moose,M3_ana
1,0.8973457937919928,65.61385974730496,2567,1.1867922821304067,3.5862194934812193e-06,-3.515047256312133e-06,112.26027258136,2567
2,0.8973347496596399,65.72249388485466,2567,1.1862751163388277,1e-16,1e-16,1e-16,2567
3,0.8968698920887868,65.91010759929493,2578,1.1882067306111923,1e-16,1e-16,1e-16,2578
4,0.8969411769430645,65.87522756245622,2575,1.186848786822744,1e-16,1e-16,1e-16,2575
5,0.8968427837639207,65.98218323737983,2582,1.1893017207531742,1e-16,1e-16,1e-16,2582
