Sample,M0,M1,M3,Tau,Permeability,Energy,M1_Moose,M3_ana
1,0.9060023855325883,75.93431061228536,3650,1.2033108613566985,1e-16,1e-16,1e-16,3309
2,0.9059531889430162,76.03779540522568,3680,1.2044285785903244,1e-16,1e-16,1e-16,3309
3,0.9055023875406123,76.37067111657029,3677,1.2054313521227793,1e-16,1e-16,1e-16,3329
4,0.905635921140879,76.30372847481195,3687,1.2037589545280585,1e-16,1e-16,1e-16,3325
