Sample,M0,M1,M3,Tau,Permeability,Energy,M1_Moose,M3_ana
1,0.9230535218734062,62.27077770228962,3003,1.164511735141838,1e-16,1e-16,1e-16,2711
2,0.9230384616929249,62.26113923481554,3025,1.1640771464763509,1e-16,1e-16,1e-16,2709
3,0.9224049301006824,62.73044418879517,3030,1.1660332566141138,1e-16,1e-16,1e-16,2731
4,0.9229159722250111,62.324930707317954,2990,1.1659807582862627,1e-16,1e-16,1e-16,2715
5,0.9223256131501479,62.806972286420574,3037,1.1647287742948695,1e-16,1e-16,1e-16,2734
