Sample,M0,M1,M3,Tau,Permeability,Energy,M1_Moose,M3_ana
1,0.9384359902169067,57.221330655081026,3187,1.1472537388988588,1.4317026381525762e-05,-1.4061333712786705e-05,64.106846397749,2640
2,0.9385584796848205,57.16609121111813,3252,1.1477796752647207,1e-16,1e-16,1e-16,2636
3,0.9380303693559464,57.54864038122869,3271,1.1484240497510958,1e-16,1e-16,1e-16,2656
4,0.9382351878104908,57.351286142858854,3226,1.1477301008046512,1e-16,1e-16,1e-16,2646
5,0.9380574776808125,57.58323736866428,3254,1.1504329012163759,1e-16,1e-16,1e-16,2653
