Sample,M0,M1,M3,Tau,Permeability,Energy,M1_Moose,M3_ana
1,0.9387783583198461,52.96437996447535,3212,1.1422444653379877,1e-16,1e-16,1e-16,2345
2,0.9389871928225187,52.79504690222839,3204,1.141208662081123,1e-16,1e-16,1e-16,2338
3,0.93872715370621,53.01512187080785,3227,1.1420979505173439,1e-16,1e-16,1e-16,2347
4,0.9385494435765318,53.15132388056865,3228,1.1422580600424384,1e-16,1e-16,1e-16,2354
5,0.9389309681487223,52.82811536650518,3166,1.1417706358626472,1e-16,1e-16,1e-16,2343
