Sample,M0,M1,M3,Tau,Permeability,Energy,M1_Moose,M3_ana
1,0.9152905008413621,73.3337866064115,4490,1.2024075650358483,1e-16,1e-16,1e-16,3249
2,0.9152804607210413,73.32979702738513,4458,1.2011927019665334,1e-16,1e-16,1e-16,3250
3,0.9148617877036639,73.73742708895406,4506,1.2036394818611522,1e-16,1e-16,1e-16,3267
4,0.9148075710539315,73.70588318107751,4489,1.2031513422927251,1e-16,1e-16,1e-16,3265
