Sample,M0,M1,M3,Tau,Permeability,Energy,M1_Moose,M3_ana
1,0.8267808161413006,92.74212333697727,3607,1.2990383867974298,1e-16,1e-16,1e-16,3607
2,0.8278159525463753,92.27362690112432,3590,1.2965043637543145,1e-16,1e-16,1e-16,3590
3,0.8256643547616275,93.41180571724203,3636,1.3012599718789306,1e-16,1e-16,1e-16,3637
4,0.825359135103875,93.46380944561304,3634,1.301804478028261,1e-16,1e-16,1e-16,3634
5,0.8281071160356785,92.22759738377219,3592,1.2960847620567755,1e-16,1e-16,1e-16,3592
