Sample,M0,M1,M3,Tau,Permeability,Energy,M1_Moose,M3_ana
1,0.9257251978907716,76.6452535070343,3704,1.0678359587516408,1e-16,1e-16,1e-16,3704
2,0.9258577274790061,76.4513661838892,3693,1.067697965780674,1e-16,1e-16,1e-16,3693
3,0.9253697776314151,76.90998734279148,3716,1.0683198905866829,1e-16,1e-16,1e-16,3715
4,0.9254420664977249,76.85191411862662,3708,1.0682265262390687,1e-16,1e-16,1e-16,3708
