Sample,M0,M1,M3,Tau,Permeability,Energy,M1_Moose,M3_ana
1,0.8290036987803262,93.40687064013034,3724,1.155626776419531,1e-16,1e-16,1e-16,3724
2,0.8301743768097317,92.71244739617593,3694,1.1542604608763898,1e-16,1e-16,1e-16,3695
3,0.8282767940691002,93.74053174963835,3736,1.156621618226746,1e-16,1e-16,1e-16,3736
4,0.8284153477295272,93.66949466747627,3731,1.1559696261861687,1e-16,1e-16,1e-16,3731
5,0.8295077128204305,93.04310166605146,3707,1.1549698747954726,1e-16,1e-16,1e-16,3707
