Sample,M0,M1,M3,Tau,Permeability,Energy,M1_Moose,M3_ana
1,0.9439711085497648,58.10014836293708,4692,1.1585788383223115,1e-16,1e-16,1e-16,2784
2,0.9440082569949518,58.06595563456483,4699,1.1574601699870697,1e-16,1e-16,1e-16,2783
3,0.9437361697342581,58.3494668614318,4711,1.1594499172703039,1e-16,1e-16,1e-16,2795
4,0.9439349641166099,58.1468054054682,4700,1.1584319269166463,1e-16,1e-16,1e-16,2787
5,0.9437763302155413,58.36970622073246,4692,1.1594341964265664,1e-16,1e-16,1e-16,2800
