Sample,M0,M1,M3,Tau,Permeability,Energy,M1_Moose,M3_ana
1,0.941268308159405,45.69804893424382,1952,1.0856903978230212,2.0884091677984488e-05,-2.0772951933596677e-05,49.6943695826,1949
2,0.9411819631246461,45.73254386522393,1951,1.0850629239618343,2.100847131453961e-05,-2.0839310968313574e-05,49.698958660847,1950
3,0.940654856807804,46.097604552985025,1964,1.0865195495782887,1e-16,1e-16,1e-16,1963
4,0.941218107557801,45.764761538206045,1951,1.0854839061060362,2.0621528152295845e-05,-2.0599319313506924e-05,49.750952851306,1951
5,0.9408496351420276,45.93541223902038,1959,1.0859995820161774,1e-16,1e-16,1e-16,1959
7,0.9411136903064646,45.80365988387821,1953,1.0853882763435796,2.1189892808137398e-05,-2.0799908407719667e-05,49.721505246729,1952
