Sample,M0,M1,M3,Tau,Permeability,Energy,M1_Moose,M3_ana
1,0.8877775591262685,87.21638530525783,3727,1.2958117771550814,7.456739300797674e-06,-7.246150819488642e-06,94.863891332462,3727
2,0.8889542612278666,86.38711715835612,3688,1.2935626821922173,1e-16,1e-16,1e-16,3688
3,0.8871430235219939,87.72394753636969,3744,1.2995555541981374,1e-16,1e-16,1e-16,3744
4,0.8879592853040751,87.2290864288933,3721,1.2984387734695957,1e-16,1e-16,1e-16,3721
