Sample,M0,M1,M3,Tau,Permeability,Energy,M1_Moose,M3_ana
1,0.881912120834856,67.88996866978812,2567,1.1944130413289153,3.5862194934812193e-06,-3.515047256312133e-06,112.26027258136,2567
2,0.8820356143148019,67.89584479111006,2567,1.194595812471565,1e-16,1e-16,1e-16,2567
3,0.8816781860313814,68.16047937533364,2578,1.1950458153816692,1e-16,1e-16,1e-16,2578
4,0.8815546925514355,68.06500643701169,2575,1.1945649395916507,1e-16,1e-16,1e-16,2575
5,0.8813960586503669,68.14604677746509,2582,1.1962866522129334,1e-16,1e-16,1e-16,2582
