Sample,M0,M1,M3,Tau,Permeability,Energy,M1_Moose,M3_ana
1,0.9350675298492778,55.94534477579407,2489,1.2079625753001373,1e-16,1e-16,1e-16,2489
2,0.9351438347637158,55.89493496371316,2488,1.2066767896194248,1e-16,1e-16,1e-16,2488
3,0.9348265669615785,56.17979652571316,2499,1.2092652978908984,1e-16,1e-16,1e-16,2499
4,0.9349430323572998,56.1072444637532,2498,1.2083257288979765,1e-16,1e-16,1e-16,2498
5,0.9348486552262842,56.167903920204374,2505,1.2079979796424203,1e-16,1e-16,1e-16,2505
