Sample,M0,M1,M3,Tau,Permeability,Energy,M1_Moose,M3_ana
1,0.9862299749800202,8.412584172406529,351,1.0220127795697365,0.000385180081527313,-0.0003915366164106371,8.4787770127831,351
2,0.9861747543182557,8.453132250897688,353,1.021878455486869,0.0003924829602517452,-0.00039970526643700834,8.5228062538914,353
3,0.9861396138971329,8.456004337509052,352,1.021922297684572,0.00037079977467091417,-0.00037269212436288093,8.521648013146,352
4,0.9861707382701275,8.425840656409271,351,1.021635066249989,0.0003468188987493629,-0.00036475674382448756,8.4831382680693,351
8,0.9861115015602347,8.459566537508797,352,1.0218764281179136,0.00034930969387468147,-0.00035990908917850415,8.52171763303,352
12,0.9861586901257424,8.437138433304696,352,1.021737458399447,0.00038306974625108034,-0.0003843544942427701,8.5236345366739,352
16,0.9862139107875069,8.407911251672243,350,1.0216318429699784,0.00037832547736432135,-0.0003884310124158449,8.4693324919393,350
20,0.9860944333556894,8.479066738572621,353,1.0221008202206219,0.0003833996966172854,-0.0003958655866035457,8.5360529985205,353
23,0.9861938305468653,8.437161553267977,351,1.0221083473750037,0.00035993665905362883,-0.00037538464897074795,8.482954746214,351
