Sample,M0,M1,M3,Tau,Permeability,Energy,M1_Moose,M3_ana
1,0.9383486411701157,63.48798618521263,3069,1.2667077543782461,1e-16,1e-16,1e-16,3069
2,0.9386347845992586,63.225322689620604,3055,1.2643692608172656,1e-16,1e-16,1e-16,3055
3,0.9380213332476577,63.85371386639881,3084,1.2695118755086814,1e-16,1e-16,1e-16,3084
4,0.9383496451821479,63.577508032479,3065,1.2678887738717761,1e-16,1e-16,1e-16,3065
