Sample,M0,M1,M3,Tau,Permeability,Energy,M1_Moose,M3_ana
1,0.9021750916662985,59.7065658923708,2489,1.1645425448305897,1.4784487951905818e-05,-1.467505629863047e-05,60.135113161506,2489
2,0.902268464785282,59.680115512574694,2488,1.1636785602474458,1.4630209699062604e-05,-1.4603331043523547e-05,60.09505248711,2488
4,0.9018628439243216,59.92922709323657,2498,1.164319653839416,1.444041523091856e-05,-1.4426943135787259e-05,60.372280809911,2498
8,0.9024983835406284,59.506799642981846,2480,1.163827793005591,1.4463526393410528e-05,-1.4454757929085874e-05,59.911484300446,2480
12,0.902129911124855,59.7322703422496,2490,1.1651427008923316,1.49229981050482e-05,-1.4979981932616066e-05,60.157560078833,2490
16,0.9020997907638925,59.82050724751422,2493,1.165202232766716,1.4829401379688643e-05,-1.4771860691553462e-05,60.183727478871,2493
20,0.9023728820366184,59.64349442490052,2487,1.1650678333169004,1.4731129761186705e-05,-1.4693143346674792e-05,60.064726975184,2487
23,0.9014572230633612,60.1519373389508,2508,1.1661160579815186,1.4456612639918005e-05,-1.434372420784266e-05,60.610586680263,2508
