Sample,M0,M1,M3,Tau,Permeability,Energy,M1_Moose,M3_ana
1,0.9274972791273931,75.2044697973546,6100,1.2106284891321888,1e-16,1e-16,1e-16,3607
2,0.9278386432183003,74.90377509566788,6073,1.2088074203824566,1e-16,1e-16,1e-16,3590
3,0.9268306151380918,75.9384854671281,6142,1.2129254646910426,1e-16,1e-16,1e-16,3637
4,0.9269179641848828,75.80039411014985,6144,1.2122066917586705,1e-16,1e-16,1e-16,3634
