Sample,M0,M1,M3,Tau,Permeability,Energy,M1_Moose,M3_ana
1,0.9347874104923274,67.2972941797634,3249,1.0595779169223944,1e-16,1e-16,1e-16,3249
2,0.9346880133011514,67.36758533200819,3250,1.0597208053770837,1e-16,1e-16,1e-16,3250
3,0.9344169300524897,67.5575851325824,3268,1.0600541316717575,1e-16,1e-16,1e-16,3267
4,0.9343797816073027,67.63921352996873,3265,1.0600124773770636,1e-16,1e-16,1e-16,3265
