Sample,M0,M1,M3,Tau,Permeability,Energy,M1_Moose,M3_ana
1,0.8798920486263108,76.71519749535182,3002,1.22443456303584,2.221707735345707e-06,-2.167228209113019e-06,134.66141540953,3002
2,0.8806902381918145,76.27839606867934,2985,1.2222100291999718,1e-16,1e-16,1e-16,2985
3,0.8797093184364722,76.98816364692114,3011,1.2263595101513751,1e-16,1e-16,1e-16,3011
4,0.8800808028883418,76.67771603978065,3001,1.2218455217538633,1e-16,1e-16,1e-16,3001
5,0.8800978710928872,76.62321178729601,2998,1.2232668705806364,1e-16,1e-16,1e-16,2998
