Sample,M0,M1,M3,Tau,Permeability,Energy,M1_Moose,M3_ana
1,0.8698027317159369,69.69676097155683,2711,1.2179691895763791,9.528628014451967e-06,-9.395565852496621e-06,75.68057563591,2711
2,0.8698348601009634,69.69189748127252,2709,1.2157786190375484,1e-16,1e-16,1e-16,2709
3,0.8688981168750326,70.20687673838937,2731,1.2195935568239757,1e-16,1e-16,1e-16,2731
4,0.8695095602025694,69.84512509286864,2715,1.21751903620683,1e-16,1e-16,1e-16,2715
5,0.8689372733442837,70.26780570088277,2734,1.2193897693726667,1e-16,1e-16,1e-16,2734
