Sample,M0,M1,M3,Tau,Permeability,Energy,M1_Moose,M3_ana
1,0.8906159011409592,66.76573789480706,2784,1.0767040387900315,8.87031231700133e-06,-8.72449157722615e-06,67.226591570077,2784
2,0.89077553905406,66.73068760345967,2783,1.0763410574822028,8.712041357352134e-06,-8.661437255779834e-06,67.181393615841,2783
