Sample,M0,M1,M3,Tau,Permeability,Energy,M1_Moose,M3_ana
1,0.9576286842221517,43.67799363829804,2108,1.0388215462651424,1.7620416220908587e-05,-1.7426734446718007e-05,49.964462676569,2108
2,0.9576166360777667,43.685752335157,2107,1.038845817893994,1e-16,1e-16,1e-16,2107
3,0.957269247914667,44.03937372132108,2125,1.039171038391928,1e-16,1e-16,1e-16,2124
4,0.9575262749948795,43.84039287009551,2113,1.0389054884877138,1.7106126196844324e-05,-1.6853934162853185e-05,50.11963707954,2113
5,0.9574268778037036,43.79821817874865,2116,1.0391919901133175,1e-16,1e-16,1e-16,2116
