Sample,M0,M1,M3,Tau,Permeability,Energy,M1_Moose,M3_ana
1,0.907464227051297,72.01454973726315,3072,1.1369712949144668,7.92937208289917e-06,-7.706022216251746e-06,78.194881160727,3069
2,0.9079260725860538,71.64366593978714,3056,1.135266566727142,1e-16,1e-16,1e-16,3055
3,0.90705057409408,72.22994501342787,3087,1.1377433998033346,1e-16,1e-16,1e-16,3084
4,0.907639929156911,71.88087814325976,3065,1.1363449869355073,1e-16,1e-16,1e-16,3065
