Sample,M0,M1,M3,Tau,Permeability,Energy,M1_Moose,M3_ana
1,0.8883900064658374,87.00575971254925,4476,1.242272078456286,6.194734095390582e-06,-5.97359024440266e-06,94.274291448016,3704
2,0.8887775551102205,86.75305323532197,4461,1.2412025208542596,1e-16,1e-16,1e-16,3693
3,0.8881118951329513,87.23449040920889,4445,1.2430532260093747,1e-16,1e-16,1e-16,3715
4,0.8881520556142345,87.22177293729061,4490,1.2437329707080351,1e-16,1e-16,1e-16,3708
