Sample,M0,M1,M3,Tau,Permeability,Energy,M1_Moose,M3_ana
1,0.9065907365833872,80.17247589569489,4127,1.2167028621615463,1e-16,1e-16,1e-16,3581
2,0.9070204537331176,79.82071396510453,4124,1.2147712898514627,1e-16,1e-16,1e-16,3561
3,0.9065867205352589,80.27376236712941,4171,1.215909605664086,1e-16,1e-16,1e-16,3586
4,0.9063718619603938,80.30167471511636,4132,1.2148179257707394,1e-16,1e-16,1e-16,3590
