Sample,M0,M1,M3,Tau,Permeability,Energy,M1_Moose,M3_ana
1,0.9469409761406581,54.652255238107415,2640,1.225583739949577,1e-16,1e-16,1e-16,2640
2,0.9470313372235453,54.62117140582311,2636,1.2244267821799448,1e-16,1e-16,1e-16,2636
3,0.9466006160617829,55.026773400394895,2656,1.2279309570640637,1e-16,1e-16,1e-16,2656
4,0.9467251135537609,54.89724248672182,2646,1.2266209558969898,1e-16,1e-16,1e-16,2646
5,0.9467451937944025,54.91924998357976,2653,1.2267952259711714,1e-16,1e-16,1e-16,2653
