Sample,M0,M1,M3,Tau,Permeability,Energy,M1_Moose,M3_ana
1,0.9508656591740595,45.76895899756228,2108,1.051092599205477,1.7484253119023822e-05,-1.7297209914504155e-05,51.176385878492,2108
2,0.9508746952823482,45.73760565923576,2107,1.0510168272474716,1e-16,1e-16,1e-16,2107
3,0.9503847374106932,46.169181609728575,2124,1.0516473857289905,1e-16,1e-16,1e-16,2124
4,0.9506347364066811,45.996365283974086,2113,1.051435511338801,1.6959010075496953e-05,-1.67143154674482e-05,51.324629469833,2113
5,0.950746181742242,45.83974969364542,2116,1.051411925265917,1e-16,1e-16,1e-16,2116
