Sample,M0,M1,M3,Tau,Permeability,Energy,M1_Moose,M3_ana
1,0.918683057497761,76.11958411604022,5269,1.2129507501232524,1e-16,1e-16,1e-16,3484
2,0.9193557455592548,75.55930492320573,5186,1.2100203835151477,1e-16,1e-16,1e-16,3459
3,0.9185374757531094,76.24656826567309,5241,1.2123051353225003,1e-16,1e-16,1e-16,3490
4,0.9188477154710222,75.97137109603236,5236,1.2113600004786205,1e-16,1e-16,1e-16,3482
