Sample,M0,M1,M3,Tau,Permeability,Energy,M1_Moose,M3_ana
1,0.8959401769470805,56.82394856059587,2263,1.0949813326840308,1.2958566388373407e-05,-1.2829918409253186e-05,62.565704632942,2263
2,0.8959743133561713,56.70870591516787,2257,1.095096615532508,1e-16,1e-16,1e-16,2257
3,0.8954883715326445,57.073165002635115,2274,1.0959965541661112,1e-16,1e-16,1e-16,2274
4,0.8953879703294364,57.151040630471655,2277,1.0956464223902456,1e-16,1e-16,1e-16,2277
5,0.895659053578098,56.95514555537076,2269,1.0957841319060024,1e-16,1e-16,1e-16,2269
