Sample,M0,M1,M3,Tau,Permeability,Energy,M1_Moose,M3_ana
1,0.9248838358078884,58.192643074663145,2702,1.152624272170824,5.504816627538726e-06,-5.3661086313750686e-06,98.204074136981,2489
2,0.924830623170188,58.277807747164026,2729,1.154183221097882,1.444523128125097e-05,-1.4270763221717453e-05,63.402934833417,2488
3,0.9245043192597621,58.55253806953205,2715,1.1545580424141326,1.446339825428698e-05,-1.4329960505439336e-05,63.722181748967,2499
4,0.9243818297918482,58.540582875813875,2724,1.154354049173594,1.4232213076866481e-05,-1.4103763597857065e-05,63.731351649007,2498
5,0.9243557254790141,58.61733143463305,2694,1.1539587582321276,1.4303741009068144e-05,-1.4237146294703602e-05,63.762511765474,2505
