Sample,M0,M1,M3,Tau,Permeability,Energy,M1_Moose,M3_ana
1,0.8279153497375512,90.93676276144426,3581,1.175492622683465,1e-16,1e-16,1e-16,3581
2,0.828838036795033,90.4418920773655,3561,1.174423341949003,1e-16,1e-16,1e-16,3561
3,0.8276663547535954,91.06694432025964,3586,1.1758093224514727,1e-16,1e-16,1e-16,3586
4,0.8274555122268585,91.17783936752448,3590,1.1758498435624771,1e-16,1e-16,1e-16,3590
5,0.8290358271653527,90.36369112695783,3559,1.1744112876346589,1e-16,1e-16,1e-16,3559
