Sample,M0,M1,M3,Tau,Permeability,Energy,M1_Moose,M3_ana
1,0.90584877169168,73.18844187139479,3125,1.2432170670231826,1.0719631546748366e-05,-1.0482263466232023e-05,79.643593826404,3125
2,0.9058788920526424,73.17859648608786,3125,1.2422705134269594,1e-16,1e-16,1e-16,3125
3,0.9051539953654805,73.72907933846389,3146,1.2457864100032352,1e-16,1e-16,1e-16,3146
4,0.9055475680820559,73.46786823446038,3132,1.2444819932563385,1e-16,1e-16,1e-16,3132
