Sample,M0,M1,M3,Tau,Permeability,Energy,M1_Moose,M3_ana
1,0.8595296806036924,85.81034857084884,3579,1.4079105249635577,9.370950597731968e-06,-9.287703185365983e-06,86.409752444553,3581
2,0.8603238541210678,85.354543682029,3561,1.4041930052387612,9.492115734366316e-06,-9.410852885012189e-06,85.940885435981,3561
