Sample,M0,M1,M3,Tau,Permeability,Energy,M1_Moose,M3_ana
1,0.9252262039108277,77.01436916695302,3724,1.3334613901251045,1e-16,1e-16,1e-16,3724
2,0.9258888518520006,76.4242093424219,3695,1.3302099961085134,1e-16,1e-16,1e-16,3695
3,0.9249762049148397,77.33384406467142,3735,1.3363218599803908,1e-16,1e-16,1e-16,3736
4,0.9251207826474592,77.31013101846557,3731,1.3372823585920808,1e-16,1e-16,1e-16,3731
