Sample,M0,M1,M3,Tau,Permeability,Energy,M1_Moose,M3_ana
1,0.8625226404713234,72.61722472902521,2858,1.244379194627437,9.617442326602105e-06,-9.436528040619169e-06,79.776658127951,2858
2,0.8626732422761354,72.5428160164134,2855,1.2431428667974427,1e-16,1e-16,1e-16,2855
3,0.8619824819980643,72.91296346057446,2870,1.2465073035305496,1e-16,1e-16,1e-16,2870
4,0.8624001510034096,72.68594508494319,2861,1.2444972644585324,1e-16,1e-16,1e-16,2861
5,0.8624885040622327,72.66966541302516,2862,1.2444744677882513,1e-16,1e-16,1e-16,2862
