Sample,M0,M1,M3,Tau,Permeability,Energy,M1_Moose,M3_ana
1,0.9251137545632346,77.43779882591649,4972,1.2012559376373353,1e-16,1e-16,1e-16,3727
2,0.9257593342998622,76.70520285116582,4875,1.2016495913464469,1e-16,1e-16,1e-16,3688
3,0.9247342380151083,77.92475294015189,4919,1.2035834786145476,1e-16,1e-16,1e-16,3744
4,0.925255320259758,77.27361791320078,4925,1.2063647703032856,1e-16,1e-16,1e-16,3721
