Sample,M0,M1,M3,Tau,Permeability,Energy,M1_Moose,M3_ana
1,0.8745507046156441,76.57620426046593,3194,1.0874336744433226,6.404247485748698e-06,-6.289247228304045e-06,77.106024009958,3194
2,0.874887048646391,76.45354458903292,3188,1.086982037404585,6.317869990468145e-06,-6.2136507170837675e-06,76.96325895299,3190
