Sample,M0,M1,M3,Tau,Permeability,Energy,M1_Moose,M3_ana
1,0.9020475821382243,76.33015613332408,3937,1.209488162584201,8.23964399189673e-06,-8.030882523599668e-06,82.775546311369,3249
2,0.9020636463307377,76.37463120263223,3926,1.208864044939385,1e-16,1e-16,1e-16,3250
3,0.9015094316890294,76.79857363268484,3948,1.2111944824848355,1e-16,1e-16,1e-16,3267
4,0.901430114738495,76.8303870466036,3953,1.2110552215295836,1e-16,1e-16,1e-16,3265
