Sample,M0,M1,M3,Tau,Permeability,Energy,M1_Moose,M3_ana
1,0.8892012481877583,86.21431718088445,3681,1.1653855617469056,5.174072756354903e-06,-4.976299218371967e-06,93.601833393696,3678
2,0.8893809663415007,86.06511184488033,3674,1.1643526390059629,1e-16,1e-16,1e-16,3673
3,0.8886229372572801,86.5469301578673,3697,1.1662818985736227,1e-16,1e-16,1e-16,3696
4,0.8884000465861583,86.77847035292892,3700,1.1661970490115678,1e-16,1e-16,1e-16,3700
