Sample,M0,M1,M3,Tau,Permeability,Energy,M1_Moose,M3_ana
1,0.8266653547576114,91.59751594082803,3607,1.1768442164074318,1e-16,1e-16,1e-16,3607
2,0.8274926606720455,91.16701801450414,3590,1.175876282375872,1e-16,1e-16,1e-16,3590
3,0.8252266055156405,92.35977885776201,3637,1.1783864853348087,1e-16,1e-16,1e-16,3637
4,0.8253631511520034,92.2893924207422,3634,1.177947690599308,1e-16,1e-16,1e-16,3634
5,0.8274836245637568,91.19166756017731,3592,1.1758639825295956,1e-16,1e-16,1e-16,3592
