Sample,M0,M1,M3,Tau,Permeability,Energy,M1_Moose,M3_ana
1,0.8375347890169116,88.74723820648487,3538,1.1475442428101412,1e-16,1e-16,1e-16,3538
2,0.8387466315396324,88.03195765465314,3508,1.1464580474405694,1e-16,1e-16,1e-16,3508
3,0.8371412163003361,88.87094601044303,3540,1.1478992908987729,1e-16,1e-16,1e-16,3540
4,0.8374002514046128,88.74691288391372,3534,1.1475662399006632,1e-16,1e-16,1e-16,3534
5,0.8378319765784074,88.48766048701752,3524,1.1475598187781793,1e-16,1e-16,1e-16,3524
