Sample,M0,M1,M3,Tau,Permeability,Energy,M1_Moose,M3_ana
1,0.8508670647909045,81.49157542040652,3249,1.1356294408011052,1e-16,1e-16,1e-16,3249
2,0.8506281099272693,81.55215594036548,3250,1.1357343759916503,1e-16,1e-16,1e-16,3250
3,0.8496050216665797,82.04832791472882,3267,1.1370923451241557,1e-16,1e-16,1e-16,3267
4,0.8498439765302147,81.97483935330153,3265,1.1363502502221257,1e-16,1e-16,1e-16,3265
5,0.8496943787374348,81.98265386668939,3264,1.1369739263572298,1e-16,1e-16,1e-16,3264
