Sample,M0,M1,M3,Tau,Permeability,Energy,M1_Moose,M3_ana
1,0.9020957747157642,76.18271136583814,3252,1.1452982588915106,6.9059070264528536e-06,-6.721961241803325e-06,82.764082603137,3249
2,0.9020576222585451,76.19151819522226,3251,1.1442837437081448,1e-16,1e-16,1e-16,3250
3,0.9015987887598845,76.47190417771846,3270,1.1459217456791344,1e-16,1e-16,1e-16,3267
4,0.9015947727117561,76.5715572646168,3265,1.1456472401235844,1e-16,1e-16,1e-16,3265
