Sample,M0,M1,M3,Tau,Permeability,Energy,M1_Moose,M3_ana
1,0.9346990574335042,67.23274720074134,3249,1.2846736557687712,1e-16,1e-16,1e-16,3249
2,0.9347793783960707,67.22608287633412,3250,1.2835747121994996,1e-16,1e-16,1e-16,3250
3,0.934395845799816,67.67357370792772,3267,1.2879792219379202,1e-16,1e-16,1e-16,3267
4,0.934357693342597,67.70996475780575,3265,1.2874389223919405,1e-16,1e-16,1e-16,3265
