Sample,M0,M1,M3,Tau,Permeability,Energy,M1_Moose,M3_ana
1,0.9094853032718744,55.689808718664366,2263,1.1706500696957038,1.58961707852277e-05,-1.5658784578588368e-05,60.57124682074,2263
2,0.9097252621475416,55.522499756656,2257,1.1688912087394807,1e-16,1e-16,1e-16,2257
3,0.9089180364737491,56.00262606365599,2274,1.1715121670284516,1e-16,1e-16,1e-16,2274
4,0.9088618117999526,56.03181377704235,2277,1.171417699995004,1e-16,1e-16,1e-16,2277
5,0.9095495600419276,55.76938989584881,2269,1.1706295177835218,1e-16,1e-16,1e-16,2269
