Sample,M0,M1,M3,Tau,Permeability,Energy,M1_Moose,M3_ana
1,0.8649794579138237,73.67159201269696,2933,1.2729760198219324,9.79705122151169e-06,-9.615820615537174e-06,81.035227932078,2933
2,0.8652917056558006,73.49622892290225,2927,1.2704266380636626,1e-16,1e-16,1e-16,2927
3,0.8650688149846788,73.6663637315954,2936,1.2728609981286205,1e-16,1e-16,1e-16,2936
4,0.8655949172894888,73.46824721502544,2930,1.2716080767731543,1e-16,1e-16,1e-16,2930
5,0.8653188139806668,73.53886368984136,2933,1.2713350352853847,1e-16,1e-16,1e-16,2933
