Sample,M0,M1,M3,Tau,Permeability,Energy,M1_Moose,M3_ana
1,0.9136720334456488,74.16675507507364,3830,1.1996004417000832,1e-16,1e-16,1e-16,3309
2,0.9137523544082152,74.03541375067527,3839,1.1964273421611171,1e-16,1e-16,1e-16,3309
3,0.9133457295352228,74.52615729778466,3848,1.1986004560896206,1e-16,1e-16,1e-16,3329
4,0.9132955289336188,74.4882580397892,3846,1.198802755298991,1e-16,1e-16,1e-16,3325
