Sample,M0,M1,M3,Tau,Permeability,Energy,M1_Moose,M3_ana
1,0.8910928068561974,57.51377104862772,2263,1.1111492506244303,1.3119268283032689e-05,-1.2991502055800555e-05,63.204498941523,2263
2,0.8914361789711688,57.344096315526805,2257,1.1103878553300603,1e-16,1e-16,1e-16,2257
3,0.8905807607198365,57.78786707413627,2274,1.1120363895114544,1e-16,1e-16,1e-16,2274
4,0.8904100786743828,57.873652500135684,2277,1.1116923601171336,1e-16,1e-16,1e-16,2277
5,0.8909562612198345,57.624666095892564,2269,1.1113357507564428,1e-16,1e-16,1e-16,2269
