Sample,M0,M1,M3,Tau,Permeability,Energy,M1_Moose,M3_ana
1,0.8956229091449432,84.37770514417538,4064,1.2286924907299694,1e-16,1e-16,1e-16,3683
2,0.8965857566837081,83.71393158179818,4073,1.2305580576144715,1e-16,1e-16,1e-16,3646
3,0.8954140746422705,84.63025094349636,4119,1.2306116613322255,1e-16,1e-16,1e-16,3686
4,0.895820699515263,84.32120271633731,4070,1.2278282122246225,1e-16,1e-16,1e-16,3674
