Sample,M0,M1,M3,Tau,Permeability,Energy,M1_Moose,M3_ana
1,0.9167864787691615,71.34061263736768,3671,1.1885353679326758,1e-16,1e-16,1e-16,3194
2,0.9167352741555255,71.45448859937984,3704,1.1902216534342813,1e-16,1e-16,1e-16,3190
3,0.916353749583335,71.85285736581619,3685,1.1925061417899543,1e-16,1e-16,1e-16,3207
4,0.9165686081582002,71.65519134823613,3697,1.1889682291360073,1e-16,1e-16,1e-16,3200
