Sample,M0,M1,M3,Tau,Permeability,Energy,M1_Moose,M3_ana
1,0.8772053124284641,78.38669484223057,3069,1.2278497295566835,8.020165594433906e-06,-7.854862515283657e-06,82.051866623125,3069
2,0.8777735832386215,78.11361986252531,3055,1.2261233706309504,1e-16,1e-16,1e-16,3055
3,0.8766812181477183,78.88061945023964,3084,1.2304120881424812,1e-16,1e-16,1e-16,3084
4,0.8774984839418316,78.31274620521103,3065,1.228826653921362,1e-16,1e-16,1e-16,3065
5,0.877667157963221,78.22318372786187,3061,1.2284538291250788,1e-16,1e-16,1e-16,3061
