Sample,M0,M1,M3,Tau,Permeability,Energy,M1_Moose,M3_ana
1,0.9296940574535846,42.92046642964739,1790,1.1849390936200654,3.4398054183734077e-05,-3.4517889720991694e-05,43.244855694693,1790
2,0.9295705639736387,42.9877507422597,1792,1.184364727952251,3.4302004917426036e-05,-3.425214504352465e-05,43.292092146858,1792
4,0.9296659451166863,42.95471497454856,1791,1.1837568215752847,3.378771922787147e-05,-3.3947966993485873e-05,43.28796986293,1791
8,0.9296950614656166,42.93996663071122,1791,1.1835710293475472,3.430567609173961e-05,-3.466059894726759e-05,43.283854504618,1791
12,0.9299932530391444,42.78794502462464,1784,1.1837639587379787,3.453666536356787e-05,-3.4630796044479777e-05,43.106184971141,1784
16,0.9295936562503765,43.032590602385085,1795,1.1845711718889549,3.3874874777964545e-05,-3.3739081848926315e-05,43.359200165495,1795
20,0.9301830113132076,42.61892093666602,1777,1.183043620387872,3.406789067773186e-05,-3.405244563171302e-05,42.933897523279,1777
23,0.9292302038947635,43.23157145361064,1803,1.186269247337234,3.412328160176288e-05,-3.421766905966205e-05,43.572528190774,1803
