Sample,M0,M1,M3,Tau,Permeability,Energy,M1_Moose,M3_ana
1,0.8654001389552652,82.22311933007471,3429,1.387421557917575,1.0149225252088753e-05,-1.0071796130730194e-05,82.806584254957,3431
2,0.8664784478777193,81.58447850892624,3403,1.3817767992118675,1.0343108145643769e-05,-1.0235334809594348e-05,82.161741898629,3403
