Sample,M0,M1,M3,Tau,Permeability,Energy,M1_Moose,M3_ana
1,0.828036835193433,92.06433381731912,3581,1.2966014408225681,1e-16,1e-16,1e-16,3581
2,0.8291924530423572,91.52870417015778,3561,1.2933998474941848,1e-16,1e-16,1e-16,3561
3,0.8281452684928976,92.09426746062276,3585,1.2959243853058453,1e-16,1e-16,1e-16,3586
4,0.8274926606720455,92.33074050585856,3590,1.2976611350720932,1e-16,1e-16,1e-16,3590
5,0.8297044991787181,91.37286720631207,3559,1.2930235931369638,1e-16,1e-16,1e-16,3559
