Sample,M0,M1,M3,Tau,Permeability,Energy,M1_Moose,M3_ana
1,0.9336026762944727,68.52609482544302,3309,1.0606406529465255,1e-16,1e-16,1e-16,3309
2,0.9335173352717459,68.5891268246672,3309,1.0607736465560236,1e-16,1e-16,1e-16,3309
3,0.9331649270484857,68.85690696830294,3330,1.061178253274535,1e-16,1e-16,1e-16,3329
4,0.9331639230364537,68.8989074383826,3325,1.0610873424059153,1e-16,1e-16,1e-16,3325
