Sample,M0,M1,M3,Tau,Permeability,Energy,M1_Moose,M3_ana
1,0.8325267770008956,88.49020047937726,3484,1.3045506319271154,1e-16,1e-16,1e-16,3484
2,0.8337095031746861,87.86191135905455,3459,1.3018135131682533,1e-16,1e-16,1e-16,3459
3,0.8322838060891322,88.62953731011119,3490,1.304240653855636,1e-16,1e-16,1e-16,3490
4,0.8326251701800395,88.43553835390824,3482,1.3048651472968968,1e-16,1e-16,1e-16,3482
5,0.8328962534287011,88.32131114443976,3479,1.3037543022662472,1e-16,1e-16,1e-16,3479
