Sample,M0,M1,M3,Tau,Permeability,Energy,M1_Moose,M3_ana
1,0.9201278308119244,74.42422683611785,3431,1.0832982603505856,1e-16,1e-16,1e-16,3431
2,0.9207854586929369,73.78928296799023,3403,1.0823259981834012,1e-16,1e-16,1e-16,3403
3,0.9199059441528348,74.54242050464941,3437,1.0835333313839082,1e-16,1e-16,1e-16,3436
4,0.9198326512744929,74.5927350319553,3433,1.0837121967806467,1e-16,1e-16,1e-16,3433
