Sample,M0,M1,M3,Tau,Permeability,Energy,M1_Moose,M3_ana
1,0.8380538632374971,90.14068540194829,3375,1.2647226652387045,1e-16,1e-16,1e-16,3375
2,0.8389193216091502,89.69672010703022,3357,1.260826572530923,1e-16,1e-16,1e-16,3357
3,0.837665310581082,90.44014817324027,3385,1.265411476010916,1e-16,1e-16,1e-16,3385
4,0.8381000477909727,90.21754956058386,3374,1.2649857695055724,1e-16,1e-16,1e-16,3374
5,0.8382506495957848,90.11659518340096,3371,1.264778505992354,1e-16,1e-16,1e-16,3372
