Sample,M0,M1,M3,Tau,Permeability,Energy,M1_Moose,M3_ana
1,0.9291428548479725,55.1785804712416,2835,1.1477335719558657,1.6528648431836012e-05,-1.6192114942800002e-05,59.792557896733,2345
2,0.9295083152276497,54.98871542368848,2821,1.146858780211224,1e-16,1e-16,1e-16,2338
3,0.9291528949682933,55.22526063373601,2825,1.1481049748237977,1e-16,1e-16,1e-16,2347
4,0.9288968719001128,55.422710156880875,2829,1.148226077380066,1e-16,1e-16,1e-16,2354
5,0.9292944606648166,55.08694881556398,2784,1.1475855650206797,1e-16,1e-16,1e-16,2343
