Sample,M0,M1,M3,Tau,Permeability,Energy,M1_Moose,M3_ana
1,0.9471357544748816,49.41671441971329,3366,1.1327799531671776,1e-16,1e-16,1e-16,2263
2,0.9473556331099072,49.320797754081894,3399,1.1322187720058001,1e-16,1e-16,1e-16,2257
3,0.9468917795510862,49.70304191666271,3410,1.1335605877430865,1e-16,1e-16,1e-16,2274
4,0.9468596511660595,49.720662347111414,3407,1.1333600759077118,1e-16,1e-16,1e-16,2277
5,0.9470996100417267,49.499207151755186,3356,1.1327620428435317,1e-16,1e-16,1e-16,2269
