Sample,M0,M1,M3,Tau,Permeability,Energy,M1_Moose,M3_ana
1,0.9357020654535524,52.24097909436738,2263,1.0845573119993197,1e-16,1e-16,1e-16,2263
2,0.9359621045698612,52.025544349956576,2257,1.0836797110327778,1e-16,1e-16,1e-16,2257
3,0.9354621065778852,52.411518162123876,2274,1.08495777689455,1e-16,1e-16,1e-16,2274
4,0.9352924285444637,52.56711831649301,2277,1.0848421596414382,1e-16,1e-16,1e-16,2277
5,0.9356147164067614,52.2780207893877,2269,1.0846653072721435,1e-16,1e-16,1e-16,2269
