Sample,M0,M1,M3,Tau,Permeability,Energy,M1_Moose,M3_ana
1,0.8840546825113152,64.54858424060352,2415,1.1845260007924265,4.263347082899169e-06,-4.17936623138892e-06,105.24577331194,2415
2,0.8841480556302986,64.45958786206066,2412,1.1829486896490542,1e-16,1e-16,1e-16,2412
3,0.8836681378789644,64.80947679371636,2423,1.1851271036892768,1e-16,1e-16,1e-16,2423
4,0.8831922361757584,65.00397248883577,2431,1.1855489562268962,1e-16,1e-16,1e-16,2431
5,0.8838036795032952,64.7710672534435,2423,1.1844092361256051,1e-16,1e-16,1e-16,2423
