Sample,M0,M1,M3,Tau,Permeability,Energy,M1_Moose,M3_ana
1,0.9185726161742322,70.17644804762239,3125,1.095547749344721,1e-16,1e-16,1e-16,3125
2,0.9186800454616648,70.15208435627426,3125,1.0952621063050072,1e-16,1e-16,1e-16,3125
3,0.9180876783627375,70.63043575403647,3146,1.0966210055223786,1e-16,1e-16,1e-16,3146
4,0.9183286412504368,70.35037509411141,3132,1.0956949399240485,1e-16,1e-16,1e-16,3132
