Sample,M0,M1,M3,Tau,Permeability,Energy,M1_Moose,M3_ana
1,0.9435584596045798,43.68034181670188,2040,1.1141148226303301,2.5550422133935735e-05,-2.5411904756138506e-05,47.689556850398,1870
2,0.9434460102569869,43.81607697918995,2028,1.113421722793774,2.5885760699113574e-05,-2.5618358952959557e-05,47.696941729323,1871
3,0.9434048457636717,43.91064330968832,2050,1.1133151279643683,2.5921972763376176e-05,-2.574621396087424e-05,47.95146973262,1880
4,0.9434429982208907,43.75963036788082,2020,1.1135286023528885,2.5489516243913577e-05,-2.55398619647446e-05,47.652847033103,1868
5,0.9433506291139393,43.941267066380355,2037,1.1138820908261982,2.6217048348627148e-05,-2.6226960615341832e-05,47.846174972518,1879
7,0.9436036401460235,43.658002225592334,2006,1.1119570131864465,2.585992005196676e-05,-2.542632099206648e-05,47.690187375493,1871
18,0.9435423954120666,43.75847060229782,2035,1.1132304672910713,2.571804140494626e-05,-2.554172882614072e-05,47.650554956896,1870
