Sample,M0,M1,M3,Tau,Permeability,Energy,M1_Moose,M3_ana
1,0.8850396183147858,70.3292689939126,2933,1.1913231116422052,1.0215918480721109e-05,-1.0062541561188145e-05,70.808401089827,2933
2,0.8851811840113092,70.226251048245,2927,1.1910751390420273,1.0180275775093517e-05,-1.0083807662006094e-05,70.675656779901,2927
3,0.8848056835113112,70.43469614567742,2936,1.1976237144499924,1.03479104214205e-05,-1.0318330208259612e-05,70.867875192734,2936
4,0.8850185340621122,70.28552350623895,2930,1.1953654704498542,1.0148413911393241e-05,-1.0060094143964987e-05,70.781868764465,2930
5,0.8850305822064971,70.3257789587246,2933,1.1955409862380708,1.027569986521108e-05,-1.027743916754327e-05,70.771179376339,2933
6,0.8848297798000812,70.3823276264892,2934,1.194553442708684,1.0032085704353907e-05,-1.0004754702327757e-05,70.867378755368,2934
7,0.8860135099859037,69.73846132916107,2908,1.1909000631918771,1.0287391425305928e-05,-1.01176013760359e-05,70.151380174359,2908
12,0.8851872080835017,70.25669381198936,2927,1.195572815106818,1.0326635303716012e-05,-1.0234237872301386e-05,70.712696425847,2927
