Sample,M0,M1,M3,Tau,Permeability,Energy,M1_Moose,M3_ana
1,0.936773346291782,58.90891149448401,3358,1.1505346917097181,1.3580997443987813e-05,-1.3390175711095844e-05,65.8182271802,2711
2,0.9367311777864346,58.75969938679942,3253,1.151579688621626,1e-16,1e-16,1e-16,2709
3,0.9363506572262762,59.24404134386331,3330,1.156760927906996,1e-16,1e-16,1e-16,2731
4,0.9365906161019434,58.985988180796205,3288,1.1544769734060236,1e-16,1e-16,1e-16,2715
5,0.9361568829040847,59.41959500320807,3314,1.1565116341395965,1e-16,1e-16,1e-16,2734
