Sample,M0,M1,M3,Tau,Permeability,Energy,M1_Moose,M3_ana
1,0.892138987393625,83.83528443567204,3581,1.2830617743639108,8.136660938015734e-06,-7.957409740434904e-06,91.185921580046,3581
2,0.8928227195874715,83.3449846158721,3561,1.2811557848600374,1e-16,1e-16,1e-16,3561
3,0.8918980245059257,84.06388037931058,3586,1.284396199967706,1e-16,1e-16,1e-16,3586
4,0.8918337677358725,84.17598143208497,3590,1.2853923348850858,1e-16,1e-16,1e-16,3590
