Sample,M0,M1,M3,Tau,Permeability,Energy,M1_Moose,M3_ana
1,0.9037222742077341,74.92176521198816,3197,1.1428317196561528,7.2465912845758455e-06,-7.029594731466703e-06,81.378436179732,3194
2,0.903896972301316,74.76794277177866,3191,1.1414439216752115,1e-16,1e-16,1e-16,3190
3,0.9033648459243135,75.08906740231605,3210,1.1432612338473895,1e-16,1e-16,1e-16,3207
4,0.9035315119216388,75.0630376298661,3200,1.142725579624238,1e-16,1e-16,1e-16,3200
