Sample,M0,M1,M3,Tau,Permeability,Energy,M1_Moose,M3_ana
1,0.9204019260966824,61.885298587274264,2640,1.2025413257642956,1.504231408553795e-05,-1.4828777072042105e-05,67.331329188293,2640
2,0.9205203995164678,61.77334863580378,2636,1.200877691243116,1e-16,1e-16,1e-16,2636
3,0.9198938960084497,62.28713146401344,2656,1.2045914471994825,1e-16,1e-16,1e-16,2656
4,0.9201017264990904,62.094489614623974,2646,1.2030768456370342,1e-16,1e-16,1e-16,2646
5,0.9200455018252939,62.133197390746105,2653,1.2029685743519989,1e-16,1e-16,1e-16,2653
