Sample,M0,M1,M3,Tau,Permeability,Energy,M1_Moose,M3_ana
1,0.8878137035594235,87.29886168901692,3730,1.1672275655339388,5.001081473748367e-06,-4.806669155493851e-06,94.799158708231,3727
2,0.8888990405661021,86.41617011872138,3689,1.1651523707526716,1e-16,1e-16,1e-16,3688
3,0.887195232147662,87.69412552612387,3745,1.168538190321882,1e-16,1e-16,1e-16,3744
4,0.8876871980433814,87.28531935068912,3721,1.1675798880429047,1e-16,1e-16,1e-16,3721
