Sample,M0,M1,M3,Tau,Permeability,Energy,M1_Moose,M3_ana
1,0.9249400604816849,60.98035081036844,2640,1.0989730847892016,1e-16,1e-16,1e-16,2640
2,0.9252452801394372,60.7662568244883,2636,1.0979642916824837,1e-16,1e-16,1e-16,2636
3,0.924591668306553,61.23949157420681,2656,1.099614980600921,1e-16,1e-16,1e-16,2656
4,0.9248256031100277,61.059202405918406,2646,1.0987821450950874,1e-16,1e-16,1e-16,2646
5,0.9246629531608307,61.10932636367426,2653,1.0995118249288773,1e-16,1e-16,1e-16,2653
