Sample,M0,M1,M3,Tau,Permeability,Energy,M1_Moose,M3_ana
1,0.8632274569178437,83.50077253486936,3484,1.0949115120131765,5.121991769481662e-06,-5.03150423156421e-06,84.060583500186,3484
2,0.8642937176959129,82.90983688877718,3457,1.0940146567012907,5.236230098200998e-06,-5.138381603771524e-06,83.477326875853,3459
