Sample,M0,M1,M3,Tau,Permeability,Energy,M1_Moose,M3_ana
1,0.8703860627065755,78.78332280553906,3249,1.3477352697795932,1e-16,1e-16,1e-16,3249
2,0.8704232111517625,78.79358879819215,3250,1.346704107329814,1e-16,1e-16,1e-16,3250
3,0.8695467086477564,79.22408672451603,3267,1.3497714163935968,1e-16,1e-16,1e-16,3267
4,0.8693318500728913,79.26043830614799,3265,1.3495971302124377,1e-16,1e-16,1e-16,3265
5,0.8699432934004281,79.07952161268058,3264,1.3484756976695969,1e-16,1e-16,1e-16,3264
