Sample,M0,M1,M3,Tau,Permeability,Energy,M1_Moose,M3_ana
1,0.8581953486130578,87.14559708381981,3538,1.2805924978648722,1e-16,1e-16,1e-16,3538
2,0.8597043786972743,86.29310469611158,3508,1.2751381500412982,1e-16,1e-16,1e-16,3508
3,0.8583680386825756,87.13433200349003,3540,1.2785001943703562,1e-16,1e-16,1e-16,3540
4,0.8585427367761576,86.95248838715764,3533,1.2790706799743297,1e-16,1e-16,1e-16,3534
5,0.8593851028710728,86.655569574984,3524,1.2772739672867535,1e-16,1e-16,1e-16,3524
