Sample,M0,M1,M3,Tau,Permeability,Energy,M1_Moose,M3_ana
1,0.8562114208376673,87.42827580683563,3606,1.3935030071432954,1e-16,1e-16,1e-16,3607
2,0.8570377227400693,86.98450504822615,3590,1.3911999184064507,1e-16,1e-16,1e-16,3590
3,0.8547947598604022,88.18184352744332,3637,1.3969619147296908,1e-16,1e-16,1e-16,3637
4,0.8546070096104031,88.18462032927965,3634,1.3981913034324,1e-16,1e-16,1e-16,3634
5,0.8568469604539741,87.02779046030757,3592,1.3909243149210107,1e-16,1e-16,1e-16,3592
