Sample,M0,M1,M3,Tau,Permeability,Energy,M1_Moose,M3_ana
1,0.9093437375753511,73.88675014910832,4088,1.2029753282229279,1e-16,1e-16,1e-16,3194
2,0.9094953433921952,73.80394844277808,4075,1.2017893320840032,1e-16,1e-16,1e-16,3190
3,0.9089732571355135,74.25895835683217,4109,1.204295146152464,1e-16,1e-16,1e-16,3207
4,0.909230284215726,74.01362266568333,4092,1.203060246456368,1e-16,1e-16,1e-16,3200
