Sample,M0,M1,M3,Tau,Permeability,Energy,M1_Moose,M3_ana
1,0.9233326372183244,65.72871003394536,3376,1.173685458296585,1e-16,1e-16,1e-16,2933
2,0.9234109501568267,65.5885782284457,3344,1.1712848366325057,1e-16,1e-16,1e-16,2927
3,0.9233617535672547,65.79125322777023,3386,1.1718266868043614,1e-16,1e-16,1e-16,2936
4,0.9235806281902482,65.47494865251248,3392,1.1712986675429624,1e-16,1e-16,1e-16,2930
