Sample,M0,M1,M3,Tau,Permeability,Energy,M1_Moose,M3_ana
1,0.8378038642415091,89.85453372098337,3538,1.2873201360087716,1e-16,1e-16,1e-16,3538
2,0.8390197228123581,89.12041599475437,3508,1.2843061874787067,1e-16,1e-16,1e-16,3508
3,0.8375207328484624,89.92716471943554,3540,1.2869738237844186,1e-16,1e-16,1e-16,3540
4,0.837827960530279,89.79926041861816,3534,1.2881620135409142,1e-16,1e-16,1e-16,3534
5,0.8379494459861607,89.60335180015633,3524,1.2866175211674928,1e-16,1e-16,1e-16,3524
