Sample,M0,M1,M3,Tau,Permeability,Energy,M1_Moose,M3_ana
1,0.9141539592210473,52.42697529130579,2186,1.0608074511248162,1.5192405087296399e-05,-1.5132141880411081e-05,52.809816552355,2186
2,0.9142955249175706,52.37094928734281,2184,1.0605109919980076,1.5035261864567313e-05,-1.5097206457627701e-05,52.729243193301,2184
