Sample,M0,M1,M3,Tau,Permeability,Energy,M1_Moose,M3_ana
1,0.8829452492158666,71.13079268946132,2933,1.3091539113883213,1.1740306161544599e-05,-1.1539606269727424e-05,78.465455066246,2933
2,0.8832946454030305,70.97818302644184,2927,1.3065352985848655,1e-16,1e-16,1e-16,2927
3,0.8829432411918025,71.1634867863185,2936,1.3095997634317584,1e-16,1e-16,1e-16,2936
4,0.8826400295581143,71.15118992174638,2930,1.308235462651581,1e-16,1e-16,1e-16,2930
5,0.8831480596463468,71.05305181464591,2933,1.3079603574028917,1e-16,1e-16,1e-16,2933
