Sample,M0,M1,M3,Tau,Permeability,Energy,M1_Moose,M3_ana
1,0.882161115818812,72.02911961116585,3002,1.1976497952063418,9.657806113352023e-06,-9.536134925416842e-06,72.489053618135,3002
2,0.8828076995674716,71.6116182394048,2985,1.197724355014761,9.80263046599457e-06,-9.735865826855623e-06,72.086095917456,2985
3,0.8818659362813804,72.23688417181224,3011,1.199515088999116,9.738002813486981e-06,-9.67935737545651e-06,72.671939355531,3011
4,0.8822042883361915,72.00613614659449,3001,1.198858659817418,9.675670970492744e-06,-9.575529642567203e-06,72.464881932077,3001
5,0.8825275802105212,71.9118460938188,2998,1.20099764371422,9.768132580517784e-06,-9.744382288337175e-06,72.350169852678,2998
6,0.8820536865313794,72.08102128308134,3003,1.1983995796566802,9.454497731285318e-06,-9.418608630592355e-06,72.521169341249,3003
7,0.8834060907385914,71.37809621727259,2976,1.1957276206220786,9.779774545058725e-06,-9.563974772320666e-06,71.777570584701,2976
12,0.8823328018762977,71.92755686200864,3001,1.1987008919901625,9.73449289244964e-06,-9.63249221644565e-06,72.475887645485,3001
