Sample,M0,M1,M3,Tau,Permeability,Energy,M1_Moose,M3_ana
1,0.8949974096489572,85.63116831507138,4739,1.2387875898496374,1e-16,1e-16,1e-16,3704
2,0.8953347576917362,85.4101568470246,4721,1.2380391116582294,1e-16,1e-16,1e-16,3693
3,0.8946128730406705,85.9516028322204,4722,1.240094095854177,1e-16,1e-16,1e-16,3715
4,0.8947664868815788,85.77828696262755,4738,1.2394096518827338,1e-16,1e-16,1e-16,3708
