Sample,M0,M1,M3,Tau,Permeability,Energy,M1_Moose,M3_ana
1,0.8942785370339879,64.10155345040089,2640,1.0756503657755077,9.126184360269032e-06,-9.013588783458947e-06,70.643426186136,2640
2,0.8948789362291718,63.904547654565455,2636,1.0746144813027798,1e-16,1e-16,1e-16,2636
3,0.8938397837759687,64.44927279035784,2656,1.0760661242227312,1e-16,1e-16,1e-16,2656
4,0.8941349633134004,64.25929610974691,2646,1.07546520856113,1e-16,1e-16,1e-16,2646
5,0.8941952040353252,64.31798051080794,2653,1.0758121939539655,1e-16,1e-16,1e-16,2653
