Sample,M0,M1,M3,Tau,Permeability,Energy,M1_Moose,M3_ana
1,0.8437907879888032,82.52949838749538,3249,1.159260094913339,1e-16,1e-16,1e-16,3249
2,0.8437586596037767,82.54924497463814,3250,1.158955330385028,1e-16,1e-16,1e-16,3250
3,0.8429434018337276,82.97974290096205,3267,1.1604107956416858,1e-16,1e-16,1e-16,3267
4,0.8430287428564543,82.93779824741131,3265,1.1598284757986208,1e-16,1e-16,1e-16,3265
5,0.8431371761559191,82.89451283532989,3264,1.1600273902204872,1e-16,1e-16,1e-16,3264
