Sample,M0,M1,M3,Tau,Permeability,Energy,M1_Moose,M3_ana
1,0.8081925373793679,96.96573766614786,3713,1.2900758268646375,4.741738347230472e-06,-4.6094004113363985e-06,97.241094323094,3713
2,0.8098039766908567,96.17873949536806,3679,1.2876687745838293,1e-16,1e-16,1e-16,3681
3,0.8075559937510292,97.33904024632346,3726,1.2919375253080931,1e-16,1e-16,1e-16,3726
4,0.8083411311601159,96.8663445086894,3705,1.2922354167091816,1e-16,1e-16,1e-16,3708
5,0.8086744631547664,96.78289496213876,3704,1.2891543371960115,1e-16,1e-16,1e-16,3704
6,0.8109555784916527,95.58439275058007,3656,1.2859649451517403,1e-16,1e-16,1e-16,3658
7,0.8079435423954121,97.16838954550913,3715,1.2918493134284175,1e-16,1e-16,1e-16,3717
8,0.810383291633367,95.82322199030604,3666,1.2868657429692996,1e-16,1e-16,1e-16,3666
9,0.8098973498098401,96.15497063263328,3676,1.2877503067406582,1e-16,1e-16,1e-16,3679
