Sample,M0,M1,M3,Tau,Permeability,Energy,M1_Moose,M3_ana
1,0.8653027497881535,82.23243247497766,3431,1.0936054520466205,5.335992342085873e-06,-5.2446121360132964e-06,82.7936594925,3431
2,0.866510576262746,81.56538256692576,3401,1.092454744200796,5.4443735473854845e-06,-5.344742434945153e-06,82.125395362517,3403
