Sample,M0,M1,M3,Tau,Permeability,Energy,M1_Moose,M3_ana
1,0.7817960570439476,101.95124823064242,3712,1.314911398776075,6.102850258831357e-06,-5.970103024236565e-06,89.520132926691,3713
2,0.7837739607471456,101.01336229447386,3680,1.312752754813546,1e-16,1e-16,1e-16,3681
3,0.781100276705716,102.31925994150707,3726,1.316851142303851,1e-16,1e-16,1e-16,3726
4,0.7822077019771005,101.72144628149434,3704,1.3180041999139673,1e-16,1e-16,1e-16,3708
5,0.7824898293581151,101.66949556473037,3704,1.3140532617053662,1e-16,1e-16,1e-16,3704
6,0.784906486319332,100.38691628144204,3654,1.3101432972119302,1e-16,1e-16,1e-16,3658
7,0.7818291894410062,101.94036428941268,3713,1.3189211257683404,1e-16,1e-16,1e-16,3717
8,0.7847609045746804,100.55156965127425,3663,1.311765311286964,1e-16,1e-16,1e-16,3666
9,0.7840661282484809,100.85092639935216,3675,1.3124706174238416,1e-16,1e-16,1e-16,3679
