Sample,M0,M1,M3,Tau,Permeability,Energy,M1_Moose,M3_ana
1,0.8534333195449014,89.12418192315238,3677,1.4030853838952402,1e-16,1e-16,1e-16,3678
2,0.8536351259633496,89.01976063074474,3673,1.402686298005355,1e-16,1e-16,1e-16,3673
3,0.8525708732093445,89.58201091221079,3696,1.4061322475128344,1e-16,1e-16,1e-16,3696
4,0.8519343295810057,89.79127410437225,3700,1.4071459425934523,1e-16,1e-16,1e-16,3700
5,0.8536572142280553,88.95372179188807,3671,1.4014013657745734,1e-16,1e-16,1e-16,3671
