Sample,M0,M1,M3,Tau,Permeability,Energy,M1_Moose,M3_ana
1,0.8976710936903868,83.05715896865613,3607,1.3031001917959726,1e-16,1e-16,1e-16,3607
2,0.8982092441395818,82.59127865673322,3590,1.3005351018016438,1e-16,1e-16,1e-16,3590
3,0.8967413785486805,83.82822591005232,3637,1.3069814987964772,1e-16,1e-16,1e-16,3637
4,0.8969421809550966,83.74699500004888,3634,1.3070949521100819,1e-16,1e-16,1e-16,3634
