Sample,M0,M1,M3,Tau,Permeability,Energy,M1_Moose,M3_ana
1,0.9041901438146834,82.97837792903397,5070,1.2321339531442042,1e-16,1e-16,1e-16,3678
2,0.9042674527411536,82.85372685392802,5048,1.2308718341437814,1e-16,1e-16,1e-16,3673
3,0.9036871337866113,83.38035233047474,5066,1.2332990395434045,1e-16,1e-16,1e-16,3696
4,0.903595768691692,83.50663679011687,5102,1.2333973746398068,1e-16,1e-16,1e-16,3700
