Sample,M0,M1,M3,Tau,Permeability,Energy,M1_Moose,M3_ana
1,0.9528927594668295,48.559812010770905,2345,1.1981459435820485,1e-16,1e-16,1e-16,2345
2,0.9529730804293959,48.48040505485368,2338,1.1971367260783492,1e-16,1e-16,1e-16,2338
3,0.9528114344922309,48.64314595750511,2347,1.1989483726136676,1e-16,1e-16,1e-16,2347
4,0.9526056120256545,48.80849621240616,2354,1.1987270533595984,1e-16,1e-16,1e-16,2354
5,0.9529509921646901,48.47873897375187,2343,1.1970318028818756,1e-16,1e-16,1e-16,2343
