Sample,M0,M1,M3,Tau,Permeability,Energy,M1_Moose,M3_ana
1,0.8996058248762053,81.85186100004074,4535,1.2273868754995618,1e-16,1e-16,1e-16,3538
2,0.9005134517532059,81.177909958105,4489,1.2246944015507462,1e-16,1e-16,1e-16,3508
3,0.8995214878655106,81.94383432657231,4516,1.2269028187788915,1e-16,1e-16,1e-16,3540
4,0.8996931739229963,81.77080431130453,4515,1.2270170104054994,1e-16,1e-16,1e-16,3534
