Sample,M0,M1,M3,Tau,Permeability,Energy,M1_Moose,M3_ana
1,0.8921721197906836,62.03745746939498,2345,1.1761126374471558,4.618677512488975e-06,-4.526165080977397e-06,101.82337649097,2345
2,0.8924472190874736,61.81375374584781,2338,1.1742985703452085,1e-16,1e-16,1e-16,2338
3,0.892165091706459,61.9701077636514,2347,1.1774713130939525,1e-16,1e-16,1e-16,2347
4,0.8917413986289212,62.170655444445174,2354,1.177649234969961,1e-16,1e-16,1e-16,2354
5,0.8924934036409492,61.89288278095715,2343,1.1751694329749083,1e-16,1e-16,1e-16,2343
