Sample,M0,M1,M3,Tau,Permeability,Energy,M1_Moose,M3_ana
1,0.8700828510728873,79.3134754960478,3309,1.0903916509174836,5.835934255019169e-06,-5.738922395581607e-06,79.860193011843,3309
2,0.8701561439512291,79.31764887294372,3307,1.090044080123109,5.78844590827712e-06,-5.676521272757562e-06,79.861000702032,3309
