Sample,M0,M1,M3,Tau,Permeability,Energy,M1_Moose,M3_ana
1,0.8948036353267658,55.55528037321113,2186,1.1072917277411645,1.3993432282581717e-05,-1.3894332785619944e-05,61.048498941528,2186
2,0.8949542371315777,55.48734541545654,2184,1.1066343417011923,1e-16,1e-16,1e-16,2184
3,0.8941470114577853,55.905681230229426,2200,1.1081882517664148,1e-16,1e-16,1e-16,2200
4,0.8943136774551106,55.81342204937279,2196,1.1077370338479338,1e-16,1e-16,1e-16,2196
5,0.8948056433508299,55.591766707864195,2189,1.1075198378853022,1e-16,1e-16,1e-16,2189
