Sample,M0,M1,M3,Tau,Permeability,Energy,M1_Moose,M3_ana
1,0.9545935558491733,42.28086414664345,1949,1.1627267352655664,3.288482450463601e-05,-3.285847695277673e-05,47.313886402171,1949
2,0.9545292990791202,42.35720844639928,1950,1.1624377842239912,1e-16,1e-16,1e-16,1950
3,0.9541537985791222,42.69755700027781,1963,1.1645025794893533,1e-16,1e-16,1e-16,1963
4,0.9544329139240405,42.38902186031806,1951,1.1625649769406374,3.2468225800939613e-05,-3.254139550153352e-05,47.368234916513,1951
5,0.9543626330817948,42.52165489839864,1959,1.1637638102457486,1e-16,1e-16,1e-16,1959
7,0.9545052027903502,42.38967250546035,1952,1.1621115346509803,3.320508319586593e-05,-3.2797242272825484e-05,47.360685419107,1952
