Sample,M0,M1,M3,Tau,Permeability,Energy,M1_Moose,M3_ana
1,0.8890165099738555,63.796038727635825,2415,1.182215573168732,4.263347082899169e-06,-4.17936623138892e-06,105.24577331194,2415
2,0.889072734647652,63.75222107515043,2412,1.1815237740368119,1e-16,1e-16,1e-16,2412
3,0.8887363906169051,63.97569640398666,2423,1.1842450272056444,1e-16,1e-16,1e-16,2423
4,0.8882323765768009,64.28500736550745,2431,1.18370950868508,1e-16,1e-16,1e-16,2431
5,0.8886400054618254,64.11753095391234,2423,1.182945070502284,1e-16,1e-16,1e-16,2423
