Sample,M0,M1,M3,Tau,Permeability,Energy,M1_Moose,M3_ana
1,0.9545052027903502,46.903727196232715,2263,1.0416327270115033,1e-16,1e-16,1e-16,2263
2,0.9545875317769809,46.79296690198897,2257,1.0416095919895112,1e-16,1e-16,1e-16,2257
3,0.9542160473251111,47.189643662438336,2275,1.0420210190129258,1e-16,1e-16,1e-16,2274
4,0.954228095469496,47.221131753785954,2277,1.041910259780206,1e-16,1e-16,1e-16,2277
5,0.9543274926606721,46.97618397341766,2269,1.0419971883013972,1e-16,1e-16,1e-16,2269
