Sample,M0,M1,M3,Tau,Permeability,Energy,M1_Moose,M3_ana
1,0.9292773924602712,57.382743943883405,2489,1.2005638300656216,1e-16,1e-16,1e-16,2489
2,0.9292643403038542,57.36133127563883,2488,1.1996217158103324,1e-16,1e-16,1e-16,2488
3,0.9289761888506471,57.6612501557645,2499,1.2022440792579059,1e-16,1e-16,1e-16,2499
4,0.9291006863426251,57.60756399800889,2498,1.201154641501486,1e-16,1e-16,1e-16,2498
5,0.9288968719001128,57.72736793111334,2505,1.2012836449232909,1e-16,1e-16,1e-16,2505
