Sample,M0,M1,M3,Tau,Permeability,Energy,M1_Moose,M3_ana
1,0.9093196412865812,70.20641943351774,3241,1.1869462303033917,3.360382359688421e-06,-3.26202133427723e-06,121.63100857601,3002
2,0.909780482809306,69.82015299534493,3219,1.1864588908974658,9.897198548358117e-06,-9.697449186178727e-06,76.04551339522,2985
3,0.9090816904349782,70.39545961466136,3247,1.1891945262862282,9.905841122231137e-06,-9.747391716670582e-06,76.737907098489,3011
4,0.9094461468026233,70.15059077078524,3254,1.1879485006824282,9.751190084923657e-06,-9.492035152716677e-06,76.476037096008,3001
5,0.909418034465725,70.13243809993257,3247,1.1877313112550638,9.928381487234792e-06,-9.780981213240776e-06,76.346959853371,2998
