Sample,M0,M1,M3,Tau,Permeability,Energy,M1_Moose,M3_ana
1,0.942395813671431,46.76920384843764,2029,1.1605959123867657,2.6295069823615512e-05,-2.6053678641480335e-05,51.076871915055,2029
2,0.9422924004321268,46.82177928545871,2030,1.1602677183364638,1e-16,1e-16,1e-16,2030
3,0.9418616792703643,47.18264347636058,2045,1.1621548827760693,1e-16,1e-16,1e-16,2045
4,0.9422994285163513,46.8818439132965,2033,1.1612607640554877,2.6003079051001664e-05,-2.5948962048251524e-05,51.17717654161,2033
5,0.9421377825791865,47.01459535611538,2039,1.1617037947811901,1e-16,1e-16,1e-16,2039
7,0.9422090674334641,46.89886951513183,2034,1.1602477451682067,1e-16,1e-16,1e-16,2034
