Sample,M0,M1,M3,Tau,Permeability,Energy,M1_Moose,M3_ana
1,0.9447502218866591,45.086767341819225,2485,1.1195399125959387,2.4131558536848753e-05,-2.3931835035669807e-05,49.056804831871,1949
2,0.9446658848759644,45.11497908749215,2492,1.1195749425617418,1e-16,1e-16,1e-16,1950
3,0.944224119581849,45.46748017631934,2521,1.1205023193436188,1e-16,1e-16,1e-16,1963
4,0.9445895799615263,45.14072300561706,2496,1.1192867340546142,2.3880395018222713e-05,-2.3835003544821054e-05,49.126582900132,1951
5,0.9445263272035052,45.25714853659133,2457,1.120373253118936,1e-16,1e-16,1e-16,1959
7,0.9446588567917398,45.12284941740894,2484,1.118698792793081,2.4657933573908034e-05,-2.426842215373629e-05,49.088437868667,1952
