Sample,M0,M1,M3,Tau,Permeability,Energy,M1_Moose,M3_ana
1,0.9591055859213417,42.29208058080411,2694,1.1068168384952153,2.446003772153795e-05,-2.418508693665374e-05,48.095166247428,2029
2,0.9591748627515552,42.20929918951528,2712,1.106292637582335,1e-16,1e-16,1e-16,2030
3,0.9588575949494179,42.48330950685118,2703,1.109283828181132,1e-16,1e-16,1e-16,2045
4,0.959071449512251,42.31333934282287,2706,1.104172181857322,2.445352223233241e-05,-2.4350630208694738e-05,48.236101673559,2033
5,0.9590252649587753,42.454992899800885,2684,1.1071727751700562,1e-16,1e-16,1e-16,2039
7,0.9591517704748174,42.213765192416716,2715,1.1093156532604223,2.5047531553308588e-05,-2.4616424929152357e-05,48.166468396687,2034
