Sample,M0,M1,M3,Tau,Permeability,Energy,M1_Moose,M3_ana
1,0.9157423062557982,51.15717478953796,2108,1.06087541053344,1.5082375440618282e-05,-1.5049773885580055e-05,56.430793219629,2108
2,0.9160585700459034,51.07004860500788,2107,1.0602335598989308,1e-16,1e-16,1e-16,2107
3,0.9151690153854803,51.539254307453916,2124,1.0610982793237134,1e-16,1e-16,1e-16,2124
4,0.9153316653346774,51.347706830516174,2113,1.0609141890145497,1.4588507550824375e-05,-1.4495843371080334e-05,56.608725609602,2113
5,0.9156378890044619,51.29193398431261,2116,1.060944524609792,1e-16,1e-16,1e-16,2116
15,0.9164561588106072,50.746748772927965,2092,1.06051810270492,1.4930062323664266e-05,-1.5143853003398339e-05,55.986608669947,2092
