Sample,M0,M1,M3,Tau,Permeability,Energy,M1_Moose,M3_ana
1,0.9143306653386934,79.69061530953994,4469,1.2104076269045692,1e-16,1e-16,1e-16,3683
2,0.9150063654362834,79.03022972589528,4443,1.210230805220669,1e-16,1e-16,1e-16,3646
3,0.9141609873052718,79.84979797895019,4549,1.2140738267251725,1e-16,1e-16,1e-16,3686
4,0.914376849892169,79.60531307909606,4513,1.2153756947029042,1e-16,1e-16,1e-16,3674
