Sample,M0,M1,M3,Tau,Permeability,Energy,M1_Moose,M3_ana
1,0.9156248368480447,51.890746882973794,2108,1.1585760321235457,1.8289672584683657e-05,-1.8141472010236013e-05,56.432635980188,2108
2,0.9157453182918944,51.82307465958097,2107,1.1570976357324143,1e-16,1e-16,1e-16,2107
3,0.9148989361488508,52.31729866527601,2124,1.1593549520617858,1e-16,1e-16,1e-16,2124
4,0.9153969261167626,51.9941363911391,2113,1.1577611120622093,1.7759972583478117e-05,-1.7622564619136843e-05,56.574312839992,2113
5,0.9156579692451035,52.00495774415946,2116,1.1589720800057548,1e-16,1e-16,1e-16,2116
15,0.9163145931140839,51.47802329332441,2092,1.1565968517904177,1.8282788726459834e-05,-1.8494459491235455e-05,55.958118992264,2092
