Sample,M0,M1,M3,Tau,Permeability,Energy,M1_Moose,M3_ana
1,0.878406110818832,66.32723224576172,2640,1.2433911468025887,1.2271455823665375e-05,-1.21566234955723e-05,72.997451861258,2640
2,0.8787966714993113,66.16481666568143,2636,1.240261158432681,1e-16,1e-16,1e-16,2636
3,0.877967357560813,66.64507375894397,2656,1.2446392804557682,1e-16,1e-16,1e-16,2656
4,0.8785767928642857,66.35849029931325,2646,1.2426445247102544,1e-16,1e-16,1e-16,2646
5,0.8781782000875499,66.52136595498578,2653,1.2430938738340906,1e-16,1e-16,1e-16,2653
