Sample,M0,M1,M3,Tau,Permeability,Energy,M1_Moose,M3_ana
1,0.9213446933948056,73.16441452296567,3375,1.2988235736848421,1e-16,1e-16,1e-16,3375
2,0.9217944907851776,72.769269090597,3357,1.2954702249662813,1e-16,1e-16,1e-16,3357
3,0.9210274255926683,73.54512058578534,3384,1.3012272735188184,1e-16,1e-16,1e-16,3385
4,0.9213667816595114,73.25809339884518,3374,1.2997247195081583,1e-16,1e-16,1e-16,3374
