Sample,M0,M1,M3,Tau,Permeability,Energy,M1_Moose,M3_ana
1,0.85561905373874,76.27037604700288,3002,1.2582830724072853,1e-16,1e-16,1e-16,3002
2,0.8564282874365966,75.84367035847487,2985,1.2554285586926608,1e-16,1e-16,1e-16,2985
3,0.8552375291665495,76.48412159034861,3011,1.2592296626805533,1e-16,1e-16,1e-16,3011
4,0.8556772864366007,76.23925274647249,3001,1.2578278067786408,1e-16,1e-16,1e-16,3001
5,0.8559463616611982,76.12502553700402,2998,1.2579741268050086,1e-16,1e-16,1e-16,2998
