Sample,M0,M1,M3,Tau,Permeability,Energy,M1_Moose,M3_ana
1,0.8651652001397585,77.51054919160396,2933,1.2256593572128769,2.4240040729957897e-06,-2.3660108329030474e-06,130.7864702486,2933
2,0.8655838731571359,77.35726740656413,2927,1.2241597796779637,1e-16,1e-16,1e-16,2927
3,0.865108975465962,77.61658074858451,2936,1.2273580061333493,1e-16,1e-16,1e-16,2936
4,0.8652164047533946,77.55407141316196,2930,1.2247973396569625,1e-16,1e-16,1e-16,2930
5,0.8653258420648913,77.53275683461429,2933,1.224422003800941,1e-16,1e-16,1e-16,2933
