Sample,M0,M1,M3,Tau,Permeability,Energy,M1_Moose,M3_ana
1,0.9033307095152229,83.03015546959692,4290,1.224304070702473,1e-16,1e-16,1e-16,3704
2,0.9037313103160228,82.63784265559353,4261,1.2232608958371636,1e-16,1e-16,1e-16,3693
3,0.9031770956743146,83.26451590149959,4292,1.2244476950003995,1e-16,1e-16,1e-16,3715
4,0.9033548058039927,82.96697914074929,4264,1.222384661561077,1e-16,1e-16,1e-16,3708
