Sample,M0,M1,M3,Tau,Permeability,Energy,M1_Moose,M3_ana
1,0.9152322681435014,78.99094780067921,3641,1.088349844582428,1e-16,1e-16,1e-16,3641
2,0.9151850795779937,78.99113837022924,3641,1.088477495845252,1e-16,1e-16,1e-16,3641
3,0.9145214276247886,79.55395078374305,3666,1.0891890043469465,1e-16,1e-16,1e-16,3665
4,0.9143246412665009,79.695318486396,3670,1.0894965900908848,1e-16,1e-16,1e-16,3670
