Sample,M0,M1,M3,Tau,Permeability,Energy,M1_Moose,M3_ana
1,0.931138830767748,59.336474828556355,2640,1.221856970425441,1e-16,1e-16,1e-16,2640
2,0.9312884285605278,59.21485371304615,2636,1.2198101775111743,1e-16,1e-16,1e-16,2636
3,0.9307713623640066,59.69013568296653,2656,1.2236193585732464,1e-16,1e-16,1e-16,2656
4,0.9311046943586572,59.40862263145298,2646,1.2218171558795368,1e-16,1e-16,1e-16,2646
5,0.9309530885418131,59.52107212676181,2653,1.222173115480227,1e-16,1e-16,1e-16,2653
