Sample,M0,M1,M3,Tau,Permeability,Energy,M1_Moose,M3_ana
1,0.8572415371825816,86.80109740724745,3580,1.3901169846537438,1e-16,1e-16,1e-16,3581
2,0.8581079995662668,86.30377524390349,3561,1.387342091782317,1e-16,1e-16,1e-16,3561
3,0.8568419403938137,86.94533719651177,3586,1.390042312429865,1e-16,1e-16,1e-16,3586
4,0.8563288902454207,87.13753531859179,3590,1.3924573517737098,1e-16,1e-16,1e-16,3590
5,0.8581622162159991,86.23204804835301,3559,1.387078409168021,1e-16,1e-16,1e-16,3559
