Sample,M0,M1,M3,Tau,Permeability,Energy,M1_Moose,M3_ana
1,0.9281368347918282,74.15061052065477,3581,1.0655778707318906,1e-16,1e-16,1e-16,3581
2,0.9284350263653559,73.80842166440722,3561,1.0654902484855022,1e-16,1e-16,1e-16,3561
3,0.927984224962952,74.20632755032942,3587,1.0658554975964243,1e-16,1e-16,1e-16,3586
4,0.9278235830378191,74.40268270102256,3590,1.0659820854207458,1e-16,1e-16,1e-16,3590
