Sample,M0,M1,M3,Tau,Permeability,Energy,M1_Moose,M3_ana
1,0.8566300938550447,78.36229193034391,3125,1.1304950076975735,1e-16,1e-16,1e-16,3125
2,0.8563399343777736,78.42319777287403,3125,1.130462834749751,1e-16,1e-16,1e-16,3125
3,0.8553088140208273,78.97449194829863,3146,1.1321086356133718,1e-16,1e-16,1e-16,3146
4,0.8558901369874017,78.65377834850503,3132,1.1307694239442891,1e-16,1e-16,1e-16,3132
5,0.8557686515315199,78.64808999181123,3130,1.1319547050425027,1e-16,1e-16,1e-16,3130
