Sample,M0,M1,M3,Tau,Permeability,Energy,M1_Moose,M3_ana
1,0.9454158818639282,56.58880171966488,4565,1.153979958303147,1e-16,1e-16,1e-16,2711
2,0.9454761225858531,56.53329160782307,4579,1.152823575262047,1e-16,1e-16,1e-16,2709
3,0.9450484134601869,56.99837694498021,4596,1.155289084652869,1e-16,1e-16,1e-16,2731
4,0.9453857615029658,56.646050077420234,4573,1.1539820975369357,1e-16,1e-16,1e-16,2715
5,0.9450885739414702,56.986112776973705,4573,1.155305017594115,1e-16,1e-16,1e-16,2734
