Sample,M0,M1,M3,Tau,Permeability,Energy,M1_Moose,M3_ana
1,0.9184822550913451,70.2439065815019,3125,1.2677782720339479,1e-16,1e-16,1e-16,3125
2,0.918507355392147,70.22804751693,3125,1.2661338864278666,1e-16,1e-16,1e-16,3125
3,0.9180505299175505,70.63742540101485,3146,1.2698470305144232,1e-16,1e-16,1e-16,3146
4,0.9183908899964257,70.36577408309105,3132,1.26867537435818,1e-16,1e-16,1e-16,3132
