Sample,M0,M1,M3,Tau,Permeability,Energy,M1_Moose,M3_ana
1,0.8570327026799089,87.26768713673518,3640,1.249268123481678,6.436681121368643e-06,-6.278673635739834e-06,87.815529015542,3641
2,0.8570889273537055,87.28423631469545,3641,1.2482216131319355,6.516060582861053e-06,-6.387948390101053e-06,87.811384145061,3641
