Sample,M0,M1,M3,Tau,Permeability,Energy,M1_Moose,M3_ana
1,0.8310960598551813,92.2672011260147,3678,1.1532539208869383,1e-16,1e-16,1e-16,3678
2,0.8313571029835222,92.12277076720034,3673,1.153036621260315,1e-16,1e-16,1e-16,3673
3,0.8300840157268444,92.7472281814811,3696,1.1549466897897742,1e-16,1e-16,1e-16,3696
4,0.8297998803217658,92.9073270353173,3700,1.1541340207206399,1e-16,1e-16,1e-16,3700
5,0.8311342123124004,92.15856698846501,3671,1.1532857902620284,1e-16,1e-16,1e-16,3671
