Sample,M0,M1,M3,Tau,Permeability,Energy,M1_Moose,M3_ana
1,0.9321036863305769,70.41835091548974,5717,1.1957416432938952,1e-16,1e-16,1e-16,3375
2,0.9324711547343183,70.05925766706703,5675,1.193399227448595,1e-16,1e-16,1e-16,3357
3,0.9318828036835194,70.69119189064028,5744,1.1966128994531806,1e-16,1e-16,1e-16,3385
4,0.9321388267516998,70.38802936140556,5692,1.1952103999527541,1e-16,1e-16,1e-16,3374
