Sample,M0,M1,M3,Tau,Permeability,Energy,M1_Moose,M3_ana
1,0.9278426592664286,74.50970572827279,4730,1.1952115032346384,1e-16,1e-16,1e-16,3581
2,0.928260328271774,74.1184111551508,4694,1.1952485794830134,1e-16,1e-16,1e-16,3561
3,0.9278998879522572,74.55637631416485,4763,1.1940082127312244,1e-16,1e-16,1e-16,3586
4,0.9277512941715094,74.6323845529105,4704,1.1946907194384702,1e-16,1e-16,1e-16,3590
