Sample,M0,M1,M3,Tau,Permeability,Energy,M1_Moose,M3_ana
1,0.8912454166850735,84.74533727645597,4360,1.2350270784953186,6.5654424945294185e-06,-6.347774230904488e-06,91.829324205973,3607
2,0.8918960164818616,84.30758977371381,4333,1.2331795554247111,1e-16,1e-16,1e-16,3590
3,0.8904301589150244,85.42589682627,4361,1.2370670425704031,1e-16,1e-16,1e-16,3637
4,0.8903207216035277,85.53126138982546,4404,1.238229295529164,1e-16,1e-16,1e-16,3634
