Sample,M0,M1,M3,Tau,Permeability,Energy,M1_Moose,M3_ana
1,0.9228416753346372,71.75541999377266,3309,1.2924614790672808,1e-16,1e-16,1e-16,3309
2,0.9229189842611074,71.73973515046801,3309,1.2908324687979431,1e-16,1e-16,1e-16,3309
3,0.9223306332103084,72.31346420177718,3329,1.2957208873558743,1e-16,1e-16,1e-16,3329
4,0.922489267111377,72.2016490033278,3325,1.2945268954936444,1e-16,1e-16,1e-16,3325
