Sample,M0,M1,M3,Tau,Permeability,Energy,M1_Moose,M3_ana
1,0.8610427267360372,84.80995670219862,3538,1.24163718617975,6.904508546132078e-06,-6.760684867541607e-06,85.343912444765,3538
2,0.8622124007534107,84.1202091839004,3508,1.2381069655996342,7.062307324732521e-06,-6.951521019410305e-06,84.640785772717,3508
