Sample,M0,M1,M3,Tau,Permeability,Energy,M1_Moose,M3_ana
1,0.9656637925148895,20.946307459451507,873,1.0856199380794567,0.0001175251374333518,-0.0001186753110797784,21.095872414479,873
2,0.9658585708491131,20.844814070184132,869,1.0849674717496596,0.00011064322393593242,-0.00011195439987700832,20.998088644354,869
4,0.9659328677394869,20.846233765207,870,1.085083545092032,0.00010881148022100941,-0.00011123539315479224,21.026892554314,870
8,0.9658435106686318,20.87431075785881,871,1.0853736726599406,0.0001130042365298615,-0.00011250193893462605,21.054219135089,871
12,0.9657230292247823,20.956994059450743,874,1.0862960201426237,0.00011589312198182827,-0.00011674486214426594,21.123731090686,874
16,0.9660623852916254,20.76429639353237,866,1.0846371949038336,0.00011085822244409972,-0.00011102809389229918,20.946049571916,866
20,0.9659097754627491,20.82529752083749,868,1.08494445697214,0.00010987441107178837,-0.00011093486138448755,20.97721244179,868
23,0.9656376882020554,20.9799217074932,874,1.0862447701503815,0.00011375788191911357,-0.00011470457142426593,21.135106040166,874
