Sample,M0,M1,M3,Tau,Permeability,Energy,M1_Moose,M3_ana
1,0.8508941731157706,82.56537934026905,3249,1.2611654576466127,1e-16,1e-16,1e-16,3249
2,0.8508028080208513,82.57639126283944,3250,1.2600409773686188,1e-16,1e-16,1e-16,3250
3,0.850109035706684,82.98020596664922,3267,1.2627763378118242,1e-16,1e-16,1e-16,3267
4,0.8501833325970578,82.96302926350997,3265,1.262622792269017,1e-16,1e-16,1e-16,3265
5,0.8499212854566849,82.99570024040386,3264,1.2630566102641594,1e-16,1e-16,1e-16,3264
