Sample,M0,M1,M3,Tau,Permeability,Energy,M1_Moose,M3_ana
1,0.8826530817145313,74.93297535571686,2933,1.2148323154374283,2.4240040729957897e-06,-2.3660108329030474e-06,130.7864702486,2933
2,0.8829342050835137,74.88339718172591,2927,1.2160709332613204,1e-16,1e-16,1e-16,2927
3,0.8824924397893984,75.08813178277654,2936,1.216768854103505,1e-16,1e-16,1e-16,2936
4,0.8829111128067759,74.89449761739085,2930,1.2181459671986354,1e-16,1e-16,1e-16,2930
5,0.8828468560367227,74.91375423729761,2933,1.2160159517479094,1e-16,1e-16,1e-16,2933
