Sample,M0,M1,M3,Tau,Permeability,Energy,M1_Moose,M3_ana
1,0.830040843209465,97.78197820500627,3704,1.2896461084591562,1e-16,1e-16,1e-16,3704
2,0.830316946518287,97.53343833299448,3693,1.2865038829505768,1e-16,1e-16,1e-16,3693
3,0.8293942594608054,98.21397476284523,3715,1.294271702224089,1e-16,1e-16,1e-16,3715
4,0.8297095192388786,97.92171648988163,3707,1.2922037182086619,1e-16,1e-16,1e-16,3708
5,0.8304454600583934,97.55599277545402,3695,1.2911972909068283,1e-16,1e-16,1e-16,3695
