Sample,M0,M1,M3,Tau,Permeability,Energy,M1_Moose,M3_ana
1,0.9288667515391504,73.59273175467376,4637,1.1925381165713194,1e-16,1e-16,1e-16,3538
2,0.9294229742049229,72.9460041091733,4627,1.189055618364025,1e-16,1e-16,1e-16,3508
3,0.9288406472263163,73.61853545608616,4675,1.19026270792101,1e-16,1e-16,1e-16,3540
4,0.9289551045979735,73.38933907399047,4762,1.1956817799952042,1e-16,1e-16,1e-16,3534
