Sample,M0,M1,M3,Tau,Permeability,Energy,M1_Moose,M3_ana
1,0.9078236633587817,56.25757514312028,2345,1.154421086212951,1.666926342419058e-05,-1.6465537398917452e-05,56.657408985087,2345
2,0.9081710515218815,56.076310007118444,2338,1.1533469586693672,1.664250423910914e-05,-1.6648784817485875e-05,56.470573039675,2338
4,0.9075003714844518,56.48171185553784,2354,1.1547133641933427,1.626396224048421e-05,-1.621238828784266e-05,56.889211086494,2354
8,0.9084320946502223,55.885754846176944,2329,1.1530961022263615,1.6391510928621608e-05,-1.6480911180289198e-05,56.277616552202,2329
12,0.9082343042799025,56.01398446956547,2335,1.1542180949789265,1.687750591276122e-05,-1.6921200626973964e-05,56.408126776144,2335
16,0.9077955510218835,56.345890984877116,2348,1.155085133956733,1.6904612069416068e-05,-1.6751704979275348e-05,56.676494325,2348
20,0.9082835008694744,56.016435948830676,2335,1.1545879821759688,1.7000367969602217e-05,-1.699402997615623e-05,56.414431632699,2335
23,0.9074190465098534,56.50028513373669,2356,1.1555794192681663,1.636072919644986e-05,-1.63032815450482e-05,56.940451542024,2356
