Sample,M0,M1,M3,Tau,Permeability,Energy,M1_Moose,M3_ana
1,0.8212326456520255,95.74106130414783,3724,1.3109318997582442,1e-16,1e-16,1e-16,3724
2,0.8228400689153859,94.95743079705915,3695,1.3069313627802412,1e-16,1e-16,1e-16,3695
3,0.8208822454528295,95.96781694541735,3735,1.3118661926328763,1e-16,1e-16,1e-16,3736
4,0.8207637720330441,95.93240186325272,3730,1.3131749278419156,1e-16,1e-16,1e-16,3731
5,0.8226051300998791,95.18186971208458,3707,1.3070549315670783,1e-16,1e-16,1e-16,3707
