Sample,M0,M1,M3,Tau,Permeability,Energy,M1_Moose,M3_ana
1,0.9132804687531375,80.6831378107704,3724,1.3346809377918323,1e-16,1e-16,1e-16,3724
2,0.9138718318400327,80.14796543427944,3695,1.3318784940170898,1e-16,1e-16,1e-16,3695
3,0.9128748478921771,81.0931499917147,3735,1.3382737914876377,1e-16,1e-16,1e-16,3736
4,0.9131208308400368,81.01787694444731,3731,1.3391035750654774,1e-16,1e-16,1e-16,3731
