Sample,M0,M1,M3,Tau,Permeability,Energy,M1_Moose,M3_ana
1,0.8878679202091558,68.49909393196606,2857,1.3117590010637947,1.45077284944687e-05,-1.4353217452760112e-05,69.022747082733,2858
2,0.8879000485941824,68.46760584061842,2855,1.3096378659758496,1.4418918612146262e-05,-1.4376102462725763e-05,68.965822397182,2855
4,0.8876299693575528,68.60719582911175,2861,1.3122621580536054,1.4414634456093077e-05,-1.432390843621385e-05,69.096546790654,2861
12,0.8875837848040771,68.65747088817153,2863,1.3137221024044168,1.4435809787540168e-05,-1.4327834889801662e-05,69.152280094954,2863
16,0.8876279613334886,68.67850241731607,2865,1.3122509590808267,1.4560244841016068e-05,-1.460586019313241e-05,69.163733379895,2865
