Sample,M0,M1,M3,Tau,Permeability,Energy,M1_Moose,M3_ana
1,0.9560463612595933,45.60839313131498,3674,1.1222963926482563,1e-16,1e-16,1e-16,2186
2,0.9560403371874009,45.589201904539486,3686,1.1217655662865038,1e-16,1e-16,1e-16,2184
3,0.9556809008799162,45.96120319443049,3719,1.1231768806090752,1e-16,1e-16,1e-16,2200
4,0.955842546817081,45.805103496223005,3705,1.1226177472742098,1e-16,1e-16,1e-16,2196
5,0.9560815016807162,45.590496423143584,3643,1.1219568841727536,1e-16,1e-16,1e-16,2189
