Sample,M0,M1,M3,Tau,Permeability,Energy,M1_Moose,M3_ana
1,0.9052072080031807,57.89850415115658,2415,1.257441247767575,1.996174721932521e-05,-1.9890698160967313e-05,58.350641679929,2415
2,0.9052945570499716,57.84717418789117,2412,1.2554556739952083,1.9825824549198895e-05,-1.9867322978818838e-05,58.263845209119,2412
4,0.9045033955686925,58.305453675939496,2431,1.2594168371192507,1.9309546974262603e-05,-1.9329335008351247e-05,58.74129661234,2431
8,0.905635921140879,57.64601136344264,2404,1.2554454057285664,1.9798284672485318e-05,-1.9932783152821054e-05,58.085002026289,2404
12,0.9052383323761752,57.88952310050526,2414,1.2585663257258703,2.0018788608965097e-05,-2.0085796485770636e-05,58.313240434867,2414
16,0.9049321087063907,58.096167363814764,2423,1.257792586380052,2.0046520244081993e-05,-2.011543541429252e-05,58.509958587967,2423
20,0.9054471668788479,57.749036080790695,2408,1.257857888110901,1.9944672249761772e-05,-1.9928394746002216e-05,58.160814267159,2408
23,0.9044903434122754,58.32048787410188,2432,1.2581117644089295,1.9410530696433242e-05,-1.937278212876011e-05,58.775840551809,2432
