Sample,M0,M1,M3,Tau,Permeability,Energy,M1_Moose,M3_ana
1,0.839994618495508,92.02186654833466,3484,1.269268589582854,1e-16,1e-16,1e-16,3484
2,0.8410789514901547,91.42425022955241,3459,1.2709202148968917,1e-16,1e-16,1e-16,3459
3,0.8396040578150289,92.22087729120396,3490,1.2700614356872373,1e-16,1e-16,1e-16,3490
4,0.8400588752655612,92.06690374969054,3482,1.272838617343792,1e-16,1e-16,1e-16,3482
5,0.8401753406612825,91.84694999077126,3479,1.270257323276993,1e-16,1e-16,1e-16,3479
