Sample,M0,M1,M3,Tau,Permeability,Energy,M1_Moose,M3_ana
1,0.8538299042975731,89.27637730345893,3727,1.1008894626930252,4.323257329720443e-06,-4.213366414232244e-06,89.851976991062,3727
2,0.855369054742752,88.37449450638789,3685,1.1000369301527224,4.459138237481773e-06,-4.388012410340166e-06,88.967303581337,3688
