Sample,M0,M1,M3,Tau,Permeability,Energy,M1_Moose,M3_ana
1,0.9411548547997799,45.60122025028473,2104,1.1199339690218195,2.3447834100097508e-05,-2.3348341139242107e-05,49.695777128782,1949
2,0.941105658210208,45.585377533995675,2108,1.1185948893686475,2.3733864272988366e-05,-2.357782094158892e-05,49.724338039121,1950
3,0.9407110814816004,45.90919045327487,2129,1.1194148721589965,2.3939210854903046e-05,-2.3813971541350693e-05,50.072093486944,1963
4,0.9410705177890852,45.63989532984124,2122,1.1183242855851963,2.3235161975196677e-05,-2.320969113328975e-05,49.754172160757,1951
5,0.940893811671439,45.76824335796805,2114,1.1190385906452147,2.4072619134740166e-05,-2.3820674664371193e-05,49.895483126837,1959
7,0.9410122850912246,45.703341164731114,2121,1.117986467774383,2.3870780958639337e-05,-2.3506242340860942e-05,49.740979290798,1952
