Sample,M0,M1,M3,Tau,Permeability,Energy,M1_Moose,M3_ana
1,0.8589363094927329,74.51726104117688,2933,1.251700552112473,9.057104991631135e-06,-8.881264771316122e-06,81.850323386163,2933
2,0.859211408789523,74.37223585374915,2927,1.2499124012788478,1e-16,1e-16,1e-16,2927
3,0.8588258681692041,74.58408527819692,2936,1.2524335893413954,1e-16,1e-16,1e-16,2936
4,0.8590748631531601,74.44095620966715,2930,1.2508779029180914,1e-16,1e-16,1e-16,2930
5,0.8590668310569034,74.47554642542227,2933,1.2512866417124733,1e-16,1e-16,1e-16,2933
