Sample,M0,M1,M3,Tau,Permeability,Energy,M1_Moose,M3_ana
1,0.9491789189601648,31.03771256239163,1294,1.082972043004787,5.0966069527675344e-05,-5.1819654082165105e-05,31.265156353412,1294
2,0.9490724936847643,31.10530584929226,1298,1.0826277406177856,5.142401828573408e-05,-5.15311155296687e-05,31.333909551974,1298
4,0.9490072329026791,31.142965492889243,1298,1.0827495458531182,5.093387174657618e-05,-5.1958943359727424e-05,31.376955328721,1298
8,0.9491066300938551,31.057038542188238,1294,1.082463509993257,4.9847232972245986e-05,-5.0659188888680336e-05,31.283211936884,1294
12,0.9489409681085618,31.132945886315103,1297,1.0837722932330927,5.083844678041995e-05,-5.146768033513796e-05,31.354430684885,1297
16,0.9493837374147092,30.92876945055362,1288,1.082585578150477,5.039019633297285e-05,-5.0750237559062604e-05,31.133664744956,1288
20,0.9492291195617688,31.001130942963552,1293,1.0821884003336588,5.0081851337209974e-05,-4.992484409192576e-05,31.260321920514,1293
23,0.9491839390203253,31.036736594678196,1293,1.0832025211327323,5.0704942669741834e-05,-5.1167223483238785e-05,31.267912655742,1293
