Sample,M0,M1,M3,Tau,Permeability,Energy,M1_Moose,M3_ana
1,0.9252854406207204,77.06911022891425,3727,1.0681378539973425,1e-16,1e-16,1e-16,3727
2,0.9259631487423745,76.33072103609244,3688,1.0675896283651698,1e-16,1e-16,1e-16,3688
3,0.9248125509536106,77.51867140067301,3745,1.0689192876404585,1e-16,1e-16,1e-16,3744
4,0.9251147585752668,77.14832661528146,3721,1.0685649259998038,1e-16,1e-16,1e-16,3721
