Sample,M0,M1,M3,Tau,Permeability,Energy,M1_Moose,M3_ana
1,0.9011078268761973,79.97715813908788,3870,1.216271905019564,1e-16,1e-16,1e-16,3484
2,0.9017965791302043,79.45445007675578,3874,1.2145932348641035,1e-16,1e-16,1e-16,3459
3,0.9009491929751287,80.03710155726547,3881,1.2139360530922116,1e-16,1e-16,1e-16,3490
4,0.9011158589724539,79.96936955058517,3843,1.2165070239642972,1e-16,1e-16,1e-16,3482
