Sample,M0,M1,M3,Tau,Permeability,Energy,M1_Moose,M3_ana
1,0.8956901779510925,84.31833740140644,4086,1.2280352610705794,1e-16,1e-16,1e-16,3678
2,0.8958367637077763,84.28062871296099,4055,1.2290331032304729,1e-16,1e-16,1e-16,3673
3,0.8951098589965503,84.94338683937866,4097,1.2328044639512905,1e-16,1e-16,1e-16,3696
4,0.8948026313147337,85.0827140935102,4118,1.233905681974917,1e-16,1e-16,1e-16,3700
