Sample,M0,M1,M3,Tau,Permeability,Energy,M1_Moose,M3_ana
1,0.982761113409183,10.535027365827883,439,1.0124589416147736,0.0002495837052334626,-0.0002553549618302493,10.607034837237,439
2,0.9828103099987551,10.511813863460384,439,1.0123670731556487,0.00026058147951822717,-0.0002645909396378947,10.585856228319,439
3,0.9827048887353866,10.537192990768046,439,1.012397562575818,0.00023872073015756233,-0.0002437704074459834,10.625496967492,439
