Sample,M0,M1,M3,Tau,Permeability,Energy,M1_Moose,M3_ana
1,0.8915536483789221,69.28930277338044,2711,1.1992739703248352,3.0621515282853184e-06,-3.0012446483131302e-06,119.50104602077,2711
2,0.8916229252091357,69.32860537811595,2709,1.199885731817785,1e-16,1e-16,1e-16,2709
3,0.8908608800767869,69.7510519815754,2731,1.2016412681156967,1e-16,1e-16,1e-16,2731
4,0.8912805571061964,69.43328659996348,2715,1.2004218181216444,1e-16,1e-16,1e-16,2715
5,0.8907032501877502,69.8595840626696,2734,1.2017643600460957,1e-16,1e-16,1e-16,2734
