Sample,M0,M1,M3,Tau,Permeability,Energy,M1_Moose,M3_ana
1,0.9378657113826853,50.19942089142806,2408,1.1313852511572582,1.938029001492964e-05,-1.9133540081776178e-05,55.014943987875,2186
2,0.9378787635391023,50.19323976257637,2430,1.1302691016253736,1e-16,1e-16,1e-16,2184
3,0.937512299147393,50.514196943527004,2448,1.1317722954581626,1e-16,1e-16,1e-16,2200
4,0.9376829811928467,50.42926230882225,2448,1.1317970416861725,1e-16,1e-16,1e-16,2196
5,0.9378486431781399,50.26174642898105,2414,1.130974187982071,1e-16,1e-16,1e-16,2189
