Sample,M0,M1,M3,Tau,Permeability,Energy,M1_Moose,M3_ana
1,0.9623676210135702,38.96020944267484,2495,1.0970760466848624,2.8977214071798337e-05,-2.878373574678892e-05,44.34712791836,1870
2,0.9623977413745326,38.88247814446177,2472,1.095832030937476,1e-16,1e-16,1e-16,1871
3,0.9621326821980635,39.09956542661345,2446,1.0990564107355492,1e-16,1e-16,1e-16,1880
4,0.9624077814948534,38.84986975577725,2465,1.0997318605483284,2.8781283332802218e-05,-2.8740133553047093e-05,44.294481544307,1868
5,0.9622451315456565,39.072419323585194,2505,1.0961763888852283,1e-16,1e-16,1e-16,1879
7,0.9622732438825546,38.94200095529323,2487,1.0988039338060094,2.9370602647137954e-05,-2.8870505104927427e-05,44.307480657979,1871
11,0.9625232428785426,38.68387843233627,2444,1.0993886493724958,2.974664707401773e-05,-2.9885743216898617e-05,44.196214320285,1863
14,0.9625051706619652,38.752898185940225,2478,1.0969161480989482,2.8278840005919114e-05,-2.8051360950054296e-05,44.10733522629,1860
18,0.9622993481953888,38.957005261811865,2478,1.0970550087063842,2.8924028392877563e-05,-2.8680086370488645e-05,44.3216605047,1870
