Sample,M0,M1,M3,Tau,Permeability,Energy,M1_Moose,M3_ana
1,0.940929956104594,51.10728226495585,3095,1.1369669728821943,1e-16,1e-16,1e-16,2263
2,0.9410916020417589,50.96924672450652,3097,1.1360229438113425,1e-16,1e-16,1e-16,2257
3,0.9406116842904245,51.375108648518165,3126,1.1374186672669855,1e-16,1e-16,1e-16,2274
4,0.940567507761013,51.40903187084818,3122,1.1374003061848355,1e-16,1e-16,1e-16,2277
5,0.940880759515022,51.15877967780802,3068,1.13680977907411,1e-16,1e-16,1e-16,2269
