Sample,M0,M1,M3,Tau,Permeability,Energy,M1_Moose,M3_ana
1,0.8350669274420585,87.14594069383446,3431,1.2994476117385094,1e-16,1e-16,1e-16,3431
2,0.8363781671559551,86.4470350986958,3403,1.2958791767801314,1e-16,1e-16,1e-16,3403
3,0.8348520688671933,87.26553093742562,3436,1.2991907251521144,1e-16,1e-16,1e-16,3436
4,0.8349805824072996,87.19112222481381,3433,1.2996515328310678,1e-16,1e-16,1e-16,3433
5,0.8352657218244104,87.07310277754947,3430,1.2989021022753853,1e-16,1e-16,1e-16,3430
