Sample,M0,M1,M3,Tau,Permeability,Energy,M1_Moose,M3_ana
1,0.8991479953895768,61.56640894156687,2567,1.0709226889776924,1.0792410712926758e-05,-1.0674050531198339e-05,62.002443909221,2567
2,0.8992614487492018,61.55189063552566,2567,1.0707284156399235,1.0496952028412965e-05,-1.0482823115697728e-05,61.981454175954,2567
