Sample,M0,M1,M3,Tau,Permeability,Energy,M1_Moose,M3_ana
1,0.8546833145248413,88.73807968259719,3704,1.1004622158370887,4.395340126647092e-06,-4.294966642332854e-06,89.326266616683,3704
2,0.8551441560475661,88.50678587361452,3690,1.1001324761548537,4.437904232028588e-06,-4.362403359089862e-06,89.096128412674,3693
