Sample,M0,M1,M3,Tau,Permeability,Energy,M1_Moose,M3_ana
1,0.9125214356568849,53.805208540065045,2186,1.164504766367818,1.6861280455602216e-05,-1.6646536800417728e-05,58.508995821649,2186
2,0.9126790655459215,53.71225247413956,2184,1.162990796984919,1e-16,1e-16,1e-16,2184
3,0.9118738478961932,54.17730511473106,2200,1.1653602377287018,1e-16,1e-16,1e-16,2200
4,0.9121168188079566,54.02955217031545,2196,1.1648315068111867,1e-16,1e-16,1e-16,2196
5,0.9127021578226594,53.80790640540919,2189,1.1643760815540416,1e-16,1e-16,1e-16,2189
