Sample,M0,M1,M3,Tau,Permeability,Energy,M1_Moose,M3_ana
1,0.846404231308308,81.14250855023843,3194,1.2764472310024095,1e-16,1e-16,1e-16,3194
2,0.8466391701238147,81.03128818040244,3190,1.2748678992164602,1e-16,1e-16,1e-16,3190
3,0.8458239123537656,81.45988998782839,3207,1.277687970068845,1e-16,1e-16,1e-16,3207
4,0.8461472042280954,81.28374149987027,3200,1.2766296026833612,1e-16,1e-16,1e-16,3200
5,0.8463901751398589,81.17709876599355,3197,1.2764460476802064,1e-16,1e-16,1e-16,3197
