Sample,M0,M1,M3,Tau,Permeability,Energy,M1_Moose,M3_ana
1,0.9271980835418332,56.600700100155834,2415,1.1836814199335566,1.79516801674349e-05,-1.7716377236812186e-05,61.583171883184,2415
2,0.9272512961795334,56.53910414423734,2412,1.1828933962075512,1e-16,1e-16,1e-16,2412
3,0.9269370404134923,56.81603955979162,2423,1.1849467561244746,1e-16,1e-16,1e-16,2423
4,0.9265926642864888,57.04853937428386,2431,1.185189847083086,1e-16,1e-16,1e-16,2431
5,0.9269782049068076,56.742011986279884,2423,1.1835006455224417,1e-16,1e-16,1e-16,2423
