Sample,M0,M1,M3,Tau,Permeability,Energy,M1_Moose,M3_ana
1,0.9253256011020036,77.04400060764883,3724,1.0682335065772286,1e-16,1e-16,1e-16,3724
2,0.9258235910699154,76.46107681617502,3695,1.0676866378575898,1e-16,1e-16,1e-16,3695
3,0.9249400604816849,77.34702161218198,3737,1.0687586749810052,1e-16,1e-16,1e-16,3736
4,0.9249711848546793,77.32173776964932,3731,1.0687154756775679,1e-16,1e-16,1e-16,3731
