Sample,M0,M1,M3,Tau,Permeability,Energy,M1_Moose,M3_ana
1,0.9608636109895141,40.365324465383296,1949,1.0358634819351467,2.057277399541718e-05,-2.0436028655242108e-05,46.188242928644,1949
2,0.9607481496058249,40.480646047303495,1950,1.0360066444240073,1e-16,1e-16,1e-16,1950
3,0.960487106477484,40.72356295575275,1964,1.036129708277309,1e-16,1e-16,1e-16,1963
4,0.9607973461953968,40.45720250713987,1951,1.0359455398968327,2.0372514968765653e-05,-2.0323706598334627e-05,46.272167902409,1951
5,0.9605603993558259,40.58330597383433,1959,1.03637283152174,1e-16,1e-16,1e-16,1959
7,0.9607662218224023,40.443104808444815,1952,1.0358712165751214,2.0909516300415513e-05,-2.049897347911025e-05,46.210293366412,1952
18,0.96083750667668,40.31547001366966,1949,1.0360129186460862,2.0815398844931857e-05,-2.0550008492663713e-05,46.151085284934,1948
