Sample,M0,M1,M3,Tau,Permeability,Energy,M1_Moose,M3_ana
1,0.8962433885807688,63.32469913431822,2640,1.1752283314178489,1.3117679751034904e-05,-1.3006771518247093e-05,63.787594435544,2640
2,0.8964612591917301,63.225331901744916,2636,1.173497655439647,1.2904967396904156e-05,-1.2856902751260942e-05,63.649916694593,2636
4,0.896020497909647,63.47028645379368,2646,1.1751705761678743,1.2785249741506925e-05,-1.2817278516706927e-05,63.920892662566,2646
8,0.8968006152585732,62.99894105129265,2626,1.1739285360372502,1.2913103219956786e-05,-1.2795155529659833e-05,63.439108176057,2626
12,0.8960546343187377,63.456760463748715,2646,1.176177780082935,1.3231676540178394e-05,-1.3178755027812742e-05,63.923064617347,2646
16,0.8961399753414645,63.460092625952335,2645,1.1760194368450583,1.308933116690083e-05,-1.3053188716800001e-05,63.83907485213,2645
20,0.8962825450500199,63.34559591044163,2641,1.1761318860603083,1.2955035722977286e-05,-1.286191947278892e-05,63.793817084981,2641
23,0.8961058389323737,63.4261925235856,2644,1.1758911794495361,1.2861904716970637e-05,-1.2753012898433242e-05,63.885561908794,2644
