Sample,M0,M1,M3,Tau,Permeability,Energy,M1_Moose,M3_ana
1,0.8962684888815707,63.31939993281081,2640,1.0728594252557675,1.0088744630606648e-05,-1.0005549508654849e-05,63.767044810959,2640
2,0.8965586483588419,63.201722156400415,2636,1.072461764445114,9.889596450927757e-06,-9.860732274082438e-06,63.636704256825,2636
