Sample,M0,M1,M3,Tau,Permeability,Energy,M1_Moose,M3_ana
1,0.9166057566033872,77.69890146626211,3581,1.086929223714914,1e-16,1e-16,1e-16,3581
2,0.9170515379456308,77.27602071209559,3561,1.0864937426850747,1e-16,1e-16,1e-16,3561
3,0.9163768418600728,77.84040392193619,3587,1.0872480634168027,1e-16,1e-16,1e-16,3586
4,0.9162202159830684,77.96281043560978,3590,1.087449144490251,1e-16,1e-16,1e-16,3590
