Sample,M0,M1,M3,Tau,Permeability,Energy,M1_Moose,M3_ana
1,0.8854372070794896,62.51120527211149,2489,1.2279269271371622,1.3891813566930748e-05,-1.3801866796865376e-05,68.819715618715,2489
2,0.8856631097867077,62.43078288023474,2488,1.2258532936786872,1e-16,1e-16,1e-16,2488
3,0.8851159232292239,62.72194397582473,2499,1.2289876500036225,1e-16,1e-16,1e-16,2499
4,0.8853137135995438,62.666171129621155,2498,1.2278422218403877,1e-16,1e-16,1e-16,2498
5,0.884877972377621,62.82904678529371,2505,1.227857233021423,1e-16,1e-16,1e-16,2505
