Sample,M0,M1,M3,Tau,Permeability,Energy,M1_Moose,M3_ana
1,0.9507512018024024,46.03882895067801,3143,1.1233578858992628,2.2528931744398892e-05,-2.2203305122110806e-05,51.180172216629,2108
2,0.9508767033064124,46.02291406957721,3169,1.122911056716192,1e-16,1e-16,1e-16,2107
3,0.9504048176513348,46.42845067101773,3191,1.1242292037846422,1e-16,1e-16,1e-16,2124
4,0.9506859410203172,46.15524490504994,3175,1.1230205195331402,2.19548309958072e-05,-2.164924485067036e-05,51.306815788884,2113
5,0.9506618447315472,46.17274693076035,3128,1.1236125370025767,1e-16,1e-16,1e-16,2116
