Sample,M0,M1,M3,Tau,Permeability,Energy,M1_Moose,M3_ana
1,0.9200023293079145,69.26638365687413,4228,1.1900553096325877,1e-16,1e-16,1e-16,3069
2,0.9203075489656668,68.95804866306676,4200,1.1879793778971688,1e-16,1e-16,1e-16,3055
3,0.9195977124589861,69.61593372259775,4244,1.191053603156776,1e-16,1e-16,1e-16,3084
4,0.9199400805619254,69.20890526132266,4204,1.1894693447206388,1e-16,1e-16,1e-16,3065
