Sample,M0,M1,M3,Tau,Permeability,Energy,M1_Moose,M3_ana
1,0.8822193485166726,71.95167561102336,3001,1.330698086008557,1.3141965816273684e-05,-1.302487207755568e-05,72.493143093993,3002
2,0.8828448480126586,71.57476178599958,2985,1.3260608660009499,1.321069811668255e-05,-1.3138004466965098e-05,72.106260793901,2985
12,0.8821832040835177,71.95795879633056,3001,1.3303928307556767,1.3173489309672022e-05,-1.3067989945711912e-05,72.472821247168,3001
