Sample,M0,M1,M3,Tau,Permeability,Energy,M1_Moose,M3_ana
1,0.943621712362601,43.85590088655075,1873,1.0821772252031796,2.2667942335208862e-05,-2.2487398053672025e-05,47.679843591116,1870
2,0.9435905879896065,43.8803598626739,1872,1.0816144321325734,2.3071004983447093e-05,-2.2781921313711913e-05,47.681675322758,1871
3,0.943146814671427,44.16436386169877,1881,1.0826969248808866,1e-16,1e-16,1e-16,1880
4,0.9436909891928145,43.81968405793992,1868,1.081671943564561,2.2668714405982272e-05,-2.2676460750403323e-05,47.631942287404,1868
5,0.9433265328251694,44.02057737634622,1879,1.082220365451053,1e-16,1e-16,1e-16,1879
7,0.9435233191834571,43.91083251806201,1872,1.0817251703536042,2.3104234234648202e-05,-2.2681793582672576e-05,47.672348666495,1871
18,0.9435684997249008,43.85821761279483,1871,1.081962779178571,2.3075093581598893e-05,-2.286496279585374e-05,47.655233161665,1870
