Sample,M0,M1,M3,Tau,Permeability,Energy,M1_Moose,M3_ana
1,0.9049782932598665,81.57901894562269,4178,1.220911100025135,1e-16,1e-16,1e-16,3641
2,0.9051298990767105,81.50658528840103,4204,1.2193014629257297,1e-16,1e-16,1e-16,3641
3,0.9043367295713672,82.05688037614891,4234,1.220751589569089,1e-16,1e-16,1e-16,3665
4,0.9042544005847366,82.1747160255437,4253,1.2209493666062015,1e-16,1e-16,1e-16,3670
