Sample,M0,M1,M3,Tau,Permeability,Energy,M1_Moose,M3_ana
1,0.9105666242304248,76.71883815059526,3951,1.2072718152965287,1e-16,1e-16,1e-16,3431
2,0.9112342922317581,76.17224001586821,3930,1.2041766615031015,1e-16,1e-16,1e-16,3403
3,0.9103768659563616,76.9338726027013,4019,1.2034556263322223,1e-16,1e-16,1e-16,3436
4,0.9103587937397841,76.95790023303925,3992,1.2091669907402396,1e-16,1e-16,1e-16,3433
