Sample,M0,M1,M3,Tau,Permeability,Energy,M1_Moose,M3_ana
1,0.9358135107891133,52.34029062718223,2871,1.1399412094576316,1e-16,1e-16,1e-16,2263
2,0.9359319842088988,52.25063402689474,2877,1.1393491974519776,1e-16,1e-16,1e-16,2257
3,0.9354661226260136,52.64230296743632,2912,1.1407490158090892,1e-16,1e-16,1e-16,2274
4,0.9353637133987414,52.67957470025278,2905,1.1406230755788511,1e-16,1e-16,1e-16,2277
5,0.9357281697663865,52.437985006973264,2839,1.1401322087355703,1e-16,1e-16,1e-16,2269
