Sample,M0,M1,M3,Tau,Permeability,Energy,M1_Moose,M3_ana
1,0.9255113433279385,64.49507290213411,3939,1.1756567980245887,1e-16,1e-16,1e-16,2858
2,0.9255504997971896,64.43372333229456,3929,1.1746111894640385,1e-16,1e-16,1e-16,2855
3,0.9251840354054803,64.77434816389577,3946,1.1765273615961462,1e-16,1e-16,1e-16,2870
4,0.9252513042116297,64.6225797155686,3926,1.1757459164113713,1e-16,1e-16,1e-16,2861
