Sample,M0,M1,M3,Tau,Permeability,Energy,M1_Moose,M3_ana
1,0.8524072192481155,89.75515256053646,3704,1.406709023654664,1e-16,1e-16,1e-16,3704
2,0.8528740848430327,89.49432936731344,3693,1.4057363968332957,1e-16,1e-16,1e-16,3693
3,0.8518650527507922,90.02356022935119,3715,1.4086394531700726,1e-16,1e-16,1e-16,3715
4,0.8516933666933064,89.96631187159583,3708,1.4088071211342417,1e-16,1e-16,1e-16,3708
5,0.8527094268697716,89.53192642270105,3695,1.4047696908312457,1e-16,1e-16,1e-16,3695
