Sample,M0,M1,M3,Tau,Permeability,Energy,M1_Moose,M3_ana
1,0.9274179621768587,62.83083074151739,3833,1.1709708711967113,1e-16,1e-16,1e-16,2784
2,0.9274029019963775,62.81160004649579,3823,1.1697725546873723,1e-16,1e-16,1e-16,2783
3,0.927120774615363,63.09798335997414,3848,1.1715776787012941,1e-16,1e-16,1e-16,2795
4,0.9271800113252557,62.951078401931284,3818,1.1709417976422178,1e-16,1e-16,1e-16,2787
5,0.9270565178453098,63.12591882792437,3800,1.1717983854631506,1e-16,1e-16,1e-16,2800
