Sample,M0,M1,M3,Tau,Permeability,Energy,M1_Moose,M3_ana
1,0.9498275107328886,51.74900682046448,3299,1.1322141730347572,1.690420105817507e-05,-1.6660123674001107e-05,59.01008756256,2489
2,0.9500062248745988,51.74976629374271,3350,1.1303927590485852,1e-16,1e-16,1e-16,2488
3,0.9497020092288786,51.969814175600305,3285,1.1319361730492008,1e-16,1e-16,1e-16,2499
4,0.949694981144654,51.939499393196584,3312,1.1299476671031763,1e-16,1e-16,1e-16,2498
5,0.9497491977943864,51.971280110549735,3299,1.1328587805287371,1e-16,1e-16,1e-16,2505
