Sample,M0,M1,M3,Tau,Permeability,Energy,M1_Moose,M3_ana
1,0.9387090814896326,52.62252841364387,2710,1.135673658762049,1.7541935008573964e-05,-1.7268235900905263e-05,58.061652154477,2345
2,0.9389460283292035,52.368362773147645,2700,1.1371304560071207,1e-16,1e-16,1e-16,2338
3,0.938827554909418,52.6671218876903,2712,1.1369715685693251,1e-16,1e-16,1e-16,2347
4,0.938676953104606,52.68116376985645,2737,1.136530695265919,1e-16,1e-16,1e-16,2354
5,0.938952052401396,52.340792096014646,2699,1.136071262018655,1e-16,1e-16,1e-16,2343
