Sample,M0,M1,M3,Tau,Permeability,Energy,M1_Moose,M3_ana
1,0.8302777900490359,94.54326047403296,3537,1.278722566499525,1e-16,1e-16,1e-16,3538
2,0.8317285874353918,93.74448810248265,3508,1.2770556351853697,1e-16,1e-16,1e-16,3508
3,0.8302014851345979,94.59528616053053,3540,1.2788774951778197,1e-16,1e-16,1e-16,3540
4,0.8303661431078591,94.51449336799277,3534,1.2793712864573148,1e-16,1e-16,1e-16,3534
5,0.8310689515303151,94.13228867365804,3524,1.2769728942710028,1e-16,1e-16,1e-16,3524
