Sample,M0,M1,M3,Tau,Permeability,Energy,M1_Moose,M3_ana
1,0.8773067176437043,74.45947763809565,3069,1.0871112442979367,1e-16,1e-16,1e-16,3069
2,0.8780808109204381,74.07147972568976,3055,1.0861400785947386,1e-16,1e-16,1e-16,3055
3,0.8770095300822085,74.7768590756856,3084,1.087181413008795,1e-16,1e-16,1e-16,3084
4,0.8776249894578737,74.3680038554024,3065,1.086524448741082,1e-16,1e-16,1e-16,3065
5,0.8781691639792611,74.15148151022036,3061,1.0866385065016688,1e-16,1e-16,1e-16,3061
