Sample,M0,M1,M3,Tau,Permeability,Energy,M1_Moose,M3_ana
1,0.8943347617077843,85.83750192680608,3724,1.1405879370853234,1e-16,1e-16,1e-16,3724
2,0.8952042361275657,85.07633618724572,3695,1.1390931305566327,1e-16,1e-16,1e-16,3695
3,0.8940496222906735,86.02274987015385,3736,1.1410310232659282,1e-16,1e-16,1e-16,3736
4,0.8942574527813141,85.93073707537614,3731,1.140761859138278,1e-16,1e-16,1e-16,3731
