Sample,M0,M1,M3,Tau,Permeability,Energy,M1_Moose,M3_ana
1,0.9235555278894463,66.18946239556779,4046,1.1807617926658756,1e-16,1e-16,1e-16,2933
2,0.9236569331046863,66.055537643805,4018,1.1793726492573458,1e-16,1e-16,1e-16,2927
3,0.9234591427343666,66.26917832577334,4040,1.1809387419592974,1e-16,1e-16,1e-16,2936
4,0.9234551266862382,66.17469770344763,4028,1.1803249740733184,1e-16,1e-16,1e-16,2930
