Sample,M0,M1,M3,Tau,Permeability,Energy,M1_Moose,M3_ana
1,0.9392402038546029,37.11001403887587,1547,1.0997410956316391,3.670532811143269e-05,-3.672546161753463e-05,37.376289792697,1547
2,0.9391638989401649,37.16299373496027,1550,1.0994098953945528,3.6641235109977836e-05,-3.710284586178948e-05,37.424041691394,1550
4,0.9391980353492556,37.124230142309216,1548,1.0994792463506828,3.7144833847231025e-05,-3.726891021645983e-05,37.411518803953,1548
8,0.9394620905136927,36.94901138213796,1540,1.0985938956861228,3.684857588950582e-05,-3.7384781935685316e-05,37.228908207049,1540
12,0.9391950233131594,37.102008955937954,1546,1.1002465636497967,3.723294671619169e-05,-3.7369645054018834e-05,37.36834388151,1546
16,0.9393918096714471,37.04851336773238,1544,1.0993977071224346,3.6155771905090304e-05,-3.593784524235457e-05,37.293282761466,1544
20,0.9397602820872205,36.78753230152499,1534,1.0986565860672715,3.729564044188587e-05,-3.7071777497804994e-05,37.069599997384,1534
23,0.9391187183987213,37.1912054806332,1550,1.1002558392459123,3.723738357680997e-05,-3.73366593493241e-05,37.456412388192,1550
