Sample,M0,M1,M3,Tau,Permeability,Energy,M1_Moose,M3_ana
1,0.9200515258974864,68.91973785887771,3069,1.0938103502157062,1e-16,1e-16,1e-16,3069
2,0.9205093553841149,68.58319789107787,3055,1.093141890143235,1e-16,1e-16,1e-16,3055
3,0.9196870695298413,69.2519696967605,3084,1.0947928069665747,1e-16,1e-16,1e-16,3084
4,0.9200726101501601,68.85501665858843,3065,1.0936619532804486,1e-16,1e-16,1e-16,3065
