Sample,M0,M1,M3,Tau,Permeability,Energy,M1_Moose,M3_ana
1,0.9270354335926362,59.28047426823004,2567,1.096105941793806,1e-16,1e-16,1e-16,2567
2,0.9271639471327424,59.183003154554655,2567,1.0954025828062788,1e-16,1e-16,1e-16,2567
3,0.9268215790298031,59.4354795939858,2578,1.0965513726711196,1e-16,1e-16,1e-16,2578
4,0.9268396512463806,59.41758965749486,2575,1.0959540615824608,1e-16,1e-16,1e-16,2575
5,0.9266759972851515,59.488475638353016,2582,1.096748934581892,1e-16,1e-16,1e-16,2582
