Sample,M0,M1,M3,Tau,Permeability,Energy,M1_Moose,M3_ana
1,0.8634041630354898,83.54043287683278,3484,1.2369987217086849,7.005849704290194e-06,-6.9111552860244875e-06,84.082097748838,3484
2,0.8643509463817415,82.9817188704813,3459,1.2329943767045555,7.171870650641994e-06,-7.074804238480887e-06,83.497515598809,3459
3,0.863119023618379,83.74308475619404,3490,1.2367745877890493,6.963345478620831e-06,-6.908616786475679e-06,84.21432341648,3490
4,0.8633981389632973,83.54969697688729,3482,1.2351626590797056,7.052830658516011e-06,-6.955215278244543e-06,84.047530406286,3482
5,0.8637284589218517,83.38826694112277,3479,1.232219890705939,6.942891865279557e-06,-6.805602449222382e-06,83.922991066383,3479
6,0.8637123947293385,83.3884343907095,3478,1.233238886231188,6.9741562901121325e-06,-6.8954704467376175e-06,83.961583246342,3479
7,0.8648178119766587,82.70948230054645,3447,1.2329226843020504,7.076391936633242e-06,-6.922141284760777e-06,83.152523495611,3447
