Sample,M0,M1,M3,Tau,Permeability,Energy,M1_Moose,M3_ana
1,0.901079714539299,80.33853037116295,3484,1.1311821287662305,1e-16,1e-16,1e-16,3484
2,0.9017704748173702,79.74175526707302,3459,1.1300571354041382,1e-16,1e-16,1e-16,3459
3,0.901078710527267,80.30186981524267,3490,1.1309155489862222,1e-16,1e-16,1e-16,3490
4,0.9012072240673732,80.23274520026136,3482,1.1308501165717546,1e-16,1e-16,1e-16,3482
