Sample,M0,M1,M3,Tau,Permeability,Energy,M1_Moose,M3_ana
1,0.9468887675149898,54.890513367202296,3461,1.1418255264192203,1.4965191305863711e-05,-1.468396461961773e-05,62.580963660791,2640
2,0.9468174826607122,54.94737778093569,3479,1.1407317535169068,1e-16,1e-16,1e-16,2636
3,0.9466086481580396,55.15301221812945,3458,1.1395142325473593,1e-16,1e-16,1e-16,2656
4,0.9467451937944025,55.079964579089705,3481,1.1404681201745146,1e-16,1e-16,1e-16,2646
5,0.9466136682181999,55.181155765749224,3544,1.1422375939742446,1e-16,1e-16,1e-16,2653
