Sample,M0,M1,M3,Tau,Permeability,Energy,M1_Moose,M3_ana
1,0.8313109184300465,93.42455588572598,3677,1.3008772810719198,1e-16,1e-16,1e-16,3678
2,0.8314735683792435,93.31773893058202,3673,1.300038708193042,1e-16,1e-16,1e-16,3673
3,0.83030389436187,93.91065640374482,3696,1.3031306041310837,1e-16,1e-16,1e-16,3696
4,0.8302546977722981,94.00422364656647,3700,1.303550838531525,1e-16,1e-16,1e-16,3700
5,0.8311743727936836,93.35368625315063,3671,1.3004004136561207,1e-16,1e-16,1e-16,3671
