Sample,M0,M1,M3,Tau,Permeability,Energy,M1_Moose,M3_ana
1,0.8584634198256232,86.42639383820647,3607,1.0979675054226852,4.692102212758005e-06,-4.592056469539723e-06,87.00827249047,3607
2,0.8591822924405926,86.04598997799467,3587,1.0973951204356216,4.7487236232103045e-06,-4.6568061566596124e-06,86.622367500471,3590
