Sample,M0,M1,M3,Tau,Permeability,Energy,M1_Moose,M3_ana
1,0.9356508608399163,66.43172313160015,4233,1.170884415660583,1e-16,1e-16,1e-16,3194
2,0.9358486512102361,66.31196147166371,4248,1.1716424714500167,1e-16,1e-16,1e-16,3190
3,0.9353506612423244,66.73278823394789,4210,1.1734380061679066,1e-16,1e-16,1e-16,3207
4,0.9354360022650512,66.81546195893746,4266,1.1703887129881625,1e-16,1e-16,1e-16,3200
