Sample,M0,M1,M3,Tau,Permeability,Energy,M1_Moose,M3_ana
1,0.8477094469500123,83.09861033459919,3309,1.3122243823355109,1e-16,1e-16,1e-16,3309
2,0.847668282456697,83.10240257239505,3309,1.3105636225550936,1e-16,1e-16,1e-16,3309
3,0.8473028220770198,83.45751581839373,3329,1.3133103130027788,1e-16,1e-16,1e-16,3329
4,0.8473961951960032,83.38990618321029,3325,1.3134369859414436,1e-16,1e-16,1e-16,3325
5,0.8474494078337035,83.30869839317015,3323,1.3122167807125338,1e-16,1e-16,1e-16,3323
