Sample,M0,M1,M3,Tau,Permeability,Energy,M1_Moose,M3_ana
1,0.9896476319372212,6.308467190516904,263,1.0250438398727613,0.0006209623512785595,-0.0006162813758535181,6.3488348340959,263
2,0.9895823711551359,6.359836622028414,265,1.0252428136188183,0.0005831122705790582,-0.0005952522259927977,6.4085319316342,265
3,0.9897028525989855,6.300652677129027,263,1.0249360403494236,0.0006081290642955124,-0.0006076401149449307,6.3625918449707,263
4,0.9896918084666326,6.3056345721516385,263,1.0245601390464718,0.0005626502199911357,-0.0005906867862500831,6.3601272764557,263
8,0.9896687161898948,6.333346773986213,264,1.0251250034650865,0.0005915805569094737,-0.0006089245232726871,6.3898374530973,264
12,0.989634579780804,6.334457494720752,264,1.0252061667224994,0.000628191480010194,-0.0006219623447373961,6.3927315764843,264
16,0.989721928827595,6.2864991619050565,262,1.0247550805959922,0.0005788170268813297,-0.0005894904557039335,6.3412108985952,262
20,0.9896094794800021,6.335282361130248,264,1.025106474505477,0.0006350102398170636,-0.0006636426169166759,6.3798282216532,264
23,0.9896847803824081,6.306896394190108,263,1.0251058932862394,0.000553703692821385,-0.0005761813428398892,6.3470141024017,263
