Sample,M0,M1,M3,Tau,Permeability,Energy,M1_Moose,M3_ana
1,0.9759609399159039,14.699531509628114,613,1.0173070218721194,0.00015653769785772852,-0.00016050684394947368,14.806704359091,613
2,0.9758886510495942,14.735002408321645,615,1.017215580054357,0.0001481843418295845,-0.00015142495509241,14.840682012372,615
3,0.975836442423926,14.738088184446319,614,1.0173739867061427,0.00014814904111268697,-0.00015403695598725762,14.858404251027,614
