Sample,M0,M1,M3,Tau,Permeability,Energy,M1_Moose,M3_ana
1,0.8082577981614532,97.04662225795059,3713,1.2862182271519953,6.102852421987369e-06,-5.970106591607203e-06,89.520132926691,3713
2,0.8096634150063654,96.27628209326699,3680,1.287337682191926,1e-16,1e-16,1e-16,3681
3,0.8073421391881961,97.41986621667537,3726,1.292323802419479,1e-16,1e-16,1e-16,3726
4,0.8082487620531644,96.95441608870098,3707,1.289905058433752,1e-16,1e-16,1e-16,3708
5,0.8084987610491524,96.85554162828558,3702,1.2891386552150985,1e-16,1e-16,1e-16,3704
6,0.8107306797964667,95.67344706998553,3656,1.283340710896198,1e-16,1e-16,1e-16,3658
7,0.8079937429970161,97.14475756012918,3716,1.29236332493044,1e-16,1e-16,1e-16,3717
8,0.8104083919341689,95.8518074228104,3666,1.284292548548546,1e-16,1e-16,1e-16,3666
9,0.8097959445946,96.19833033386014,3679,1.2880485812219666,1e-16,1e-16,1e-16,3679
