Sample,M0,M1,M3,Tau,Permeability,Energy,M1_Moose,M3_ana
1,0.853027698683941,80.2039296957596,3194,1.300008799035678,1e-16,1e-16,1e-16,3194
2,0.853240549234742,80.08133261253597,3190,1.2975472698505606,1e-16,1e-16,1e-16,3190
3,0.8528098280729797,80.42081683175888,3207,1.300689998773954,1e-16,1e-16,1e-16,3207
4,0.8531883406090739,80.24277222490285,3200,1.3000284327631333,1e-16,1e-16,1e-16,3200
5,0.8532676575596082,80.13612949102613,3197,1.2990520558804624,1e-16,1e-16,1e-16,3197
