Sample,M0,M1,M3,Tau,Permeability,Energy,M1_Moose,M3_ana
1,0.8890114899136952,86.48813840661713,4431,1.2407612549809313,6.282113483055734e-06,-6.051552002744931e-06,93.716138319488,3683
2,0.8901711238107477,85.65380265652016,4403,1.2379774754407318,1e-16,1e-16,1e-16,3646
3,0.8890526544070104,86.52608390453916,4430,1.2413027005319273,1e-16,1e-16,1e-16,3686
4,0.8891018509965823,86.44424181763954,4442,1.2425087984297378,1e-16,1e-16,1e-16,3674
