Sample,M0,M1,M3,Tau,Permeability,Energy,M1_Moose,M3_ana
1,0.9492421717181859,31.023538532786603,1294,1.036340870631386,4.340002324943712e-05,-4.4209598681460394e-05,31.250132272943,1294
2,0.9490473933839623,31.115797713643232,1298,1.0365358537849947,4.35561330616554e-05,-4.37075061772964e-05,31.326164617058,1298
