Sample,M0,M1,M3,Tau,Permeability,Energy,M1_Moose,M3_ana
1,0.9061961598547797,57.70233631804435,2345,1.177333446190668,1.4739307965122439e-05,-1.4480720633008311e-05,62.759381406614,2345
2,0.9064933474162754,57.51819232375068,2338,1.1754451316522871,1e-16,1e-16,1e-16,2338
3,0.9059883293641391,57.79965633041579,2347,1.1774264947596729,1e-16,1e-16,1e-16,2347
4,0.9057523865366003,57.93522404331711,2354,1.1774942006232985,1e-16,1e-16,1e-16,2354
5,0.9066770816181461,57.550846952361766,2343,1.1766507520225342,1e-16,1e-16,1e-16,2343
