Sample,M0,M1,M3,Tau,Permeability,Energy,M1_Moose,M3_ana
1,0.9137854868052738,74.65897473175379,4574,1.2063748619151935,1e-16,1e-16,1e-16,3309
2,0.9137463303360227,74.66810688370906,4551,1.2051835729938924,1e-16,1e-16,1e-16,3309
3,0.9132332801876297,75.13825305238099,4597,1.207945858394849,1e-16,1e-16,1e-16,3329
4,0.9132724366568808,75.04790633870512,4570,1.2072080594606218,1e-16,1e-16,1e-16,3325
