Sample,M0,M1,M3,Tau,Permeability,Energy,M1_Moose,M3_ana
1,0.9576025799093176,43.99176086097953,3549,1.1178857738687145,2.3624887516532966e-05,-2.32515910531723e-05,49.983836507346,2108
2,0.9576015758972856,43.95996379534358,3548,1.1171421783679956,1e-16,1e-16,1e-16,2107
3,0.9571979630603893,44.374353466094774,3590,1.1186458614464034,1e-16,1e-16,1e-16,2124
4,0.9575102108023662,44.0790285702112,3576,1.1174878344581451,2.304798971076122e-05,-2.2708269608561774e-05,50.105314451856,2113
5,0.957532299067072,44.0856235347286,3514,1.1178548495769984,1e-16,1e-16,1e-16,2116
