Sample,M0,M1,M3,Tau,Permeability,Energy,M1_Moose,M3_ana
1,0.8516883466331461,90.22213682151342,3724,1.4098448757923359,1e-16,1e-16,1e-16,3724
2,0.8527335231585416,89.56036820617011,3695,1.4060114283780678,1e-16,1e-16,1e-16,3695
3,0.8510718832454488,90.52356390975649,3736,1.411645333541606,1e-16,1e-16,1e-16,3736
4,0.8508329283818137,90.50391260738873,3730,1.4135755929733718,1e-16,1e-16,1e-16,3731
5,0.852350994574319,89.79163889518951,3707,1.4067355938414885,1e-16,1e-16,1e-16,3707
