Sample,M0,M1,M3,Tau,Permeability,Energy,M1_Moose,M3_ana
1,0.9827299890361886,10.530354445093597,439,1.0423100310809212,0.00030462094705761773,-0.0003108462426865374,10.603481150412,439
2,0.9827540853249586,10.533265999951057,439,1.042034930075846,0.00031549521674792245,-0.0003192652745049308,10.602830471324,439
3,0.9827671374813756,10.528037718849502,439,1.0418764813805257,0.00029199959795279777,-0.0002977162805295291,10.624409113308,439
4,0.9827801896377926,10.529053154809029,439,1.0416840596325203,0.0002899596707382825,-0.000301363512244543,10.617247684996,439
8,0.98282235814314,10.506680867133841,438,1.0419940392250195,0.00029054038052432136,-0.0002980464334681441,10.603224979748,438
12,0.9827229609519641,10.555789388930176,440,1.0423162176310619,0.00030905343871335183,-0.0003054523632103047,10.643381559144,440
16,0.982885610901161,10.461308766604466,436,1.0414515612732143,0.0003010554557858172,-0.0003076822335499169,10.554598425246,436
20,0.982709908795547,10.553242624889954,440,1.0421720662107294,0.00030845803592742386,-0.0003163615357328532,10.630454675166,440
23,0.9827761735896643,10.532480601787661,439,1.0422584396002512,0.00030124601346548477,-0.00030800544921817175,10.604523781619,439
