Sample,M0,M1,M3,Tau,Permeability,Energy,M1_Moose,M3_ana
1,0.9388134987409689,47.60562464389738,2032,1.0894088912745308,1.9187680370847648e-05,-1.892562460115679e-05,51.741769953809,2029
2,0.9388255468853539,47.569098840998215,2031,1.0884051645259893,1e-16,1e-16,1e-16,2030
3,0.9382050674495284,47.99177267733189,2046,1.090240748229995,1e-16,1e-16,1e-16,2045
4,0.9387311697543383,47.70045370875751,2033,1.089382558916962,1.9007953500840996e-05,-1.8906546487404986e-05,51.845836846943,2033
5,0.938465106565837,47.79619615312168,2039,1.0895028789048764,1e-16,1e-16,1e-16,2039
7,0.9386327765751945,47.71835999353125,2035,1.0890786320191987,1e-16,1e-16,1e-16,2034
