Sample,M0,M1,M3,Tau,Permeability,Energy,M1_Moose,M3_ana
1,0.8325458532295051,88.48340140194892,3484,1.1709557081583586,1e-16,1e-16,1e-16,3484
2,0.833708499162654,87.85945987978933,3459,1.1695445837500649,1e-16,1e-16,1e-16,3459
3,0.832256697764266,88.63467030643773,3490,1.1709514086401684,1e-16,1e-16,1e-16,3490
4,0.8326181420958149,88.44524898619406,3482,1.1705689810991402,1e-16,1e-16,1e-16,3482
5,0.8328370167188084,88.34596069011293,3479,1.1705351764625387,1e-16,1e-16,1e-16,3479
