Sample,M0,M1,M3,Tau,Permeability,Energy,M1_Moose,M3_ana
1,0.8220408753378501,94.05175798326178,3704,1.3264371904869172,1e-16,1e-16,1e-16,3704
2,0.8225810338111091,93.76818136326354,3692,1.3259184579913206,1e-16,1e-16,1e-16,3693
3,0.8215609575865157,94.31637341428065,3715,1.3285232615166556,1e-16,1e-16,1e-16,3715
4,0.8218360568833057,94.1510462793429,3707,1.3281569695639346,1e-16,1e-16,1e-16,3708
5,0.8225509134501467,93.79819394305939,3695,1.3250058875571167,1e-16,1e-16,1e-16,3695
