Sample,M0,M1,M3,Tau,Permeability,Energy,M1_Moose,M3_ana
1,0.835073955526283,87.14293385420198,3431,1.1684392198542572,1e-16,1e-16,1e-16,3431
2,0.8363912193123723,86.43889526273678,3403,1.1665552774706682,1e-16,1e-16,1e-16,3403
3,0.8348209444941989,87.27256005265008,3436,1.1684760364747167,1e-16,1e-16,1e-16,3436
4,0.8349675302508826,87.20272897599757,3433,1.168063644226315,1e-16,1e-16,1e-16,3433
5,0.8352044770904534,87.09775232322264,3430,1.1681885939938017,1e-16,1e-16,1e-16,3430
