Sample,M0,M1,M3,Tau,Permeability,Energy,M1_Moose,M3_ana
1,0.9392914084682391,37.09293686917904,1547,1.0433550514485985,3.0710164156284766e-05,-3.089685998112687e-05,37.360376086153,1547
2,0.9391930152890953,37.160832358687536,1550,1.043460880804839,3.0497459085790582e-05,-3.093589734268033e-05,37.421126145795,1550
