Sample,M0,M1,M3,Tau,Permeability,Energy,M1_Moose,M3_ana
1,0.9563084083999662,40.61193031076707,2295,1.1037744094937936,2.753530395485651e-05,-2.7294821875981165e-05,45.383620803924,1870
2,0.9563325046887362,40.575571957454656,2278,1.1037678488335183,1e-16,1e-16,1e-16,1871
3,0.9560945538371332,40.832198653818445,2287,1.1049691130798442,1e-16,1e-16,1e-16,1880
4,0.9563857173264364,40.513276311545425,2259,1.1016590199269847,2.764220985926759e-05,-2.7688604451423823e-05,45.341267296823,1868
5,0.9562341115095924,40.65089801632908,2299,1.1045992237998155,1e-16,1e-16,1e-16,1879
7,0.9562933482194851,40.58971589607628,2287,1.1022212967992626,2.8126987130920778e-05,-2.7667941559807204e-05,45.398014644419,1871
11,0.9564449540363291,40.415712718016934,2252,1.103122318484489,2.8040872268354574e-05,-2.81465320936e-05,45.251823321695,1863
18,0.9563535889414099,40.584388363441136,2263,1.1048418472212027,2.8209944257664268e-05,-2.804351890850083e-05,45.374844524588,1870
