Sample,M0,M1,M3,Tau,Permeability,Energy,M1_Moose,M3_ana
1,0.9134642029550082,81.03290364197314,5570,1.2275467826168118,1e-16,1e-16,1e-16,3713
2,0.9141941197023306,80.39584319375382,5529,1.225251114432696,1e-16,1e-16,1e-16,3681
3,0.913060590118112,81.4269124287221,5606,1.2292840252562984,1e-16,1e-16,1e-16,3726
4,0.9136720334456488,80.90754610519598,5575,1.2282101207052298,1e-16,1e-16,1e-16,3708
