Sample,M0,M1,M3,Tau,Permeability,Energy,M1_Moose,M3_ana
1,0.955842546817081,26.98280778541546,1125,1.0718760538711671,6.63185050870338e-05,-6.764096096890304e-05,27.18460880774,1125
2,0.9558445548411452,26.964671462845587,1125,1.0713283188705918,6.49062798330061e-05,-6.516336255591247e-05,27.157239825738,1125
4,0.9556015839293818,27.11830333350505,1130,1.0717458823962585,6.341526654045762e-05,-6.455335350924765e-05,27.31809662369,1130
8,0.9557280894454239,27.02603738096796,1126,1.07151941971249,6.252494352356121e-05,-6.315745754715014e-05,27.220518747252,1126
12,0.9554901385938209,27.14772108468754,1131,1.0725250939302788,6.551481977257286e-05,-6.702072524582271e-05,27.338726348207,1131
16,0.9559088116111983,26.927169692233004,1121,1.0711203575963453,6.223882591420389e-05,-6.250570006577729e-05,27.103434495264,1121
20,0.9558033903478299,26.97258126100848,1125,1.071370396128305,6.410397181006759e-05,-6.379151193952133e-05,27.19222361892,1125
23,0.9557090132168143,27.056224182031023,1127,1.0723228356053418,6.443741879378836e-05,-6.518953571855402e-05,27.259929780053,1127
