Sample,M0,M1,M3,Tau,Permeability,Energy,M1_Moose,M3_ana
1,0.9544730744053237,47.22585026805992,3793,1.1268590266736709,1e-16,1e-16,1e-16,2263
2,0.9545764876446279,47.1023099136885,3808,1.1259600870312338,1e-16,1e-16,1e-16,2257
3,0.9541989791205657,47.49359771513003,3829,1.1275574794806171,1e-16,1e-16,1e-16,2274
4,0.9541869309761808,47.504402719867564,3831,1.127350715786925,1e-16,1e-16,1e-16,2277
5,0.9544660463210991,47.251008934173804,3769,1.1264448661010311,1e-16,1e-16,1e-16,2269
