Sample,M0,M1,M3,Tau,Permeability,Energy,M1_Moose,M3_ana
1,0.8753107417239289,75.78297540053616,3125,1.332468305441341,1e-16,1e-16,1e-16,3125
2,0.8753810225661744,75.78107928163823,3125,1.3307919815806657,1e-16,1e-16,1e-16,3125
3,0.8744814277854306,76.26970624865588,3146,1.3351858001963985,1e-16,1e-16,1e-16,3146
4,0.8745838370127028,76.04824147669733,3132,1.3331021303975097,1e-16,1e-16,1e-16,3132
5,0.875150099798796,75.8608510283727,3130,1.3327523892547477,1e-16,1e-16,1e-16,3130
