Sample,M0,M1,M3,Tau,Permeability,Energy,M1_Moose,M3_ana
1,0.9499178718157758,51.95568041160002,4193,1.1405862484643763,1e-16,1e-16,1e-16,2489
2,0.9498937755270059,51.92893740579841,4187,1.1395879273737946,1e-16,1e-16,1e-16,2488
3,0.9497120493491994,52.156541033440696,4209,1.141305672247013,1e-16,1e-16,1e-16,2499
4,0.949720081445456,52.121816064664465,4194,1.1403562390979365,1e-16,1e-16,1e-16,2498
5,0.9496919691085578,52.20135100192234,4169,1.1409438831573493,1e-16,1e-16,1e-16,2505
