Sample,M0,M1,M3,Tau,Permeability,Energy,M1_Moose,M3_ana
1,0.9591929349681326,42.34017358407173,3421,1.1131412641175598,2.5176503953468143e-05,-2.4674219299840445e-05,48.10760153825,2029
2,0.9591577945470099,42.35114603839601,3420,1.112621981760709,1e-16,1e-16,1e-16,2030
3,0.9587722539266911,42.727629679471285,3456,1.114083896970887,1e-16,1e-16,1e-16,2045
4,0.9591005658611813,42.42213407570965,3438,1.1129799613928213,2.499923298018726e-05,-2.477066866032133e-05,48.211480447438,2033
5,0.9590784775964755,42.477591175944426,3389,1.1134186970570474,1e-16,1e-16,1e-16,2039
7,0.9591387183184004,42.39689927802545,3407,1.112409302467609,2.5462148535717452e-05,-2.4957239110470917e-05,48.172215871562,2034
