Sample,M0,M1,M3,Tau,Permeability,Energy,M1_Moose,M3_ana
1,0.9209591527744868,64.13467291872145,2784,1.2265419900226684,1e-16,1e-16,1e-16,2784
2,0.9209350564857169,64.12971414366211,2783,1.2251775200328052,1e-16,1e-16,1e-16,2783
3,0.9205244155645961,64.47569523770554,2795,1.2285990876496975,1e-16,1e-16,1e-16,2795
4,0.9209079481608508,64.26617888778468,2787,1.227330620445105,1e-16,1e-16,1e-16,2787
5,0.9205485118533661,64.51850422591187,2800,1.2277406666969357,1e-16,1e-16,1e-16,2800
