Sample,M0,M1,M3,Tau,Permeability,Energy,M1_Moose,M3_ana
1,0.8529564138296634,94.06334901838297,3680,1.281605931357355,1e-16,1e-16,1e-16,3683
2,0.854480504094361,93.06087150635099,3646,1.2773720298845006,1e-16,1e-16,1e-16,3646
3,0.8527746876518568,94.17469620772295,3686,1.2817657929289392,1e-16,1e-16,1e-16,3686
4,0.8532204689941004,93.82106804987839,3671,1.2790186276498934,1e-16,1e-16,1e-16,3674
5,0.853378098883137,93.71247057565293,3670,1.281065321092487,1e-16,1e-16,1e-16,3670
