Sample,M0,M1,M3,Tau,Permeability,Energy,M1_Moose,M3_ana
1,0.837778763940707,85.71668088045564,3375,1.1654762048844063,1e-16,1e-16,1e-16,3375
2,0.8386020538070128,85.27078396515209,3357,1.1642411807147925,1e-16,1e-16,1e-16,3357
3,0.8372767579246669,85.97537791698456,3385,1.1658536209939212,1e-16,1e-16,1e-16,3385
4,0.8377968361572845,85.70585952743527,3374,1.1652598105982703,1e-16,1e-16,1e-16,3374
5,0.8379624981425777,85.63200617519074,3372,1.1653308110165472,1e-16,1e-16,1e-16,3372
