Sample,M0,M1,M3,Tau,Permeability,Energy,M1_Moose,M3_ana
1,0.9512210794334159,42.04560900719294,1870,1.1525055451598025,3.279376616401219e-05,-3.2695508271123545e-05,46.303956809434,1870
2,0.9511538106272666,42.06891779433546,1871,1.1524464899247544,1e-16,1e-16,1e-16,1871
3,0.9508003983919743,42.3510420227452,1880,1.1531974998026646,1e-16,1e-16,1e-16,1880
4,0.9513325247689768,41.98133153421311,1868,1.1519837775935688,3.2645134944698065e-05,-3.275416365906925e-05,46.262212451999,1868
5,0.9511026060136305,42.1636679227034,1879,1.1527875016908131,1e-16,1e-16,1e-16,1879
7,0.9511487905671061,42.070583875437265,1871,1.1513436606881897,3.3192267899706376e-05,-3.274255224527646e-05,46.311673596308,1871
11,0.9514369420203131,41.8603215955991,1863,1.1515139834906547,3.343301878687867e-05,-3.3674965193925764e-05,46.162164493326,1863
18,0.9513144525523994,41.977539296417234,1870,1.1518902734589507,3.3170772991294186e-05,-3.299683302046537e-05,46.267660576962,1870
