Sample,M0,M1,M3,Tau,Permeability,Energy,M1_Moose,M3_ana
1,0.9137423142878944,80.27935299860435,3704,1.3328349742885435,1e-16,1e-16,1e-16,3704
2,0.9139170123814764,80.09192308203363,3693,1.3317795715234884,1e-16,1e-16,1e-16,3693
3,0.9133708298360248,80.63054602546653,3714,1.3358843616108522,1e-16,1e-16,1e-16,3715
4,0.9136449251207827,80.516660486852,3708,1.335718521047087,1e-16,1e-16,1e-16,3708
