Sample,M0,M1,M3,Tau,Permeability,Energy,M1_Moose,M3_ana
1,0.957645752426697,43.652328656665325,2108,1.1764133300322623,3.139524724502493e-05,-3.1259664834727974e-05,49.962807858279,2108
2,0.9576096079935422,43.69088533148354,2107,1.1757447291550929,1e-16,1e-16,1e-16,2107
3,0.9572893281553086,44.033415858585045,2124,1.17799631207747,1e-16,1e-16,1e-16,2124
4,0.9574730623571793,43.792529822054846,2113,1.1761957162560974,3.062839485783379e-05,-3.0419137096284765e-05,50.077118346975,2113
5,0.9574720583451473,43.82568399450428,2116,1.1768641120045031,1e-16,1e-16,1e-16,2116
