Sample,M0,M1,M3,Tau,Permeability,Energy,M1_Moose,M3_ana
1,0.9453676892863884,56.43280512297909,3585,1.1442650075912137,1.4384661113772854e-05,-1.4125557504818838e-05,64.256138103495,2711
2,0.9455915839695422,56.284470893311024,3597,1.1449980731712173,1e-16,1e-16,1e-16,2709
3,0.9450032329187433,56.744917168136205,3676,1.1442734826955123,1e-16,1e-16,1e-16,2731
4,0.9453566451540355,56.51189072308375,3618,1.141701661432676,1e-16,1e-16,1e-16,2715
5,0.9450132730390641,56.776134591604915,3602,1.1445309773769348,1e-16,1e-16,1e-16,2734
