Sample,M0,M1,M3,Tau,Permeability,Energy,M1_Moose,M3_ana
1,0.9067222621595897,51.59404176031346,2029,1.1572124618021304,1.8237996769068145e-05,-1.8045320741316344e-05,56.069615942503,2029
2,0.9066710575459537,51.62733068578401,2030,1.156733430453053,1e-16,1e-16,1e-16,2030
3,0.9060475660740318,51.98837586963356,2045,1.1584049441576276,1e-16,1e-16,1e-16,2045
4,0.9065937486194835,51.695748839094136,2033,1.1571080701807237,1.807758957559003e-05,-1.8076940226464266e-05,56.198860014166,2033
5,0.9060786904470263,51.90003690791345,2039,1.158641843625759,1e-16,1e-16,1e-16,2039
15,0.9074963554363236,51.18848203890967,2014,1.155480414745934,1.8433270203588922e-05,-1.8721255258622717e-05,55.617610673343,2014
19,0.9068166392906053,51.54498905504604,2027,1.1553609213313247,1.8162605577131304e-05,-1.8061977800308033e-05,56.030358672671,2027
23,0.9065495720900719,51.67268643803057,2031,1.158104528201954,1.8571499819513576e-05,-1.8423541547525763e-05,56.129770470135,2031
