Sample,M0,M1,M3,Tau,Permeability,Energy,M1_Moose,M3_ana
1,0.8786249854418255,67.13758503076465,2640,1.2084096204391779,1.050997248237374e-05,-1.037120466272554e-05,72.942095811264,2640
2,0.8788900446182947,67.00638126430931,2636,1.2061902143842178,1e-16,1e-16,1e-16,2636
3,0.8779382412118827,67.51473566526504,2656,1.2098784821418203,1e-16,1e-16,1e-16,2656
4,0.8783468741089393,67.30609999828258,2646,1.2082896103140877,1e-16,1e-16,1e-16,2646
5,0.877979405705198,67.46953101432241,2653,1.2097788295186194,1e-16,1e-16,1e-16,2653
