Sample,M0,M1,M3,Tau,Permeability,Energy,M1_Moose,M3_ana
1,0.8747806233709905,76.95447630577196,3125,1.2433077023269017,1e-16,1e-16,1e-16,3125
2,0.8749663655969253,76.89479281703422,3125,1.2407850066304724,1e-16,1e-16,1e-16,3125
3,0.8739713896731338,77.47673783587271,3146,1.2445879169090643,1e-16,1e-16,1e-16,3146
4,0.874549700603612,77.07590685173213,3132,1.2426322504725786,1e-16,1e-16,1e-16,3132
5,0.875049698595588,76.97736448556833,3130,1.243988186741851,1e-16,1e-16,1e-16,3130
