Sample,M0,M1,M3,Tau,Permeability,Energy,M1_Moose,M3_ana
1,0.8883900064658374,86.75498734451921,3704,1.294758063107265,7.56779133831302e-06,-7.3694623910150695e-06,94.276809412021,3704
2,0.8888287597238566,86.45796367096818,3693,1.2935849307148088,1e-16,1e-16,1e-16,3693
3,0.888021534050064,87.06381511048446,3715,1.2970003583335938,1e-16,1e-16,1e-16,3715
4,0.8883518540086185,86.91631532382824,3708,1.2965842453627,1e-16,1e-16,1e-16,3708
