Sample,M0,M1,M3,Tau,Permeability,Energy,M1_Moose,M3_ana
1,0.9209842530752889,64.38080273890947,3541,1.1749038783625314,1e-16,1e-16,1e-16,2784
2,0.9209963012196738,64.41033889483025,3548,1.1740813609769176,1e-16,1e-16,1e-16,2783
3,0.9206760213814402,64.69505612720677,3581,1.1757876781252483,1e-16,1e-16,1e-16,2795
4,0.9209471046301019,64.45749548119973,3556,1.174524469976852,1e-16,1e-16,1e-16,2787
5,0.9206699973092477,64.71345518413841,3535,1.1757372063916998,1e-16,1e-16,1e-16,2800
