Sample,M0,M1,M3,Tau,Permeability,Energy,M1_Moose,M3_ana
1,0.8873980425781423,62.59030328794167,2345,1.179030589081849,4.618677512488975e-06,-4.526165080977397e-06,101.82337649097,2345
2,0.8877273585246646,62.483459246075874,2338,1.1770012994982786,1e-16,1e-16,1e-16,2338
3,0.8872765571222605,62.66583229789036,2347,1.1792674989380472,1e-16,1e-16,1e-16,2347
4,0.8870948309444541,62.862131632054584,2354,1.179082474580816,1e-16,1e-16,1e-16,2354
5,0.8876179212131678,62.588787146307105,2343,1.1779468116881504,1e-16,1e-16,1e-16,2343
