Sample,M0,M1,M3,Tau,Permeability,Energy,M1_Moose,M3_ana
1,0.9315083071955534,64.07737486973075,4404,1.1758805510059762,1e-16,1e-16,1e-16,2933
2,0.9317603142156056,63.929263906178356,4413,1.1745746158674701,1e-16,1e-16,1e-16,2927
3,0.9314560985698853,64.15494829495941,4414,1.175908552687727,1e-16,1e-16,1e-16,2936
4,0.9316699531327184,63.95938811903204,4393,1.1745992862598937,1e-16,1e-16,1e-16,2930
