Sample,M0,M1,M3,Tau,Permeability,Energy,M1_Moose,M3_ana
1,0.8250308231693848,92.45694099714905,3640,1.3199466921614447,1e-16,1e-16,1e-16,3641
2,0.8250749996987964,92.45125264045525,3641,1.3200112138253361,1e-16,1e-16,1e-16,3641
3,0.8239324340062891,93.05600293583932,3665,1.3227716639590115,1e-16,1e-16,1e-16,3665
4,0.8236412705169859,93.19265824951191,3669,1.3235080592491235,1e-16,1e-16,1e-16,3670
5,0.8251533126372986,92.42470697588412,3641,1.3192926964586238,1e-16,1e-16,1e-16,3641
