Sample,M0,M1,M3,Tau,Permeability,Energy,M1_Moose,M3_ana
1,0.903557616234473,74.75968492976067,3456,1.200051148817075,3.0830338450183935e-06,-2.971679917723214e-06,127.13991783253,3194
2,0.9037604266649532,74.5790540906183,3449,1.199707108432783,8.572865590588144e-06,-8.35501679143313e-06,81.267860100045,3190
3,0.9031760916622825,75.0116319337097,3443,1.200211870269805,8.543958775042992e-06,-8.39021981595845e-06,81.722865162978,3207
4,0.9034752872478424,74.83488581221633,3471,1.200670384693357,8.55592099658471e-06,-8.365795237356455e-06,81.554986869781,3200
