Sample,M0,M1,M3,Tau,Permeability,Energy,M1_Moose,M3_ana
1,0.9095636162103766,70.30823213683315,3002,1.2328779543949488,1.161034836591025e-05,-1.1369103830047647e-05,76.512118198573,3002
2,0.9100395179135827,69.92438448135991,2985,1.2303213394618757,1e-16,1e-16,1e-16,2985
3,0.9091851036742824,70.57147411275572,3011,1.2340652565703965,1e-16,1e-16,1e-16,3011
4,0.9094571909349761,70.41277183397911,3001,1.2334183835648667,1e-16,1e-16,1e-16,3001
