Sample,M0,M1,M3,Tau,Permeability,Energy,M1_Moose,M3_ana
1,0.9061057987718925,76.18584666805978,3309,1.2746037077398416,1e-16,1e-16,1e-16,3309
2,0.9060445540379356,76.20337181373347,3309,1.2737913760825446,1e-16,1e-16,1e-16,3309
3,0.9054321066983667,76.72209706871965,3329,1.2771407072183196,1e-16,1e-16,1e-16,3329
4,0.9056881297665471,76.62190496973685,3325,1.2767453475739827,1e-16,1e-16,1e-16,3325
