Sample,M0,M1,M3,Tau,Permeability,Energy,M1_Moose,M3_ana
1,0.9380092851032726,50.57522884240372,2771,1.134949260920552,1e-16,1e-16,1e-16,2186
2,0.9380193252235934,50.54923853819986,2787,1.134567738555915,1e-16,1e-16,1e-16,2184
3,0.9375685238211895,50.936195089761064,2821,1.1358706938697662,1e-16,1e-16,1e-16,2200
4,0.9376789651447183,50.796795670817765,2800,1.1352253321841894,1e-16,1e-16,1e-16,2196
5,0.9380062730671764,50.58529749382631,2748,1.1350420243758188,1e-16,1e-16,1e-16,2189
