Sample,M0,M1,M3,Tau,Permeability,Energy,M1_Moose,M3_ana
1,0.9357181296460657,66.67585129092471,5404,1.1843061956596896,1e-16,1e-16,1e-16,3194
2,0.9358677274388456,66.53769057405661,5385,1.182417372223481,1e-16,1e-16,1e-16,3190
3,0.9354299781928587,66.99285836109507,5442,1.1857239480883548,1e-16,1e-16,1e-16,3207
4,0.9356207404789539,66.76814994002744,5410,1.1842554803056038,1e-16,1e-16,1e-16,3200
