Sample,M0,M1,M3,Tau,Permeability,Energy,M1_Moose,M3_ana
1,0.8770577226597484,75.5729069622518,3069,1.238673800830065,1e-16,1e-16,1e-16,3069
2,0.8777555110220441,75.17931878284901,3055,1.2350771874456095,1e-16,1e-16,1e-16,3055
3,0.8764442713081474,75.95891066606285,3084,1.2392389985590215,1e-16,1e-16,1e-16,3084
4,0.877278605306806,75.41013616795661,3065,1.236783745938088,1e-16,1e-16,1e-16,3065
5,0.8777846273709744,75.28769018603693,3061,1.2381791741138208,1e-16,1e-16,1e-16,3061
