Sample,M0,M1,M3,Tau,Permeability,Energy,M1_Moose,M3_ana
1,0.9526939650844776,44.07224716804074,2029,1.0491568643636333,1.8749846374311358e-05,-1.8467696522089752e-05,49.255030670919,2029
2,0.9526437644828736,44.079506321061345,2030,1.0491048354828714,1e-16,1e-16,1e-16,2030
3,0.952248183742234,44.42872429253337,2045,1.049638656208733,1e-16,1e-16,1e-16,2045
4,0.9524881426179012,44.25747876310567,2033,1.0495651355854452,1.8623567934752356e-05,-1.850422818545928e-05,49.378953310266,2033
5,0.9525102308826069,44.20476857306348,2039,1.049616447078297,1e-16,1e-16,1e-16,2039
7,0.9526166561580074,44.15487465310375,2034,1.0491625945428813,1.8802840124632687e-05,-1.838085481835568e-05,49.3117872703,2034
