Sample,M0,M1,M3,Tau,Permeability,Energy,M1_Moose,M3_ana
1,0.9457492138585789,33.12302651019513,1381,1.1390443483552004,5.289131595695956e-05,-5.3579981560448755e-05,33.368422857017,1381
2,0.9458074465564396,33.09565597921451,1380,1.1391049371347075,5.405943701541717e-05,-5.44674506671169e-05,33.330818335087,1380
4,0.9458546351219473,33.08347751938068,1380,1.1383075602176576,5.36032063528277e-05,-5.4405416744955126e-05,33.348863718216,1380
8,0.9459239119521609,33.0380659506052,1378,1.1380001737138947,5.281731665509252e-05,-5.36759814685097e-05,33.310859226402,1378
12,0.9458114626045678,33.12515266688919,1381,1.1398361310824427,5.3949124438104164e-05,-5.414225969074128e-05,33.373796480576,1381
16,0.9461829470564376,32.89454897129489,1372,1.1378179531073953,5.400434327613296e-05,-5.416638173134848e-05,33.156991569739,1372
20,0.945976120577829,32.9986449411314,1376,1.138254646547005,5.2371815796935184e-05,-5.22883127002892e-05,33.256287378999,1376
23,0.9458556391339794,33.07613942986787,1379,1.1387551421910596,5.337522208961662e-05,-5.360405590796787e-05,33.333059912672,1379
