Sample,M0,M1,M3,Tau,Permeability,Energy,M1_Moose,M3_ana
1,0.944649820683451,44.72765802702257,2178,1.1148501095902037,2.405227148279557e-05,-2.394708322166316e-05,49.06157848829,1949
2,0.9446889771527022,44.74740461416534,2175,1.1155580111829126,1e-16,1e-16,1e-16,1950
3,0.9442331556901378,45.096379004480305,2180,1.1157417060868091,1e-16,1e-16,1e-16,1963
4,0.9445413873839864,44.87309027843552,2144,1.1151117215238522,2.3914641426695844e-05,-2.392152068815069e-05,49.116661148836,1951
5,0.9444690985176767,44.97670701947507,2176,1.11740446845013,1e-16,1e-16,1e-16,1959
7,0.9446538367315794,44.76374290753418,2154,1.116393495661375,2.445681531688532e-05,-2.4061453214382272e-05,49.113418589285,1952
