Sample,M0,M1,M3,Tau,Permeability,Energy,M1_Moose,M3_ana
1,0.8561863205368653,78.4773603545047,3125,1.2927445081272528,1e-16,1e-16,1e-16,3125
2,0.8561702563443521,78.47167199781089,3125,1.2908973650927287,1e-16,1e-16,1e-16,3125
3,0.8555236725956924,78.9109998734822,3146,1.294746001115863,1e-16,1e-16,1e-16,3146
4,0.856306801980715,78.5397417085866,3132,1.2927902370579474,1e-16,1e-16,1e-16,3132
5,0.8563941510275059,78.44715720515882,3130,1.2922672601008223,1e-16,1e-16,1e-16,3130
