Sample,M0,M1,M3,Tau,Permeability,Energy,M1_Moose,M3_ana
1,0.9557391335777768,26.99952140870093,1125,1.1118340835214726,7.661026264250749e-05,-7.831576778688421e-05,27.193712277751,1125
2,0.955842546817081,26.973356883229865,1125,1.1117564615647728,7.442249976858062e-05,-7.460290653967424e-05,27.177700725634,1125
4,0.9557220653732315,27.0818235711928,1130,1.1119370619016429,7.270028795230472e-05,-7.411791252278227e-05,27.312375711193,1130
8,0.9558114224440866,26.998775478783624,1126,1.1114641876312903,7.282112816131744e-05,-7.348108565477785e-05,27.223629669782,1126
12,0.9556086120136064,27.130432549150775,1131,1.112944960480287,7.538801313174183e-05,-7.696067921034904e-05,27.328886405971,1131
16,0.9560533893438179,26.870966462741265,1121,1.1108890191232998,7.258608945317894e-05,-7.302316030290083e-05,27.104709712837,1121
20,0.9558194545403432,26.98509838743473,1125,1.1118490245181314,7.420861313896842e-05,-7.394575092228366e-05,27.188044635824,1125
23,0.9557341135176164,27.043957009762977,1127,1.1125867791012105,7.452127493413851e-05,-7.526213173729972e-05,27.250992141158,1127
