Sample,M0,M1,M3,Tau,Permeability,Energy,M1_Moose,M3_ana
1,0.9299912450150802,65.10871802454707,3002,1.2618027983700215,1e-16,1e-16,1e-16,3002
2,0.9304460624656126,64.7415543000552,2985,1.258440609554707,1e-16,1e-16,1e-16,2985
3,0.9297312058987715,65.34793797997547,3011,1.2632530304909981,1e-16,1e-16,1e-16,3011
4,0.9300183533399464,65.1914407943851,3001,1.262216502757748,1e-16,1e-16,1e-16,3001
