Sample,M0,M1,M3,Tau,Permeability,Energy,M1_Moose,M3_ana
1,0.9188798438560488,49.24562701097755,2029,1.0585960346663836,1.623246191091191e-05,-1.612044352624266e-05,54.31100077696,2029
2,0.9190605660218232,49.22153282567164,2030,1.058171019409383,1e-16,1e-16,1e-16,2030
3,0.9183376773587255,49.61711521366929,2045,1.0589010562305838,1e-16,1e-16,1e-16,2045
4,0.9185535399456227,49.39879203436429,2033,1.058802371259602,1.6118915515680885e-05,-1.6146388491963436e-05,54.462100351203,2033
5,0.9186710093533761,49.439625967180504,2039,1.0588331629803696,1e-16,1e-16,1e-16,2039
15,0.9195856643146011,48.84870386444924,2014,1.0583065847353854,1.631120033572964e-05,-1.6596130938988366e-05,53.893649043008,2014
19,0.919008357396155,49.182039651386106,2027,1.0582057353516825,1.6098545429962328e-05,-1.6022012716698063e-05,54.278813866775,2027
23,0.9186348649202212,49.33441927660945,2031,1.0589973880169623,1.657506871068698e-05,-1.6449939587721884e-05,54.377570699111,2031
