Sample,M0,M1,M3,Tau,Permeability,Energy,M1_Moose,M3_ana
1,0.8284725764153558,93.57493510865835,3727,1.3579459129090463,1e-16,1e-16,1e-16,3727
2,0.8303550989755061,92.57672858197068,3687,1.3542140890402525,1e-16,1e-16,1e-16,3688
3,0.8279816145316685,93.92389992237096,3744,1.3614162974696933,1e-16,1e-16,1e-16,3744
4,0.8295318091092003,93.23081743694722,3719,1.3591703813989064,1e-16,1e-16,1e-16,3721
5,0.8298862253565247,92.93262722613277,3709,1.3560378759116767,1e-16,1e-16,1e-16,3709
