Sample,M0,M1,M3,Tau,Permeability,Energy,M1_Moose,M3_ana
1,0.9435393833759704,44.000238682942786,2268,1.11640889475671,2.5499432757676456e-05,-2.5256009687258726e-05,47.674752514061,1870
2,0.9436367725430822,44.00249959265796,2267,1.1161674698966828,2.5913508493346263e-05,-2.5618624990691414e-05,47.683008159446,1871
3,0.9432502279107313,44.24894600454133,2269,1.116691239318487,1e-16,1e-16,1e-16,1880
4,0.9435765318211573,43.98656159159388,2241,1.1159626601194355,2.5440330620003326e-05,-2.5442791477170083e-05,47.643190040469,1868
5,0.9432984204882712,44.18261453967917,2239,1.1171184741115747,1e-16,1e-16,1e-16,1879
7,0.9435323552917458,44.02391226090254,2247,1.1155386517557369,2.607996888272798e-05,-2.5650276211854848e-05,47.678069744742,1871
11,0.9437682981192846,43.81862510440652,2227,1.115797472495337,1e-16,1e-16,1e-16,1863
18,0.9436548447596596,43.91799233697983,2252,1.1158225056183357,2.588368950506593e-05,-2.5641324609900277e-05,47.64488316751,1870
