Sample,M0,M1,M3,Tau,Permeability,Energy,M1_Moose,M3_ana
1,0.8269123417175032,96.4120630144331,3606,1.2843467675560274,1e-16,1e-16,1e-16,3607
2,0.8277466757161618,95.90856533208121,3590,1.284373928590685,1e-16,1e-16,1e-16,3590
3,0.8255318251733929,97.0921421736135,3637,1.2877557203879013,1e-16,1e-16,1e-16,3637
4,0.8256472865570821,97.07009520850946,3633,1.2877213846048758,1e-16,1e-16,1e-16,3634
5,0.8277697679928996,95.967907149965,3592,1.2828035376714109,1e-16,1e-16,1e-16,3592
