Sample,M0,M1,M3,Tau,Permeability,Energy,M1_Moose,M3_ana
1,0.9426056521861358,35.073966568422286,1463,1.0409692789842635,3.4038109798424376e-05,-3.436281009676676e-05,35.327937379525,1463
2,0.9426267364388095,35.05048356001256,1462,1.0410400425479582,3.41396101666205e-05,-3.458084886455402e-05,35.290217511627,1462
