Sample,M0,M1,M3,Tau,Permeability,Energy,M1_Moose,M3_ana
1,0.840919313577054,84.04935130062903,3309,1.1623130808659714,1e-16,1e-16,1e-16,3309
2,0.8409032493845406,84.05369889879218,3309,1.16181064317311,1e-16,1e-16,1e-16,3309
3,0.839969518194706,84.55291718103408,3329,1.1633728275805504,1e-16,1e-16,1e-16,3329
4,0.8401542564086087,84.45954727944289,3325,1.162703423688739,1e-16,1e-16,1e-16,3325
5,0.8403118862976454,84.38948616499425,3323,1.1629351009884141,1e-16,1e-16,1e-16,3323
