Sample,M0,M1,M3,Tau,Permeability,Energy,M1_Moose,M3_ana
1,0.9127041658467235,53.02543715601697,2186,1.0628967963767988,1.387309893196676e-05,-1.3767808421831578e-05,58.509013579475,2186
2,0.9129431207103585,52.9489022867111,2184,1.0623065479077152,1e-16,1e-16,1e-16,2184
3,0.9120696302424488,53.394569164218495,2200,1.0633256848109667,1e-16,1e-16,1e-16,2200
4,0.9121268589282774,53.331767202790445,2196,1.0632413075502896,1e-16,1e-16,1e-16,2196
5,0.9127232420753331,53.05956729617983,2189,1.0629814371323538,1e-16,1e-16,1e-16,2189
