Sample,M0,M1,M3,Tau,Permeability,Energy,M1_Moose,M3_ana
1,0.8957935911903968,56.84633719655387,2263,1.205648731306082,1.6777985148146262e-05,-1.6630751088206094e-05,62.56476216889,2263
2,0.8962895731342444,56.62925949100454,2257,1.2031320624580066,1e-16,1e-16,1e-16,2257
3,0.8955225079417352,57.06165353622638,2274,1.206459206473131,1e-16,1e-16,1e-16,2274
4,0.8954130706302385,57.13416612994024,2277,1.2065674355664422,1e-16,1e-16,1e-16,2277
5,0.8956188930968149,56.93827105483936,2269,1.2043869186109102,1e-16,1e-16,1e-16,2269
