Sample,M0,M1,M3,Tau,Permeability,Energy,M1_Moose,M3_ana
1,0.8220509154581709,94.04764042289476,3704,1.181723672980592,1e-16,1e-16,1e-16,3704
2,0.8225599495584355,93.7735443973862,3692,1.1811707301143994,1e-16,1e-16,1e-16,3693
3,0.8215107569849117,94.3328831239948,3715,1.1828235020957165,1e-16,1e-16,1e-16,3715
4,0.8218209967028245,94.1639937890573,3708,1.1816966947761778,1e-16,1e-16,1e-16,3708
5,0.8225378612937297,93.80577841865114,3695,1.1809362673329424,1e-16,1e-16,1e-16,3695
