Sample,M0,M1,M3,Tau,Permeability,Energy,M1_Moose,M3_ana
1,0.8517194710061405,91.17181881984324,3704,1.2955151811687844,1e-16,1e-16,1e-16,3704
2,0.8522305131304694,90.85716117248259,3692,1.2937068598023376,1e-16,1e-16,1e-16,3693
3,0.8514584278777997,91.40087483907404,3715,1.2957590253232958,1e-16,1e-16,1e-16,3715
4,0.8515929654900984,91.2250449020066,3707,1.2950679502239464,1e-16,1e-16,1e-16,3708
5,0.8526702704005205,90.81707316958371,3695,1.2925365949884622,1e-16,1e-16,1e-16,3695
