Sample,M0,M1,M3,Tau,Permeability,Energy,M1_Moose,M3_ana
1,0.9020797105232509,76.1037971820788,3249,1.254038598842696,9.8678562218164e-06,-9.691287776332523e-06,82.792835621595,3249
2,0.9021399512451758,76.09228571567006,3250,1.253394602159689,1e-16,1e-16,1e-16,3250
3,0.9015566202545371,76.54981927380108,3267,1.2559778462528084,1e-16,1e-16,1e-16,3267
4,0.9015465801342163,76.57331863049363,3265,1.2559135921827755,1e-16,1e-16,1e-16,3265
