Sample,M0,M1,M3,Tau,Permeability,Energy,M1_Moose,M3_ana
1,0.8379454299380323,86.7660412099808,3375,1.2774925952941276,1e-16,1e-16,1e-16,3375
2,0.8389454259219843,86.29660827466051,3357,1.2737579798816105,1e-16,1e-16,1e-16,3357
3,0.8376863948337557,86.95654055439337,3385,1.2767332777988831,1e-16,1e-16,1e-16,3385
4,0.8378721370596905,86.77774324593956,3374,1.2767911184020904,1e-16,1e-16,1e-16,3374
5,0.8385799655423071,86.60754584903702,3372,1.2759037420315138,1e-16,1e-16,1e-16,3372
