Sample,M0,M1,M3,Tau,Permeability,Energy,M1_Moose,M3_ana
1,0.921762362400151,67.74778463226178,4135,1.1853935496901518,1e-16,1e-16,1e-16,3002
2,0.9221278227798282,67.37287178751332,4099,1.1832411390799917,1e-16,1e-16,1e-16,2985
3,0.9214832470552327,67.9674553417779,4141,1.1858776515816005,1e-16,1e-16,1e-16,3011
4,0.9216197926915957,67.76718954855059,4120,1.1852288435802971,1e-16,1e-16,1e-16,3001
