Sample,M0,M1,M3,Tau,Permeability,Energy,M1_Moose,M3_ana
1,0.891287585190421,60.45290531409865,2263,1.1722046753796531,4.9961528994085325e-06,-4.892317475286759e-06,98.457548212493,2263
2,0.8916128850888149,60.34943290268256,2257,1.170001265058226,1e-16,1e-16,1e-16,2257
3,0.8907524467773221,60.81200136744323,2274,1.1725231452790494,1e-16,1e-16,1e-16,2274
4,0.8907534507893543,60.86725948336231,2276,1.1744518516160782,1e-16,1e-16,1e-16,2277
5,0.8911148951209031,60.67984591507441,2269,1.1729394289742827,1e-16,1e-16,1e-16,2269
