Sample,M0,M1,M3,Tau,Permeability,Energy,M1_Moose,M3_ana
1,0.9004572270794093,61.237633514010724,2489,1.1892620358651058,1.2996137448711357e-05,-1.2830009200544044e-05,66.612478235016,2489
2,0.9004371468387677,61.232825840255316,2488,1.1876619528704102,1e-16,1e-16,1e-16,2488
3,0.8999180726181822,61.53805870965519,2499,1.1903826193639973,1e-16,1e-16,1e-16,2499
4,0.900065662386898,61.457018369201805,2498,1.188578527080767,1e-16,1e-16,1e-16,2498
5,0.9001098389163096,61.57385493091987,2505,1.1900253647089993,1e-16,1e-16,1e-16,2505
