Sample,M0,M1,M3,Tau,Permeability,Energy,M1_Moose,M3_ana
1,0.8452466054353195,85.72558947021975,3375,1.2723642982458787,1e-16,1e-16,1e-16,3375
2,0.8458962012200755,85.29319822991978,3357,1.2695760090291057,1e-16,1e-16,1e-16,3357
3,0.8446612664206168,85.98634727031147,3385,1.2728504615917542,1e-16,1e-16,1e-16,3385
4,0.8451592563885285,85.7343077865093,3374,1.2725776811775324,1e-16,1e-16,1e-16,3374
5,0.8449403817655351,85.74173438911667,3372,1.2726021287141418,1e-16,1e-16,1e-16,3372
