Sample,M0,M1,M3,Tau,Permeability,Energy,M1_Moose,M3_ana
1,0.829088035791021,98.45668591529832,3724,1.294125260324956,1e-16,1e-16,1e-16,3724
2,0.8302998783137417,97.71880187615861,3694,1.2902745090891234,1e-16,1e-16,1e-16,3695
3,0.8284434600664254,98.7533272879126,3736,1.2941450588771184,1e-16,1e-16,1e-16,3736
4,0.8287205673872796,98.63979019183249,3730,1.295519143298434,1e-16,1e-16,1e-16,3731
5,0.8298611250557226,98.02179695580661,3707,1.291787125783892,1e-16,1e-16,1e-16,3707
