Sample,M0,M1,M3,Tau,Permeability,Energy,M1_Moose,M3_ana
1,0.914926044473717,78.89080041530825,4422,1.2100588880540144,1e-16,1e-16,1e-16,3641
2,0.9150987345432348,78.96848266867285,4465,1.2104070775420905,1e-16,1e-16,1e-16,3641
3,0.9146378930205099,79.43953544516839,4490,1.2137361084482374,1e-16,1e-16,1e-16,3665
4,0.9142985369536668,79.59434623461554,4421,1.21398515167032,1e-16,1e-16,1e-16,3670
