Sample,M0,M1,M3,Tau,Permeability,Energy,M1_Moose,M3_ana
1,0.8967915791502845,83.51337993424583,4011,1.227135294181347,1e-16,1e-16,1e-16,3641
2,0.8966249131529592,83.6339664605918,4072,1.2253266455141578,1e-16,1e-16,1e-16,3641
3,0.8960395741382565,84.1059258449109,4055,1.2252891461477395,1e-16,1e-16,1e-16,3665
4,0.89585784796045,84.2676744315661,4068,1.2288027753747452,1e-16,1e-16,1e-16,3670
