Sample,M0,M1,M3,Tau,Permeability,Energy,M1_Moose,M3_ana
1,0.9128115951341561,70.82715521429834,3069,1.1152502801855602,1e-16,1e-16,1e-16,3069
2,0.913322637258485,70.4656961947831,3055,1.1141770723665319,1e-16,1e-16,1e-16,3055
3,0.9124862952357621,71.0333557502984,3084,1.1158716965210949,1e-16,1e-16,1e-16,3084
4,0.9129581808908398,70.66287621188575,3065,1.114742925459631,1e-16,1e-16,1e-16,3065
