Sample,M0,M1,M3,Tau,Permeability,Energy,M1_Moose,M3_ana
1,0.9402070674414962,48.77557684187008,2679,1.1300744522203012,2.0894229393344045e-05,-2.0643260148567316e-05,53.069818471298,2108
2,0.9402070674414962,48.76494605839975,2687,1.1296853621235614,1e-16,1e-16,1e-16,2107
3,0.9396920092690391,49.19068932257528,2727,1.131017944305391,1e-16,1e-16,1e-16,2124
4,0.940028353299786,48.88358345424076,2702,1.1295985477543686,2.0315466132746813e-05,-2.006282490675457e-05,53.203427267874,2113
5,0.9400614856968446,48.898745633743786,2654,1.1304935815197934,1e-16,1e-16,1e-16,2116
