Sample,M0,M1,M3,Tau,Permeability,Energy,M1_Moose,M3_ana
1,0.9255013032076176,63.97555439803657,3282,1.1685539936715748,1e-16,1e-16,1e-16,2858
2,0.9254741948827515,64.01645769074261,3287,1.1687915963465791,1e-16,1e-16,1e-16,2855
3,0.9251990955859615,64.26924987614254,3323,1.1712328280125532,1e-16,1e-16,1e-16,2870
4,0.9252071276822181,64.12113891259014,3326,1.1669187827666894,1e-16,1e-16,1e-16,2861
