Sample,M0,M1,M3,Tau,Permeability,Energy,M1_Moose,M3_ana
1,0.9133447255231907,80.72862831603807,3725,1.0904416845957823,1e-16,1e-16,1e-16,3724
2,0.9139099842972518,80.13036135211354,3695,1.089717703992999,1e-16,1e-16,1e-16,3695
3,0.9128848880124979,81.10065553081425,3737,1.0911003250543212,1e-16,1e-16,1e-16,3736
4,0.912935088614102,80.99471925860874,3731,1.0911356191515922,1e-16,1e-16,1e-16,3731
