Sample,M0,M1,M3,Tau,Permeability,Energy,M1_Moose,M3_ana
1,0.93967795310059,62.25098988704509,3002,1.0551401547954575,1e-16,1e-16,1e-16,3002
2,0.940016305155401,61.85848650349165,2985,1.054837935759549,1e-16,1e-16,1e-16,2985
3,0.9394791587182381,62.35064297394343,3012,1.0554814033775686,1e-16,1e-16,1e-16,3011
4,0.9396769490885579,62.16211868492099,3001,1.0551846964792495,1e-16,1e-16,1e-16,3001
