Sample,M0,M1,M3,Tau,Permeability,Energy,M1_Moose,M3_ana
1,0.9514580262729868,50.058479488534225,2415,1.0443494921302678,1e-16,1e-16,1e-16,2415
2,0.9514299139360886,50.0495937226579,2412,1.044516570561667,1e-16,1e-16,1e-16,2412
3,0.9512271035056085,50.28682227441335,2424,1.0447614792297164,1e-16,1e-16,1e-16,2423
4,0.95112168224224,50.40779274478126,2431,1.0447068309922745,1e-16,1e-16,1e-16,2431
5,0.9512522038064104,50.162844964412955,2423,1.044800607198215,1e-16,1e-16,1e-16,2423
