Sample,M0,M1,M3,Tau,Permeability,Energy,M1_Moose,M3_ana
1,0.8992323324002715,61.54390190087058,2567,1.2761423815673216,1.77895550219169e-05,-1.7683488132814405e-05,62.031302048038,2567
2,0.8991931759310203,61.57002695809553,2567,1.2740698940964872,1.757286221924321e-05,-1.7609028331893628e-05,62.017150189757,2567
4,0.8988327356115036,61.7636284269156,2575,1.2763989662255815,1.7358322662590584e-05,-1.7452007779908037e-05,62.223930424587,2575
8,0.8998497998000008,61.18353725380707,2552,1.272902653335159,1.7698145121631027e-05,-1.7713632052824376e-05,61.65055895234,2552
12,0.8991359472451917,61.61011496099444,2569,1.2775955190480255,1.792993869821496e-05,-1.798994867608975e-05,62.056989727401,2569
16,0.8990275139457271,61.69283773083248,2573,1.2759457873435478,1.7894174612181717e-05,-1.7970248940362328e-05,62.124094243945,2573
20,0.8992815289898434,61.52442481977003,2565,1.2775729962814102,1.7701559352003323e-05,-1.7629725569952353e-05,61.955614689404,2566
23,0.8987002060232689,61.85833908703744,2579,1.2763592286815153,1.7447146207735183e-05,-1.7316254230411078e-05,62.336590382004,2580
