Sample,M0,M1,M3,Tau,Permeability,Energy,M1_Moose,M3_ana
1,0.9383406090738592,57.65914298713675,3949,1.1567950096748905,1e-16,1e-16,1e-16,2640
2,0.938526351299794,57.589676701301464,3979,1.1557266021821448,1e-16,1e-16,1e-16,2636
3,0.9379821767784066,58.033326250250745,3987,1.1578139992092837,1e-16,1e-16,1e-16,2656
4,0.9382723362556777,57.77747140868942,3944,1.1564610591652156,1e-16,1e-16,1e-16,2646
5,0.9381357906193147,57.88812006987534,3940,1.1575898733142425,1e-16,1e-16,1e-16,2653
