Sample,M0,M1,M3,Tau,Permeability,Energy,M1_Moose,M3_ana
1,0.903082718543299,53.60536335418389,2108,1.1639527579223727,1.699104792014183e-05,-1.6890825095567867e-05,58.258629494031,2108
2,0.9031208710005181,53.58322110430483,2107,1.1629599153253856,1e-16,1e-16,1e-16,2107
3,0.90236886598849,54.009963456157074,2124,1.165011885330139,1e-16,1e-16,1e-16,2124
4,0.9029190645820699,53.72940325239365,2113,1.16323944816837,1.6454320334660387e-05,-1.634156769238781e-05,58.407760052204,2113
5,0.902555612226457,53.85144497525002,2116,1.1649564458059363,1e-16,1e-16,1e-16,2116
15,0.903921068590086,53.170306945105416,2092,1.1619880472691733,1.6944696784634903e-05,-1.7164058743202214e-05,57.771124345052,2092
