Sample,M0,M1,M3,Tau,Permeability,Energy,M1_Moose,M3_ana
1,0.9470504134521548,45.62244707889523,2029,1.06195357308034,1.8743354791401665e-05,-1.8469022457173408e-05,50.242427820899,2029
2,0.9471478026192666,45.57791619305816,2030,1.0616073740486793,1e-16,1e-16,1e-16,2030
3,0.9467200934936004,45.949466983959276,2045,1.0622755277426814,1e-16,1e-16,1e-16,2045
4,0.9470102529708716,45.67739505868931,2033,1.0616440087344157,1.8601004246115236e-05,-1.848742306940388e-05,50.366454015024,2033
5,0.9468435869735463,45.79210546371332,2039,1.0626041062358005,1e-16,1e-16,1e-16,2039
7,0.9470865578853097,45.644280354485964,2034,1.061734693570112,1.8791939734886424e-05,-1.8377412086803324e-05,50.297110175418,2034
