Sample,M0,M1,M3,Tau,Permeability,Energy,M1_Moose,M3_ana
1,0.9372151115858972,64.64636092562634,3125,1.2720565858599078,1e-16,1e-16,1e-16,3125
2,0.9372442279348275,64.6701692566072,3125,1.2710812103185185,1e-16,1e-16,1e-16,3125
3,0.9367874024602311,65.14276970946625,3146,1.2758120931619243,1e-16,1e-16,1e-16,3146
4,0.9370052730711925,64.96020328317984,3132,1.2743178180461798,1e-16,1e-16,1e-16,3132
