Sample,M0,M1,M3,Tau,Permeability,Energy,M1_Moose,M3_ana
1,0.8906148971289272,66.7605681525871,2784,1.185655185032788,1.1692574906788919e-05,-1.1499169645327423e-05,67.235564150585,2784
2,0.8906881900072691,66.75191242450691,2783,1.1842907734288275,1.152502859686205e-05,-1.1475485873804987e-05,67.195060334551,2783
4,0.8905235320340079,66.83245322112197,2787,1.1853999910412225,1.15656450369518e-05,-1.1447775429153463e-05,67.314283197309,2787
12,0.8902775490861482,66.99088599385635,2794,1.186212137541654,1.1762547386463158e-05,-1.1658867372908589e-05,67.477398987131,2794
16,0.8902393966289291,67.07073667708303,2796,1.186867444283922,1.17137284428964e-05,-1.1672372687629917e-05,67.478701313364,2796
20,0.8905054598174305,66.86440138806186,2787,1.1866606185506385,1.1561522876934072e-05,-1.1512901942798893e-05,67.315981712537,2787
23,0.890611885092831,66.79144506703854,2784,1.1860770610906353,1.1571312155508034e-05,-1.1452767743678671e-05,67.259707767098,2784
