Sample,M0,M1,M3,Tau,Permeability,Energy,M1_Moose,M3_ana
1,0.9067212581475577,53.7360812853002,2029,1.1526682990233859,1.817068904086759e-05,-1.8068361138152908e-05,56.094374198839,2029
2,0.9066740695820499,53.65660777441502,2030,1.150129260218952,1e-16,1e-16,1e-16,2030
3,0.9059551969670805,54.112409858312965,2045,1.1540530934973814,1e-16,1e-16,1e-16,2045
4,0.906550576102104,53.75327153180041,2033,1.152463718587232,1.788730410531967e-05,-1.7907445515033793e-05,56.202846606089,2033
5,0.9062764808173461,53.8760687611764,2039,1.1522171876408012,1e-16,1e-16,1e-16,2039
15,0.9073588057879286,53.25980303262501,2014,1.1487614806472335,1.8253205935618838e-05,-1.8530026899585594e-05,55.623331936793,2014
19,0.9067061979670764,53.596087037743544,2027,1.1494793394618892,1.8004301274008866e-05,-1.7928029708555127e-05,56.056894765484,2027
23,0.9066479652692158,53.64760757055899,2031,1.1517634777562575,1.8555039201530193e-05,-1.8381651909012743e-05,56.130354186402,2031
