Sample,M0,M1,M3,Tau,Permeability,Energy,M1_Moose,M3_ana
1,0.8849352010634496,70.2921334578628,2932,1.3218001393277998,1.3786756220995015e-05,-1.3633337207530194e-05,70.822317005838,2933
2,0.8850868068802936,70.19493185022965,2927,1.3187957209160017,1.3685981682023269e-05,-1.3608632790592799e-05,70.709293097864,2927
4,0.8849331930393853,70.25762217859987,2930,1.320894581299101,1.3690442487758448e-05,-1.3629909038059834e-05,70.763861810427,2930
12,0.8850747587359087,70.18711733684177,2927,1.3213889297447425,1.3822897734480886e-05,-1.3731435168708034e-05,70.690642309928,2927
