Sample,M0,M1,M3,Tau,Permeability,Energy,M1_Moose,M3_ana
1,0.8918247316275838,65.74779568455403,2711,1.283018538698901,1.3696987864186151e-05,-1.3565324302316899e-05,72.57012021621,2711
2,0.8918669001329312,65.72347146145201,2709,1.280447830452714,1e-16,1e-16,1e-16,2709
3,0.8909903976289252,66.2242605400207,2731,1.2850709419617747,1e-16,1e-16,1e-16,2731
4,0.8913227256115437,65.91400350243022,2715,1.2824271643464134,1e-16,1e-16,1e-16,2715
5,0.8910687105674274,66.22661673451088,2734,1.2836272149570647,1e-16,1e-16,1e-16,2734
