Sample,M0,M1,M3,Tau,Permeability,Energy,M1_Moose,M3_ana
1,0.8557586114111991,88.13118968715811,3676,1.4221742728751066,8.882416346833131e-06,-8.753565573098948e-06,88.720050659694,3678
2,0.8559302974686849,88.03628845748624,3672,1.4210208100079578,8.95051376725252e-06,-8.871031533012521e-06,88.62111919362,3673
