Sample,M0,M1,M3,Tau,Permeability,Energy,M1_Moose,M3_ana
1,0.8882464327452501,86.9687954760743,3716,1.1666993567849968,5.068240855232243e-06,-4.865561192744266e-06,94.429325969395,3713
2,0.8891420114778655,86.24660701867829,3682,1.1648291663865205,1e-16,1e-16,1e-16,3681
3,0.8877635029578195,87.25053856538398,3727,1.1675505555880228,1e-16,1e-16,1e-16,3726
4,0.8880777587238605,86.96375776452277,3708,1.1670906320486496,1e-16,1e-16,1e-16,3708
