Sample,M0,M1,M3,Tau,Permeability,Energy,M1_Moose,M3_ana
1,0.9436929972168786,52.40894082585174,2415,1.2056406357189868,1e-16,1e-16,1e-16,2415
2,0.9437512299147393,52.353493302219306,2412,1.2044896522100823,1e-16,1e-16,1e-16,2412
3,0.9433998257035112,52.67183435923988,2423,1.2072232119610702,1e-16,1e-16,1e-16,2423
4,0.9432191035377367,52.831036181854856,2431,1.2071320331873618,1e-16,1e-16,1e-16,2431
5,0.9435915920016386,52.53736101879028,2423,1.205573137785665,1e-16,1e-16,1e-16,2423
