Sample,M0,M1,M3,Tau,Permeability,Energy,M1_Moose,M3_ana
1,0.9335103071875214,54.22464045294403,2980,1.1452790298552453,1e-16,1e-16,1e-16,2345
2,0.9336036803065048,54.13249290514524,2975,1.1446836411768675,1e-16,1e-16,1e-16,2338
3,0.9334048859241529,54.318358797069635,3002,1.1454991369160052,1e-16,1e-16,1e-16,2347
4,0.9331538829161329,54.4766799367462,2998,1.145602486219664,1e-16,1e-16,1e-16,2354
5,0.9336538809081089,54.12666302374986,2936,1.1450931493661356,1e-16,1e-16,1e-16,2343
