Sample,M0,M1,M3,Tau,Permeability,Energy,M1_Moose,M3_ana
1,0.8540799032935611,89.26158359962287,3724,1.2530904166253334,6.057710822159557e-06,-5.935890217862826e-06,89.813907769753,3724
2,0.8551321079031811,88.61997540708802,3695,1.249547835656835,6.1813011537132406e-06,-6.1054556811959e-06,89.142152372311,3695
3,0.8533610306785917,89.64940448583965,3736,1.2588099078550063,6.065581424435125e-06,-5.975863702685209e-06,90.109554195588,3736
4,0.8536552062039912,89.48212822039693,3731,1.2549655205965784,6.069757909939723e-06,-5.967981313848533e-06,89.988584362206,3731
5,0.8548208641732362,88.81700712780861,3707,1.2526588561811554,6.026984915507923e-06,-5.886181340383712e-06,89.329915816852,3707
6,0.8562746735956883,87.9698259244527,3665,1.2493624143744442,6.194815583939059e-06,-6.122181136089197e-06,88.4581805938,3666
7,0.8545246806237726,88.97220302311439,3710,1.2523419981130945,6.020534386395014e-06,-5.915828660716566e-06,89.472824347407,3710
