Sample,M0,M1,M3,Tau,Permeability,Energy,M1_Moose,M3_ana
1,0.9409881888024546,61.20985620095373,4949,1.167657579689489,1e-16,1e-16,1e-16,2933
2,0.9411167023425608,61.06742682241468,4946,1.1662131358778594,1e-16,1e-16,1e-16,2927
3,0.9409098758639524,61.30858913666757,4958,1.1683833412527993,1e-16,1e-16,1e-16,2936
4,0.941080557909406,61.111464936093846,4955,1.166891860295511,1e-16,1e-16,1e-16,2930
