Sample,M0,M1,M3,Tau,Permeability,Energy,M1_Moose,M3_ana
1,0.8572345090983571,87.30457404560184,3640,1.2460207785209538,6.2996824961786156e-06,-6.170556772688421e-06,87.820638622883,3641
2,0.8573168380849876,87.26690085864394,3641,1.2418656503845982,6.3208313250113025e-06,-6.243673510435679e-06,87.834623544043,3641
3,0.8562084088015711,87.91697140478706,3665,1.251694329500939,6.337639660003989e-06,-6.240909545601773e-06,88.445943143273,3665
4,0.8561491720916784,87.98059146094413,3670,1.2494454526390684,6.289882639315236e-06,-6.185336537790249e-06,88.535404581209,3670
5,0.857159208195951,87.35685685661741,3641,1.246210265623809,6.271342355726205e-06,-6.157726612058172e-06,87.781688486924,3641
6,0.8577063947534347,87.04068422945888,3630,1.2443002740859272,6.385422507553242e-06,-6.327203488654848e-06,87.572008345282,3630
7,0.8576963546331139,87.03393139195708,3632,1.2450425149750817,6.343402014774626e-06,-6.227018905614737e-06,87.581736155811,3632
