Sample,M0,M1,M3,Tau,Permeability,Energy,M1_Moose,M3_ana
1,0.8795667487279167,73.56302939357211,3068,1.3393374043178763,1.2630694526989474e-05,-1.2523113687546814e-05,74.118624702686,3069
2,0.8801239754057213,73.24391928667096,3055,1.3354699273757555,1.2696127425277563e-05,-1.2628057533339612e-05,73.786372668289,3055
