Sample,M0,M1,M3,Tau,Permeability,Energy,M1_Moose,M3_ana
1,0.9249731928787435,58.33783202682789,2489,1.1898992654873632,1.6905457624527423e-05,-1.671435471988698e-05,63.47367695242,2489
2,0.9249410644937169,58.33348442866474,2488,1.1891836455815734,1e-16,1e-16,1e-16,2488
3,0.9246368488479966,58.60204997046388,2499,1.191420067276534,1e-16,1e-16,1e-16,2499
4,0.9245444797410453,58.64301865630121,2498,1.190731108756723,1e-16,1e-16,1e-16,2498
5,0.9245093393199224,58.65291985813705,2505,1.1903205404493933,1e-16,1e-16,1e-16,2505
