Sample,M0,M1,M3,Tau,Permeability,Energy,M1_Moose,M3_ana
1,0.9526096280737828,44.32258306169032,3035,1.1184686983648482,2.40312369399723e-05,-2.358231837909252e-05,49.258817009055,2029
2,0.9526789049039963,44.33566532442585,3053,1.1181924166161359,1e-16,1e-16,1e-16,2030
3,0.9522632439227152,44.68696040774349,3076,1.119330859027691,1e-16,1e-16,1e-16,2045
4,0.9525423592676334,44.404234579039915,3052,1.1182430733422513,2.3853149746644877e-05,-2.3664514085496953e-05,49.367895254483,2033
5,0.9524329219561367,44.51110735071276,3017,1.1189976084767315,1e-16,1e-16,1e-16,2039
7,0.9525925598692375,44.355658297647565,3033,1.1176967725115068,2.427995650584155e-05,-2.3809455479895847e-05,49.323768377514,2034
