Sample,M0,M1,M3,Tau,Permeability,Energy,M1_Moose,M3_ana
1,0.9078567957558403,79.80906273384988,4889,1.222251600729296,1e-16,1e-16,1e-16,3538
2,0.9084943433962113,79.16445050660445,4814,1.2193429773918312,1e-16,1e-16,1e-16,3508
3,0.9077694467090494,79.87138827140286,4860,1.2218095485085148,1e-16,1e-16,1e-16,3540
4,0.9078808920446103,79.76173869789366,4864,1.221984104298516,1e-16,1e-16,1e-16,3534
