Sample,M0,M1,M3,Tau,Permeability,Energy,M1_Moose,M3_ana
1,0.8561039915502348,87.42831527508173,3607,1.1010910011464312,1e-16,1e-16,1e-16,3607
2,0.8566551941558468,87.06506219312404,3590,1.1005734462626984,1e-16,1e-16,1e-16,3590
3,0.855106003590347,88.14160442324047,3637,1.101383731377318,1e-16,1e-16,1e-16,3637
4,0.8548901410034497,88.15487725552603,3634,1.1016261607181403,1e-16,1e-16,1e-16,3634
5,0.856845956441942,87.0367551626761,3592,1.1004804038091014,1e-16,1e-16,1e-16,3592
