Sample,M0,M1,M3,Tau,Permeability,Energy,M1_Moose,M3_ana
1,0.8731732001076301,67.88475232316355,2640,1.2118136313458423,1.0200418518122438e-05,-1.00686772629887e-05,73.700645940997,2640
2,0.8733489022132441,67.81049471185568,2636,1.209209014389421,1e-16,1e-16,1e-16,2636
3,0.8725115561784892,68.27096294480745,2656,1.2132140146699106,1e-16,1e-16,1e-16,2656
4,0.8728549282934607,68.05956682427147,2646,1.211382030948338,1e-16,1e-16,1e-16,2646
5,0.872846896197204,68.17714931590685,2653,1.212351133536453,1e-16,1e-16,1e-16,2653
