Sample,M0,M1,M3,Tau,Permeability,Energy,M1_Moose,M3_ana
1,0.94007855390139,48.66107159482324,2108,1.0786809381587978,1.7610770392075348e-05,-1.743652630654183e-05,53.060909246662,2108
2,0.9402231316340095,48.56271979820945,2107,1.077994615309984,1e-16,1e-16,1e-16,2107
3,0.9397482339428356,48.93967309147933,2124,1.079059143316418,1e-16,1e-16,1e-16,2124
4,0.9399269480845458,48.804834960212496,2113,1.0785509008807652,1.7057441294962882e-05,-1.6828682957334073e-05,53.210166142279,2113
5,0.9399891968305348,48.730061456783446,2116,1.0789046403205242,1e-16,1e-16,1e-16,2116
