Sample,M0,M1,M3,Tau,Permeability,Energy,M1_Moose,M3_ana
1,0.8794482753081313,73.58737673663744,3069,1.084148361433437,7.045543814539723e-06,-6.928091209898726e-06,74.087728670771,3069
2,0.8801400395982345,73.23078120740651,3054,1.0834978026988171,7.055835094769086e-06,-6.9800937488241555e-06,73.717397895012,3055
