Sample,M0,M1,M3,Tau,Permeability,Energy,M1_Moose,M3_ana
1,0.9271769992891595,59.37108054686774,3264,1.160128511793646,1e-16,1e-16,1e-16,2567
2,0.9270876422183043,59.444917550829445,3274,1.1596757289769435,1e-16,1e-16,1e-16,2567
3,0.9268737876554712,59.655432988427016,3298,1.16108425742939,1e-16,1e-16,1e-16,2578
4,0.926934028377396,59.5687437595259,3277,1.1599828649108095,1e-16,1e-16,1e-16,2575
5,0.9268105348974502,59.684692866625106,3254,1.1611709779199022,1e-16,1e-16,1e-16,2582
