Sample,M0,M1,M3,Tau,Permeability,Energy,M1_Moose,M3_ana
1,0.9350042770912567,56.22387442374856,3420,1.1517172474248984,1e-16,1e-16,1e-16,2489
2,0.935083594041791,56.16913336178733,3410,1.1506934569575398,1e-16,1e-16,1e-16,2488
3,0.9347964466006161,56.43557951857288,3438,1.1522379423901736,1e-16,1e-16,1e-16,2499
4,0.9347402219268196,56.426598467921536,3418,1.1514906146609027,1e-16,1e-16,1e-16,2498
5,0.9347492580351083,56.46898965370361,3386,1.152174562690224,1e-16,1e-16,1e-16,2505
