Sample,M0,M1,M3,Tau,Permeability,Energy,M1_Moose,M3_ana
1,0.9499620483451874,51.599646980215546,2489,1.0457209531138922,1e-16,1e-16,1e-16,2489
2,0.9499158637917117,51.61240392037995,2488,1.0458954576686237,1e-16,1e-16,1e-16,2488
3,0.9496969891687183,51.858462421482784,2500,1.0462165059651296,1e-16,1e-16,1e-16,2499
4,0.9497853422275413,51.78345888025762,2498,1.0459324275369302,1e-16,1e-16,1e-16,2498
5,0.9496166682061518,51.83168671911554,2505,1.0463517747632036,1e-16,1e-16,1e-16,2505
