Sample,M0,M1,M3,Tau,Permeability,Energy,M1_Moose,M3_ana
1,0.9528415548531933,48.91561308068587,3939,1.1316975473160436,1e-16,1e-16,1e-16,2345
2,0.9529289038999843,48.78931227276093,3936,1.1306338557320004,1e-16,1e-16,1e-16,2338
3,0.9527361335898249,49.016590577832076,3955,1.1318983524724,1e-16,1e-16,1e-16,2347
4,0.9526307123264566,49.11178443350944,3961,1.1318621338010044,1e-16,1e-16,1e-16,2354
5,0.9529851285737808,48.808306158305925,3896,1.1312089258578932,1e-16,1e-16,1e-16,2343
