Sample,M0,M1,M3,Tau,Permeability,Energy,M1_Moose,M3_ana
1,0.9188718117597922,66.10253964336047,3643,1.179751851215399,1e-16,1e-16,1e-16,2858
2,0.9189722129630001,66.06955969217825,3647,1.1789960619467732,1e-16,1e-16,1e-16,2855
3,0.9185244235966924,66.4417678999021,3668,1.180982319284659,1e-16,1e-16,1e-16,2870
4,0.9188728157718242,66.14862497724151,3655,1.179333415174735,1e-16,1e-16,1e-16,2861
