Sample,M0,M1,M3,Tau,Permeability,Energy,M1_Moose,M3_ana
1,0.8745256043148422,76.57155273404054,3194,1.2154837593669936,8.693103607915346e-06,-8.529551039893629e-06,77.112767986752,3194
2,0.874762551154413,76.50118264530354,3190,1.213309562487318,8.667411168131193e-06,-8.528982804481219e-06,76.968687154142,3190
