Sample,M0,M1,M3,Tau,Permeability,Energy,M1_Moose,M3_ana
1,0.9141268508961812,80.41698635595618,5523,1.2261779693284032,1e-16,1e-16,1e-16,3683
2,0.9150033534001871,79.63937629981291,5476,1.2231126930566119,1e-16,1e-16,1e-16,3646
3,0.9140465299336147,80.5014146751421,5528,1.226326383712731,1e-16,1e-16,1e-16,3686
4,0.9144180143854844,80.18643847689077,5528,1.2260628273970926,1e-16,1e-16,1e-16,3674
