Sample,M0,M1,M3,Tau,Permeability,Energy,M1_Moose,M3_ana
1,0.9293065088092015,54.96326072862822,2345,1.1780483370625565,1.8934936942313575e-05,-1.8656333709681998e-05,59.801317228095,2345
2,0.9294530945658853,54.82855735038249,2338,1.177003157847388,1e-16,1e-16,1e-16,2338
3,0.9292091196420897,55.047784332589174,2347,1.1788653820899293,1e-16,1e-16,1e-16,2347
4,0.9289380363934281,55.22983486675441,2354,1.178787959026211,1e-16,1e-16,1e-16,2354
5,0.929386829771768,54.863702926504885,2343,1.1771778568489955,1e-16,1e-16,1e-16,2343
