Sample,M0,M1,M3,Tau,Permeability,Energy,M1_Moose,M3_ana
1,0.8234163718217999,94.5520616452054,3678,1.3060279628359661,1e-16,1e-16,1e-16,3678
2,0.8238832374167172,94.3869972446294,3673,1.3044444724283688,1e-16,1e-16,1e-16,3673
3,0.8227828402295573,94.94497605950264,3695,1.30797813677318,1e-16,1e-16,1e-16,3696
4,0.8222115573833036,95.14808124277567,3700,1.3082183427485956,1e-16,1e-16,1e-16,3700
5,0.8242788181573568,94.26782083670393,3671,1.3033930714134672,1e-16,1e-16,1e-16,3671
