Sample,M0,M1,M3,Tau,Permeability,Energy,M1_Moose,M3_ana
1,0.9249119481447866,58.41984833499472,2492,1.1102722169517985,1.2721237073109142e-05,-1.251440367031025e-05,63.465808792198,2489
2,0.9249229922771395,58.36585320295079,2489,1.1094825253210223,1e-16,1e-16,1e-16,2488
3,0.9245284155485319,58.65267347205809,2500,1.1112056597736102,1e-16,1e-16,1e-16,2499
4,0.9247312259790121,58.58188277597496,2498,1.1101172391350043,1e-16,1e-16,1e-16,2498
5,0.9244139581768748,58.6980619208703,2505,1.1103856433253894,1e-16,1e-16,1e-16,2505
