Sample,M0,M1,M3,Tau,Permeability,Energy,M1_Moose,M3_ana
1,0.9440825538853258,57.591286931673075,2784,1.2391237349090807,1e-16,1e-16,1e-16,2784
2,0.9440875739454861,57.63386588208328,2783,1.2380184609054434,1e-16,1e-16,1e-16,2783
3,0.9438315508773057,57.867167443021735,2795,1.24086949377429,1e-16,1e-16,1e-16,2795
4,0.9439209079481609,57.8268888705728,2787,1.240601801455207,1e-16,1e-16,1e-16,2787
5,0.9437652860831884,57.98193366457467,2800,1.2408327013372331,1e-16,1e-16,1e-16,2800
