Sample,M0,M1,M3,Tau,Permeability,Energy,M1_Moose,M3_ana
1,0.85894936164915,74.51291344301373,2933,1.1438172951014076,7.168661645034017e-06,-7.002759541839779e-06,81.841772356339,2933
2,0.8592706454994157,74.34892706660663,2927,1.1429409886397526,1e-16,1e-16,1e-16,2927
3,0.8588007678684021,74.58921827452347,2936,1.1443993338813794,1e-16,1e-16,1e-16,2936
4,0.8590748631531601,74.44419308709574,2930,1.1432464994172518,1e-16,1e-16,1e-16,2930
5,0.8590065903349786,74.50019597109544,2933,1.1441410959046392,1e-16,1e-16,1e-16,2933
