Sample,M0,M1,M3,Tau,Permeability,Energy,M1_Moose,M3_ana
1,0.9060937506275075,76.54317277562349,4244,1.2111262895823114,1e-16,1e-16,1e-16,3309
2,0.9060706583507697,76.5921301961159,4243,1.210386944129582,1e-16,1e-16,1e-16,3309
3,0.9055144356849972,77.07730379126976,4271,1.2126101577157629,1e-16,1e-16,1e-16,3329
4,0.9056720655740338,76.90396480171364,4250,1.2117276095434988,1e-16,1e-16,1e-16,3325
