Sample,M0,M1,M3,Tau,Permeability,Energy,M1_Moose,M3_ana
1,0.918820607146156,75.5109696657561,3484,1.3097767841597685,1e-16,1e-16,1e-16,3484
2,0.9194099622089871,74.99577391420404,3459,1.306611820705241,1e-16,1e-16,1e-16,3459
3,0.9186137806675475,75.81449021412762,3489,1.3120234887829383,1e-16,1e-16,1e-16,3490
4,0.9188687997236958,75.60164170200312,3482,1.3114634229929003,1e-16,1e-16,1e-16,3482
