Sample,M0,M1,M3,Tau,Permeability,Energy,M1_Moose,M3_ana
1,0.9931024373396091,4.21669283187746,176,1.0109390083199064,0.0010270053385694183,-0.0010561864531879225,4.2431523149915,176
2,0.9930502287139409,4.240136372041088,177,1.0108622219727048,0.0009078709196242659,-0.0009293835659196677,4.2754631087147,177
3,0.9931064533877374,4.221230999590633,176,1.0109448659356677,0.0009737181899568976,-0.000934746110694072,4.2598307448091,176
4,0.9930833611109996,4.207807066001144,175,1.0107446358029173,0.0008753387950116344,-0.0009161424124308034,4.2376023974941,175
8,0.9930181003289144,4.248696815346262,177,1.0109052345797875,0.0009442033069709695,-0.0009789931324189474,4.2841152355359,177
12,0.9930482206898767,4.238660860489307,177,1.010889843844892,0.000997328451639335,-0.0010000723741885873,4.2860321391798,177
16,0.9930903891952241,4.217343477019744,176,1.0107992850709866,0.0009051116881797231,-0.0009169747899725209,4.2525586579207,176
20,0.9930552487741013,4.228569089103437,176,1.0109465446755725,0.0010697156063147924,-0.0011329957733123546,4.2500208593408,176
23,0.9930622768583258,4.233146725062708,176,1.0110351510664974,0.0008611058049602217,-0.0009024199489738504,4.249275467058,176
