Sample,M0,M1,M3,Tau,Permeability,Energy,M1_Moose,M3_ana
1,0.9137874948293381,80.31513287158621,3704,1.0899067741082433,1e-16,1e-16,1e-16,3704
2,0.9139652049590162,80.10090413268497,3693,1.0897453578656153,1e-16,1e-16,1e-16,3693
3,0.9133778579202493,80.64586607795395,3716,1.090529989436481,1e-16,1e-16,1e-16,3715
4,0.9134662109790723,80.500666669259,3708,1.090479392741529,1e-16,1e-16,1e-16,3708
