Sample,M0,M1,M3,Tau,Permeability,Energy,M1_Moose,M3_ana
1,0.8539082172360754,89.21658218166336,3724,1.1010694990918857,4.36371945725795e-06,-4.262175082706926e-06,89.798712302553,3724
2,0.8550969674820583,88.5435022460637,3692,1.1001548789729696,4.437438070287645e-06,-4.3695320935359555e-06,89.136807677237,3695
