Sample,M0,M1,M3,Tau,Permeability,Energy,M1_Moose,M3_ana
1,0.9159812611194332,65.12275653797361,3025,1.1728282793429878,4.162702629666039e-06,-4.05505146731302e-06,111.28432542683,2784
2,0.9158055590138192,65.1866297518901,3021,1.1739564656877017,1.1494107823348476e-05,-1.1324308459564542e-05,70.933706451065,2783
3,0.9156137927156919,65.36743481229969,3031,1.1741040818662347,1.1537276319328531e-05,-1.1370206525905816e-05,71.223919582385,2795
4,0.9159119842892197,65.13801400225165,2981,1.171959485802986,1.1508460894253739e-05,-1.1277667668239336e-05,71.047868819373,2787
5,0.9154069662370834,65.5107381020967,3011,1.1734460698481959,1.1383723089407203e-05,-1.1299728016433242e-05,71.324234964186,2800
