Sample,M0,M1,M3,Tau,Permeability,Energy,M1_Moose,M3_ana
1,0.9105093955445962,77.1257244891498,3431,1.297796212142569,1e-16,1e-16,1e-16,3431
2,0.9112935289416508,76.45494493151142,3403,1.2935884463264233,1e-16,1e-16,1e-16,3403
3,0.910481283207698,77.14820840988283,3435,1.2976799746147154,1e-16,1e-16,1e-16,3436
4,0.910581684410906,77.10748611012444,3433,1.298677472700209,1e-16,1e-16,1e-16,3433
