Sample,M0,M1,M3,Tau,Permeability,Energy,M1_Moose,M3_ana
1,0.9623575808932494,22.96449236204487,957,1.094548535077362,0.00010053141868979612,-0.00010204747439972189,23.125613976157,957
2,0.9624208336512705,22.94836379143076,957,1.0939480035914828,9.507426939005431e-05,-9.577459961115791e-05,23.123617639622,957
4,0.9625142067702539,22.933178491964448,957,1.0938652842985186,9.366502892956343e-05,-9.649847621822051e-05,23.126091504793,957
8,0.9624489459881688,22.94196897306575,957,1.0942152972174266,9.651835585250527e-05,-9.618305581580278e-05,23.136698027573,957
12,0.9623154123879021,23.045739620331116,961,1.0953514569700304,9.792194952724543e-05,-9.866249285442327e-05,23.230424854012,961
16,0.9627762539106268,22.77319127118607,950,1.0931749251117864,9.61247347653507e-05,-9.635158247845208e-05,22.970992312295,950
20,0.9625362950349597,22.88801330926792,954,1.0938264542072322,9.557331496232798e-05,-9.622495734053961e-05,23.059691334273,954
23,0.9622601917261376,23.040780845271787,960,1.094965568247725,9.708469436826149e-05,-9.808918241037785e-05,23.21450156175,960
