Sample,M0,M1,M3,Tau,Permeability,Energy,M1_Moose,M3_ana
1,0.89505664635885,84.94157642865338,4133,1.230543237841456,1e-16,1e-16,1e-16,3704
2,0.8952343564885281,84.70894466606191,4116,1.230018881632394,1e-16,1e-16,1e-16,3693
3,0.8947213063401351,85.26628241239521,4131,1.2313780427840555,1e-16,1e-16,1e-16,3715
4,0.8947845590981562,85.13159538243231,4115,1.2311624864312207,1e-16,1e-16,1e-16,3708
