Sample,M0,M1,M3,Tau,Permeability,Energy,M1_Moose,M3_ana
1,0.9360524656527484,39.070582987974745,1629,1.10514881984455,3.371393413971524e-05,-3.371287601562549e-05,39.352624448018,1629
2,0.9360665218211975,39.05813502209868,1629,1.104766693263284,3.354317901288865e-05,-3.402808070943491e-05,39.337016487978,1629
4,0.9359129079802893,39.13455825834672,1632,1.1051673200901515,3.397742350489529e-05,-3.4074242613393906e-05,39.434844683845,1632
8,0.9363426251300195,38.84692947111272,1619,1.1044183606532465,3.3842209148097515e-05,-3.4175230279356236e-05,39.135233363257,1619
12,0.9363205368653138,38.85353797899105,1619,1.1050382781389059,3.420183569839335e-05,-3.434638607944709e-05,39.136029453037,1619
16,0.9360574857129088,39.08241977695462,1629,1.1051867859756987,3.307712219933961e-05,-3.270392535178172e-05,39.34379560412,1629
20,0.9367964385685198,38.59255691278365,1609,1.1034576220346002,3.392051010524986e-05,-3.366203822434238e-05,38.892364950972,1609
23,0.9357673262356376,39.2312603221415,1635,1.106354354630367,3.38776691616554e-05,-3.39837364981928e-05,39.514676409832,1635
