Sample,M0,M1,M3,Tau,Permeability,Energy,M1_Moose,M3_ana
1,0.9136810695539376,80.22115026678412,4470,1.2138014735718812,1e-16,1e-16,1e-16,3704
2,0.9137573744683757,80.16461910913902,4522,1.216517430258211,1e-16,1e-16,1e-16,3693
3,0.9133437215111586,80.48392936219254,4520,1.2158416556834575,1e-16,1e-16,1e-16,3715
4,0.9134893032558102,80.46506065306632,4522,1.216543705566481,1e-16,1e-16,1e-16,3708
