Sample,M0,M1,M3,Tau,Permeability,Energy,M1_Moose,M3_ana
1,0.8996249011048149,81.45203255488563,3538,1.296204298505162,1e-16,1e-16,1e-16,3538
2,0.9004542150433131,80.74953486810348,3508,1.2929800502387148,1e-16,1e-16,1e-16,3508
3,0.8994853434323556,81.58668011660245,3540,1.296935244086144,1e-16,1e-16,1e-16,3540
4,0.8997724908735306,81.45869687929287,3534,1.2975708503713246,1e-16,1e-16,1e-16,3534
