Sample,M0,M1,M3,Tau,Permeability,Energy,M1_Moose,M3_ana
1,0.9363275649495384,49.27361135863786,2282,1.128984208467905,2.025258499663047e-05,-2.00523118767313e-05,53.771195873791,2108
2,0.9361669230244055,49.32629165703629,2273,1.1282469116234233,2.032456344662382e-05,-2.023750051027701e-05,53.713092355449,2107
3,0.9358536712703965,49.672269946157826,2315,1.1294380930216892,2.0442031048887536e-05,-2.0348707938854293e-05,54.161109826511,2124
4,0.9362141115899133,49.326623751287904,2263,1.1281604377644794,1.974587222723435e-05,-1.9568320973626594e-05,53.897262577407,2113
5,0.9361167224228015,49.42798238753416,2281,1.1286871053038612,2.037907712806205e-05,-2.0267755778730195e-05,53.899637763647,2116
