Sample,M0,M1,M3,Tau,Permeability,Energy,M1_Moose,M3_ana
1,0.783704683916932,101.06957209630639,3681,1.3126260078230805,6.213370168251192e-06,-6.125741563598116e-06,88.776288059707,3683
2,0.785870337870129,100.03891389208194,3646,1.3079886838753516,1e-16,1e-16,1e-16,3646
3,0.7833834000666664,101.1490811086791,3684,1.318230307711233,1e-16,1e-16,1e-16,3686
4,0.7840932365733471,100.79580139336898,3672,1.3136780249040254,1e-16,1e-16,1e-16,3674
5,0.7844597009650564,100.67528422691286,3667,1.3122345084128197,1e-16,1e-16,1e-16,3670
6,0.7878763539102253,99.06789013174674,3608,1.3060152025693306,1e-16,1e-16,1e-16,3611
7,0.7838522736856478,101.00653332540178,3679,1.313028368151948,1e-16,1e-16,1e-16,3681
8,0.7868904140947225,99.5970392523704,3626,1.3111505260175211,1e-16,1e-16,1e-16,3628
9,0.786520937666917,99.74684222190979,3634,1.3083772338552704,1e-16,1e-16,1e-16,3635
