Sample,M0,M1,M3,Tau,Permeability,Energy,M1_Moose,M3_ana
1,0.8957343544805041,85.02837276003606,4707,1.2369049655756534,1e-16,1e-16,1e-16,3678
2,0.8959000164657973,84.9495375127689,4698,1.2363680090889042,1e-16,1e-16,1e-16,3673
3,0.8951480114537692,85.5245977460064,4704,1.2386853110659006,1e-16,1e-16,1e-16,3696
4,0.8949863655166044,85.59472144866444,4734,1.2386555355639841,1e-16,1e-16,1e-16,3700
