Sample,M0,M1,M3,Tau,Permeability,Energy,M1_Moose,M3_ana
1,0.8973086453468059,63.16425728265298,2567,1.195724726635617,1.2189508231996677e-05,-1.1977835849908034e-05,68.702667853346,2567
2,0.8971992080353091,63.195975411796745,2567,1.193985531684096,1e-16,1e-16,1e-16,2567
3,0.8967624628013542,63.48109690323661,2578,1.1967896395883661,1e-16,1e-16,1e-16,2578
4,0.8969903735326364,63.34665625935264,2575,1.19513902852418,1e-16,1e-16,1e-16,2575
5,0.8969994096409252,63.474774249683335,2582,1.1967564368547574,1e-16,1e-16,1e-16,2582
