Sample,M0,M1,M3,Tau,Permeability,Energy,M1_Moose,M3_ana
1,0.8753589343014687,71.61368296972618,2711,1.206186055961497,3.0621515303529085e-06,-3.0012446560927424e-06,119.50104602077,2711
2,0.8754091349030727,71.69633357475247,2709,1.203311048323852,1e-16,1e-16,1e-16,2709
3,0.8745225922787458,72.2321238998201,2731,1.2082500040701971,1e-16,1e-16,1e-16,2731
4,0.8751360436303469,71.74917851781578,2715,1.2047577264403344,1e-16,1e-16,1e-16,2715
5,0.8743910667025434,72.27024642393123,2734,1.2096331777423568,1e-16,1e-16,1e-16,2734
