Sample,M0,M1,M3,Tau,Permeability,Energy,M1_Moose,M3_ana
1,0.9490724936847643,47.43843504912434,2186,1.0529281023114692,1e-16,1e-16,1e-16,2186
2,0.9490293211673849,47.43320676802278,2184,1.0529322260033336,1e-16,1e-16,1e-16,2184
3,0.9486036200657829,47.842679936882625,2200,1.0535991573270425,1e-16,1e-16,1e-16,2200
4,0.9487010092328947,47.788477887005854,2196,1.0535470590088336,1e-16,1e-16,1e-16,2196
5,0.9490313291914491,47.42025925830836,2189,1.0531888770548345,1e-16,1e-16,1e-16,2189
