Sample,M0,M1,M3,Tau,Permeability,Energy,M1_Moose,M3_ana
1,0.9001118469403737,77.38345573258665,3581,1.2102901830661625,7.986614213539502e-06,-7.793561479461163e-06,84.329935190941,3309
2,0.9001720876622985,77.32597056535471,3567,1.206516911651901,7.928014114622603e-06,-7.706416045382714e-06,84.315965620424,3309
3,0.8995244999016068,77.82728230772503,3571,1.209148262276307,7.927119995505818e-06,-7.790349635641441e-06,84.7701800369,3329
4,0.8995736964911788,77.83884678574078,3624,1.2111927545704835,7.793588435432687e-06,-7.579901425990803e-06,84.695232137297,3325
