Sample,M0,M1,M3,Tau,Permeability,Energy,M1_Moose,M3_ana
1,0.8232858502576295,93.39202023983752,3678,1.180280580369834,1e-16,1e-16,1e-16,3678
2,0.8235227970972004,93.2686377584505,3673,1.180026206582203,1e-16,1e-16,1e-16,3673
3,0.8224244079341047,93.8496191910998,3696,1.1817681920353669,1e-16,1e-16,1e-16,3696
4,0.8221985052268866,93.96241035726261,3700,1.181199690390026,1e-16,1e-16,1e-16,3700
5,0.8236824350103011,93.1991320043691,3671,1.1796646600691252,1e-16,1e-16,1e-16,3671
