Sample,M0,M1,M3,Tau,Permeability,Energy,M1_Moose,M3_ana
1,0.935084598053823,60.37584505863844,2784,1.2405741705206856,1e-16,1e-16,1e-16,2784
2,0.9351277705712026,60.38411964761859,2783,1.2389737090786745,1e-16,1e-16,1e-16,2783
3,0.9348004626487444,60.67591504006803,2795,1.2423792218693106,1e-16,1e-16,1e-16,2795
4,0.93502034128377,60.5387996508032,2787,1.241131264876289,1e-16,1e-16,1e-16,2787
5,0.9348466472022201,60.714852853986294,2800,1.241792130613001,1e-16,1e-16,1e-16,2800
