Sample,M0,M1,M3,Tau,Permeability,Energy,M1_Moose,M3_ana
1,0.9425464154762431,35.09150661863325,1463,1.0941057544497483,4.047318391743379e-05,-4.069641851546703e-05,35.3422406419,1463
2,0.9426166963184887,35.051592837001564,1462,1.0935754914431004,4.0690812715341834e-05,-4.11591977969507e-05,35.298497064296,1462
4,0.9424741266099332,35.11631403729082,1464,1.0938327602980256,4.0780369827260944e-05,-4.121920012561884e-05,35.384119293533,1464
8,0.942669908956189,34.98353947450867,1458,1.0931838358047021,4.024898085081219e-05,-4.086682669169972e-05,35.247160475887,1458
12,0.942520311163409,35.06611114304277,1461,1.094676173291491,4.105866409326759e-05,-4.1244454421926866e-05,35.317855509671,1461
16,0.9427612740511082,34.986125706794994,1458,1.093831580699074,4.0085683634959555e-05,-4.005943224594792e-05,35.229893396852,1458
20,0.9430032409508395,34.804860570793146,1451,1.0929316708347434,4.082969217287202e-05,-4.061520739889973e-05,35.080907506609,1451
23,0.9425494275123393,35.08660366010283,1462,1.0943946843244197,4.08194424084e-05,-4.1005447428218286e-05,35.335260470391,1462
