Sample,M0,M1,M3,Tau,Permeability,Energy,M1_Moose,M3_ana
1,0.9171358749563254,50.58282153342146,2108,1.1382970843723783,2.05124898631446e-05,-2.0435758674545154e-05,50.944561124809,2108
2,0.917255352388143,50.53246753786948,2107,1.1374666897621089,2.0456447845336287e-05,-2.0544721853399448e-05,50.888083869234,2107
4,0.9169812571033851,50.69604007861088,2113,1.1378891226823848,1.994204970098061e-05,-1.987645484196233e-05,51.067738721687,2113
8,0.9177031417544508,50.22091878659679,2093,1.1366427166183903,2.0362210173125762e-05,-2.0403254015541275e-05,50.588219255401,2093
12,0.9173718177838643,50.44780918088742,2103,1.1381770367741169,2.0756733514290305e-05,-2.0697243378791135e-05,50.794199858949,2103
16,0.9170947104630102,50.669336541055365,2111,1.1384884483319564,2.1138755443390582e-05,-2.1065977580546263e-05,50.978680014454,2111
20,0.9175635840819917,50.328370038600205,2098,1.1370942762223386,2.0690831314117452e-05,-2.0601361564887535e-05,50.694010362211,2098
23,0.9171378829803897,50.581861913990856,2109,1.1387375299146951,2.048264897025374e-05,-2.044621383765097e-05,50.97108993452,2109
