Sample,M0,M1,M3,Tau,Permeability,Energy,M1_Moose,M3_ana
1,0.8571120196304433,87.24231698801087,3641,1.0987959494228858,4.5660284469460384e-06,-4.465655176724764e-06,87.825107408255,3641
2,0.8571833044847209,87.26439664968055,3638,1.0986892139696418,4.604519154416399e-06,-4.525949342583268e-06,87.843360350337,3641
