Sample,M0,M1,M3,Tau,Permeability,Energy,M1_Moose,M3_ana
1,0.8557726675796483,88.29283032560521,3682,1.2511554456412992,6.213368847424377e-06,-6.1257401290689195e-06,88.776288059707,3683
2,0.8570015783069145,87.41086156526367,3646,1.2442664624339437,6.314338330370416e-06,-6.237728891820387e-06,87.954311960062,3646
3,0.8556100176304513,88.37239515450685,3685,1.2501676770109704,6.21969249442748e-06,-6.101263446367756e-06,88.871042057814,3686
4,0.8558670447106638,88.12517969274288,3674,1.2479043517522348,6.236031818096953e-06,-6.181268019414516e-06,88.626206530787,3674
5,0.856220456945956,87.99545820951977,3670,1.2464708219524927,6.172556689884543e-06,-6.0603872732173964e-06,88.446791042381,3670
6,0.8583499664659981,86.61235192807513,3611,1.2436003167126368,6.331942551812078e-06,-6.255211845810194e-06,87.121395558287,3611
7,0.8557626274593275,88.22231590724476,3680,1.2539869006900322,6.261657396892965e-06,-6.152283021157784e-06,88.730871027432,3681
