Sample,M0,M1,M3,Tau,Permeability,Energy,M1_Moose,M3_ana
1,0.8539774940662889,89.23732108480236,3722,1.4296338543546423,8.6759789403969e-06,-8.559876491565319e-06,89.832727232399,3724
2,0.8550467668804543,88.57138866916547,3694,1.4246736904685993,8.859667958055291e-06,-8.791170905143491e-06,89.150774376242,3695
