Sample,M0,M1,M3,Tau,Permeability,Energy,M1_Moose,M3_ana
1,0.8555798972694889,88.25281080266832,3680,1.425008170361307,8.866419852482771e-06,-8.755075332550804e-06,88.839649466626,3683
2,0.8569915381865937,87.38443062058114,3645,1.417840002961762,9.04587793770626e-06,-8.961737202349917e-06,87.964115998193,3646
