Sample,M0,M1,M3,Tau,Permeability,Energy,M1_Moose,M3_ana
1,0.8826330014738897,71.18235269052286,2933,1.0835504712812902,7.040185961122549e-06,-6.864301075264487e-06,78.439788147534,2933
2,0.8832936413909984,70.94774983929985,2927,1.0825041347957662,1e-16,1e-16,1e-16,2927
3,0.8828568961570435,71.20075851913498,2936,1.0833037193228106,1e-16,1e-16,1e-16,2936
4,0.8829572973602515,71.10304101938064,2930,1.0829119124386015,1e-16,1e-16,1e-16,2930
5,0.88318822012763,71.07459923591159,2933,1.0830764263646662,1e-16,1e-16,1e-16,2933
