Sample,M0,M1,M3,Tau,Permeability,Energy,M1_Moose,M3_ana
1,0.8631541640395018,83.5204041202147,3484,1.2376408667401904,7.130342876613629e-06,-6.99501600781662e-06,84.054567808783,3484
2,0.8641380958309405,82.94297134420421,3459,1.2343606520099946,7.309616079253186e-06,-7.180579674275125e-06,83.467415904774,3459
