Sample,M0,M1,M3,Tau,Permeability,Energy,M1_Moose,M3_ana
1,0.899427110734495,54.89635114791355,2186,1.0918322729654397,1.3830207418472022e-05,-1.3730130177354018e-05,60.432109146009,2186
2,0.8993839382171156,54.86522784738316,2184,1.0918310474484636,1e-16,1e-16,1e-16,2184
3,0.8988849442371717,55.21942094219733,2200,1.092704222135295,1e-16,1e-16,1e-16,2200
4,0.8991108469443898,55.114118966851265,2196,1.0923638058182157,1e-16,1e-16,1e-16,2196
5,0.8992433765326243,54.97399673795395,2189,1.0925932666051503,1e-16,1e-16,1e-16,2189
