Sample,M0,M1,M3,Tau,Permeability,Energy,M1_Moose,M3_ana
1,0.8527365351946378,90.62393177635587,3681,1.2944824534247878,1e-16,1e-16,1e-16,3683
2,0.8542074128216353,89.67402409150118,3645,1.2894916854807807,1e-16,1e-16,1e-16,3646
3,0.8526130417146919,90.67454850626962,3686,1.2933502635943332,1e-16,1e-16,1e-16,3686
4,0.853040750840358,90.35815261299544,3670,1.2940159566628273,1e-16,1e-16,1e-16,3674
5,0.8536853265649536,90.20473443184929,3669,1.2907715714300902,1e-16,1e-16,1e-16,3670
