Sample,M0,M1,M3,Tau,Permeability,Energy,M1_Moose,M3_ana
1,0.902670069598114,78.71937950277663,3814,1.2104550257283657,1e-16,1e-16,1e-16,3431
2,0.9035325159336709,78.02375982991504,3766,1.2083927076102956,1e-16,1e-16,1e-16,3403
3,0.9024853313842113,78.89693133747478,3776,1.2111305206215859,1e-16,1e-16,1e-16,3436
4,0.9025264958775266,78.81335100466164,3807,1.212295399214459,1e-16,1e-16,1e-16,3433
