Sample,M0,M1,M3,Tau,Permeability,Energy,M1_Moose,M3_ana
1,0.9167151939148839,67.34416502857832,3241,1.1789841709265214,1e-16,1e-16,1e-16,2933
2,0.9168939080565941,67.13471803854729,3221,1.1784118392653085,1e-16,1e-16,1e-16,2927
3,0.9167382861916217,67.4282911451564,3281,1.180165752658722,1e-16,1e-16,1e-16,2936
4,0.9169280444656849,67.25227063853892,3256,1.1787735872764677,1e-16,1e-16,1e-16,2930
