Sample,M0,M1,M3,Tau,Permeability,Energy,M1_Moose,M3_ana
1,0.8402908020449718,88.48091364387219,3484,1.2822564378604508,1e-16,1e-16,1e-16,3484
2,0.8412526455717045,87.87838082319863,3459,1.2796468599967465,1e-16,1e-16,1e-16,3459
3,0.8398671089674339,88.64412139379637,3490,1.2821922368231866,1e-16,1e-16,1e-16,3490
4,0.8402426094674319,88.46536355358865,3482,1.283058159622222,1e-16,1e-16,1e-16,3482
5,0.8399424098698399,88.47828794333978,3479,1.282482121268562,1e-16,1e-16,1e-16,3479
