Sample,M0,M1,M3,Tau,Permeability,Energy,M1_Moose,M3_ana
1,0.89332874165164,83.11370069960189,4277,1.230042077922746,6.870220721261718e-06,-6.656824542708588e-06,90.082441191315,3538
2,0.8943568499724901,82.39717747893643,4240,1.2273802247493824,1e-16,1e-16,1e-16,3508
3,0.8933468138682173,83.16963141878985,4251,1.229831110219704,1e-16,1e-16,1e-16,3540
4,0.893341793808057,83.16329241695375,4275,1.2309068348179708,1e-16,1e-16,1e-16,3534
