Sample,M0,M1,M3,Tau,Permeability,Energy,M1_Moose,M3_ana
1,0.969150726302304,18.86616181012241,787,1.0221844914694889,0.00010611397549555236,-0.00010887254491759779,19.003029338887,787
2,0.9691949028317155,18.820060127958545,785,1.0221668460858102,0.0001015912447331557,-0.00010362712109848088,18.954320772657,785
