Sample,M0,M1,M3,Tau,Permeability,Energy,M1_Moose,M3_ana
1,0.857058806992743,86.81417966998298,3581,1.1004500224647096,1e-16,1e-16,1e-16,3581
2,0.8577626194272312,86.3767479132096,3561,1.0997399325252235,1e-16,1e-16,1e-16,3561
3,0.8570778832213525,86.9145786867986,3586,1.1001294395920398,1e-16,1e-16,1e-16,3586
4,0.8566551941558468,87.08693493696086,3590,1.1005256601413942,1e-16,1e-16,1e-16,3590
5,0.8581220557347159,86.25104870557848,3559,1.099700566408387,1e-16,1e-16,1e-16,3559
