Sample,M0,M1,M3,Tau,Permeability,Energy,M1_Moose,M3_ana
1,0.846417283464725,81.13816095207528,3194,1.1566973855946259,1e-16,1e-16,1e-16,3194
2,0.8466622624005526,81.01935610664754,3190,1.1559739157177673,1e-16,1e-16,1e-16,3190
3,0.8457847558845145,81.4688152219508,3207,1.1574226969368429,1e-16,1e-16,1e-16,3207
4,0.8461351560837105,81.29211137362543,3200,1.1566860066461835,1e-16,1e-16,1e-16,3200
5,0.8463419825623191,81.19795607387086,3197,1.1570094838447882,1e-16,1e-16,1e-16,3197
