Sample,M0,M1,M3,Tau,Permeability,Energy,M1_Moose,M3_ana
1,0.9793444604640142,12.620861371850792,526,1.0149176664900634,0.0001900349189539058,-0.0001948091905863712,12.710839317568,526
2,0.9793454644760463,12.620821903604694,527,1.0148195363680985,0.00019984388548221607,-0.00020461284297130193,12.711383822373,527
3,0.979255103393159,12.650818135117728,527,1.0149047710858523,0.00018473222808177285,-0.00019213497326869808,12.754795157491,527
