Sample,M0,M1,M3,Tau,Permeability,Energy,M1_Moose,M3_ana
1,0.8877394066690495,68.5209271249876,2858,1.190693276999435,1.1070945977620278e-05,-1.0861682048581164e-05,69.016257295263,2858
2,0.8878869964377654,68.46682035988584,2855,1.1894060776814128,1.093880949405784e-05,-1.0878311255247977e-05,68.92131100776,2855
4,0.887632981393649,68.60177689589098,2861,1.1904955697940662,1.0951848450883988e-05,-1.0835071638298284e-05,69.095400117392,2861
12,0.8875637045634355,68.65436868119484,2863,1.1914427661931322,1.1035885139123879e-05,-1.0891966969244987e-05,69.154874715661,2863
16,0.8875426203107618,68.725159377278,2865,1.1917851882764527,1.107316450287856e-05,-1.1042241919883103e-05,69.147601129369,2865
