Sample,M0,M1,M3,Tau,Permeability,Energy,M1_Moose,M3_ana
1,0.8695467086477564,68.89535305512953,2711,1.2312668835523528,1.0733343222349806e-05,-1.062030487226637e-05,75.719743573967,2711
2,0.869679238235991,68.83689869186463,2709,1.2292500498312764,1e-16,1e-16,1e-16,2709
3,0.8686752262039108,69.37940238618792,2731,1.2331975777065676,1e-16,1e-16,1e-16,2731
4,0.8693961068429444,68.98381999819027,2715,1.2308297997282358,1e-16,1e-16,1e-16,2715
5,0.8686451058429484,69.41778483973891,2734,1.232439964582345,1e-16,1e-16,1e-16,2734
