Sample,M0,M1,M3,Tau,Permeability,Energy,M1_Moose,M3_ana
1,0.8542515893510468,93.12593157257233,3641,1.2798693056364583,1e-16,1e-16,1e-16,3641
2,0.8545347207440934,93.00625281588664,3641,1.2767202098228025,1e-16,1e-16,1e-16,3641
3,0.8535427568563981,93.61916326227112,3665,1.2786592552729112,1e-16,1e-16,1e-16,3665
4,0.8533770948711049,93.72030820900409,3670,1.2778730448546323,1e-16,1e-16,1e-16,3670
5,0.8546270898510447,93.12327317547427,3641,1.2779420166809867,1e-16,1e-16,1e-16,3641
