Sample,M0,M1,M3,Tau,Permeability,Energy,M1_Moose,M3_ana
1,0.9022905530499877,59.67627944109482,2489,1.2668483129633639,1.884291103880776e-05,-1.881204700366759e-05,60.142542122297,2489
2,0.9022985851462444,59.674248569175774,2488,1.2647453823610333,1.8645358132950692e-05,-1.8667003545246537e-05,60.104175393174,2488
4,0.9018578238641611,59.91755338840554,2498,1.2670714455696612,1.837786244100831e-05,-1.8420777991452633e-05,60.363692958809,2498
8,0.9026851297785953,59.45801207831875,2480,1.2645989247132365,1.8663657164747923e-05,-1.8739355386326868e-05,59.90708636033,2480
12,0.9022373404122875,59.71516143848417,2490,1.2676273499408106,1.892173984560997e-05,-1.8988181889570085e-05,60.150485356697,2490
16,0.9021710756181702,59.77402006081241,2493,1.2661324293902136,1.8976129162047644e-05,-1.904027194356122e-05,60.199585630956,2493
20,0.9023728820366184,59.63090734056545,2486,1.2677950129600173,1.876170809720554e-05,-1.8764630459477012e-05,60.042639892821,2487
23,0.9015024036048048,60.13886705906019,2508,1.2674135131390105,1.8396680065136842e-05,-1.8301219047057063e-05,60.609177608064,2508
