Sample,M0,M1,M3,Tau,Permeability,Energy,M1_Moose,M3_ana
1,0.9291538989803254,60.857800365750705,3117,1.1590642859437164,1.3018789866397784e-05,-1.2779281661809418e-05,67.158706165731,2711
2,0.9290966702944968,60.697050866772216,3107,1.1574481692024063,1e-16,1e-16,1e-16,2709
3,0.9288265910578672,61.10865019232613,3162,1.1600979752374296,1e-16,1e-16,1e-16,2731
4,0.9291428548479725,60.834061394659685,3134,1.159796115092198,1e-16,1e-16,1e-16,2715
5,0.9286087204469058,61.26034250908298,3131,1.160660646531186,1e-16,1e-16,1e-16,2734
