Sample,M0,M1,M3,Tau,Permeability,Energy,M1_Moose,M3_ana
1,0.8889883976369573,67.49646780744189,2784,1.29148406082144,1.3028232698080886e-05,-1.2830219244746814e-05,74.495589525014,2784
2,0.8889964297332139,67.49947464707436,2783,1.2892468700382973,1e-16,1e-16,1e-16,2783
3,0.8884392030554095,67.77625218964427,2795,1.2928887618919558,1e-16,1e-16,1e-16,2795
4,0.8883357898161052,67.68464365392991,2787,1.2912741628844187,1e-16,1e-16,1e-16,2787
5,0.8884683194043398,67.82189379621586,2800,1.2914950546994268,1e-16,1e-16,1e-16,2800
