Sample,M0,M1,M3,Tau,Permeability,Energy,M1_Moose,M3_ana
1,0.8949150806623266,81.85871521340982,4217,1.2262557624983792,7.094276632170193e-06,-6.885325532990028e-06,88.72182864094,3484
2,0.8957945952024289,81.26722420695037,4187,1.223901895788097,1e-16,1e-16,1e-16,3459
3,0.8948618680246264,81.98733274757886,4194,1.2261785390037556,1e-16,1e-16,1e-16,3490
4,0.8948909843735567,81.94211174835343,4207,1.2269866259485998,1e-16,1e-16,1e-16,3482
