Sample,M0,M1,M3,Tau,Permeability,Energy,M1_Moose,M3_ana
1,0.8907785510901562,66.72658639137546,2783,1.3030733437366937,1.5215623868431026e-05,-1.5069373755859281e-05,67.238214405201,2784
2,0.8907293545005843,66.7411999821917,2783,1.3004723463643082,1.5111819731163436e-05,-1.5090484227590028e-05,67.229495800489,2783
4,0.8905275480821362,66.8317767336637,2787,1.3028989859132878,1.514016808976399e-05,-1.5047330780065373e-05,67.304671434792,2787
12,0.890287589206469,66.99727808986867,2794,1.3050111623801262,1.5234271817074794e-05,-1.5147613845411634e-05,67.48057594935,2794
16,0.8903297577118164,67.02811553607403,2796,1.3035352623903993,1.5292880387130194e-05,-1.5340908992465376e-05,67.497189794353,2796
20,0.8905737326356119,66.82913468484847,2786,1.3052962231419885,1.5092133906262605e-05,-1.5088993017811634e-05,67.291995499965,2787
23,0.8906811619230445,66.74637244676434,2782,1.3022729154445836,1.506482838083435e-05,-1.4998098730632688e-05,67.255736595138,2784
