Sample,M0,M1,M3,Tau,Permeability,Energy,M1_Moose,M3_ana
1,0.8987564306970655,56.37380826211967,2108,1.1595628247157252,6.366909170629696e-06,-6.234624939931635e-06,88.699474632042,2108
2,0.8988718920807547,56.25245549081501,2107,1.1582211279370997,1e-16,1e-16,1e-16,2107
3,0.8979923775406524,56.822797725228334,2124,1.161055825824394,1e-16,1e-16,1e-16,2124
4,0.8985475961943928,56.53163943456024,2113,1.1583407277685622,1.5955388541495848e-05,-1.584315607702604e-05,59.022865391485,2113
5,0.8984953875687246,56.59483607844927,2116,1.160728176502587,1e-16,1e-16,1e-16,2116
15,0.8995415681061522,55.84666969837366,2092,1.1575931212335677,1.6379027536826593e-05,-1.6589906513218836e-05,58.363653397658,2092
