Sample,M0,M1,M3,Tau,Permeability,Energy,M1_Moose,M3_ana
1,0.9229400685137811,62.61460912099637,2711,1.101714154710393,1e-16,1e-16,1e-16,2711
2,0.9231729993052237,62.43677143197316,2709,1.1006804123275042,1e-16,1e-16,1e-16,2709
3,0.9224721989068317,62.95832930532461,2731,1.102339514767065,1e-16,1e-16,1e-16,2731
4,0.9228547274910542,62.63829904723894,2715,1.1014154837176093,1e-16,1e-16,1e-16,2715
5,0.9223768177637841,62.96244686569163,2734,1.1025010813406446,1e-16,1e-16,1e-16,2734
