Sample,M0,M1,M3,Tau,Permeability,Energy,M1_Moose,M3_ana
1,0.9334872149107835,68.47014775797223,3309,1.2907891576038613,1e-16,1e-16,1e-16,3309
2,0.9336147244388576,68.43412149891142,3309,1.2894527367550117,1e-16,1e-16,1e-16,3309
3,0.9331478588439404,68.97724314181137,3329,1.2943981949231094,1e-16,1e-16,1e-16,3329
4,0.9331649270484857,68.92202565597509,3325,1.2932058352331377,1e-16,1e-16,1e-16,3325
