Sample,M0,M1,M3,Tau,Permeability,Energy,M1_Moose,M3_ana
1,0.8627846876116964,73.4613836927962,2858,1.2303732840867476,8.503485000715236e-06,-8.29453046528964e-06,79.736598496736,2858
2,0.8628489443817494,73.43608350198075,2855,1.228850979185304,1e-16,1e-16,1e-16,2855
3,0.8622816775836242,73.77826278162594,2870,1.2322538616176948,1e-16,1e-16,1e-16,2870
4,0.8624754519058156,73.59342867394388,2861,1.230443385414485,1e-16,1e-16,1e-16,2861
5,0.8629031610314818,73.53336404610609,2862,1.2306732892118972,1e-16,1e-16,1e-16,2862
