Sample,M0,M1,M3,Tau,Permeability,Energy,M1_Moose,M3_ana
1,0.931514331267746,55.845859935841105,3070,1.149986513014626,1e-16,1e-16,1e-16,2415
2,0.9314832068947514,55.85403924004622,3076,1.1497488552960051,1e-16,1e-16,1e-16,2412
3,0.9312713603559825,56.063539241684275,3099,1.1505463776803597,1e-16,1e-16,1e-16,2423
4,0.9309621246501018,56.26106770132133,3094,1.1505764149963031,1e-16,1e-16,1e-16,2431
5,0.9313667414990301,55.98632383559238,3040,1.1502702447845967,1e-16,1e-16,1e-16,2423
