Sample,M0,M1,M3,Tau,Permeability,Energy,M1_Moose,M3_ana
1,0.9042112280673572,77.71953174060484,3375,1.2807428115718484,1e-16,1e-16,1e-16,3375
2,0.904673073602114,77.30890838276434,3357,1.27820181177684,1e-16,1e-16,1e-16,3357
3,0.9038387396034554,78.0275346401606,3385,1.2821202089690096,1e-16,1e-16,1e-16,3385
4,0.9043166493307255,77.7640626264419,3374,1.28169755903219,1e-16,1e-16,1e-16,3374
