Sample,M0,M1,M3,Tau,Permeability,Energy,M1_Moose,M3_ana
1,0.9242482961915816,70.45102097825453,3249,1.286192271025312,1e-16,1e-16,1e-16,3249
2,0.9243175730217951,70.45707412576557,3250,1.2849228258216459,1e-16,1e-16,1e-16,3250
3,0.9237784185605681,70.9526975114421,3267,1.289218769962077,1e-16,1e-16,1e-16,3267
4,0.9238878558720648,70.90538982376869,3265,1.288438408071379,1e-16,1e-16,1e-16,3265
