Sample,M0,M1,M3,Tau,Permeability,Energy,M1_Moose,M3_ana
1,0.9385775559134301,47.56996850358874,2209,1.1234582183983037,2.1801488918397782e-05,-2.1510900858156232e-05,51.737994484747,2029
2,0.9385775559134301,47.50634167575119,2207,1.122890720351807,2.166738273842438e-05,-2.1571185408249308e-05,51.748819948615,2030
3,0.9382060714615604,47.91622587535485,2220,1.1261649298650263,2.214900516783158e-05,-2.201061524096399e-05,52.141416718184,2045
4,0.9385494435765318,47.622655573667636,2214,1.1247732008425213,2.1501140015018283e-05,-2.1438056205813848e-05,51.863162158203,2033
5,0.9385223352516656,47.54597917966019,2209,1.1244488453938215,2.2116357103330748e-05,-2.1899110622856512e-05,51.915530284658,2039
