Sample,M0,M1,M3,Tau,Permeability,Energy,M1_Moose,M3_ana
1,0.9172322601114051,50.54919847193478,2108,1.221844662864349,2.5390351919511357e-05,-2.5443495187225487e-05,50.942994098863,2108
2,0.9172483243039184,50.546707524423475,2107,1.2197364192316975,2.5406698079542384e-05,-2.557668731247424e-05,50.904133180126,2107
4,0.9170224215967004,50.66982727144874,2113,1.221128005415886,2.467575020875457e-05,-2.4663406426037675e-05,51.050416190036,2113
8,0.9178135830779796,50.189753976055776,2093,1.2187043142009262,2.5477628235767313e-05,-2.557609176401108e-05,50.581368616145,2093
12,0.9174722189870723,50.430965335157126,2103,1.2208817199989,2.5828770631891414e-05,-2.5712937113511357e-05,50.792524487228,2103
16,0.9171680033413521,50.61891791552949,2111,1.221313552610688,2.5986266047957893e-05,-2.602889254224266e-05,50.988869009308,2111
20,0.9176238248039165,50.308733042750745,2098,1.2195599704933093,2.5381030111250973e-05,-2.5323379083908037e-05,50.674536117662,2098
23,0.9171890875940257,50.57541881393476,2109,1.2208553051432416,2.5522692846362328e-05,-2.5480641967372853e-05,50.971450836662,2109
