Sample,M0,M1,M3,Tau,Permeability,Energy,M1_Moose,M3_ana
1,0.943646812663403,52.301535731205696,2949,1.136287752054165,1.716628206882327e-05,-1.6903912854221606e-05,58.634232763472,2415
2,0.9436809490724937,52.44363978717361,2943,1.1363917972979962,1e-16,1e-16,1e-16,2412
3,0.9433737213906771,52.57747883076374,2975,1.136986847686053,1e-16,1e-16,1e-16,2423
4,0.9432602680310521,52.68382613371307,2950,1.1350110554314055,1e-16,1e-16,1e-16,2431
5,0.9435042429548476,52.580787873004084,2942,1.1383477185450424,1e-16,1e-16,1e-16,2423
