Sample,M0,M1,M3,Tau,Permeability,Energy,M1_Moose,M3_ana
1,0.8977002100393171,83.41847417399768,4624,1.2319765384997752,1e-16,1e-16,1e-16,3607
2,0.8982524166569612,83.04433037912978,4585,1.2303980408338233,1e-16,1e-16,1e-16,3590
3,0.8967714989096429,84.176544560831,4635,1.2340914198226265,1e-16,1e-16,1e-16,3637
4,0.8968939883775567,84.06541947577003,4655,1.233938549270066,1e-16,1e-16,1e-16,3634
