Sample,M0,M1,M3,Tau,Permeability,Energy,M1_Moose,M3_ana
1,0.8837976554311027,61.37040191729803,2415,1.1184064350358924,1.1404473810613851e-05,-1.1285119987174516e-05,67.430708452886,2415
2,0.8839663294524922,61.286512610196546,2412,1.1180749559647745,1e-16,1e-16,1e-16,2412
3,0.883426170979233,61.57008923019479,2423,1.1194136444726797,1e-16,1e-16,1e-16,2423
4,0.8830024779016952,61.78628625280571,2431,1.1189846053513048,1e-16,1e-16,1e-16,2431
5,0.883550668471211,61.53785520892986,2423,1.118808593425768,1e-16,1e-16,1e-16,2423
