Sample,M0,M1,M3,Tau,Permeability,Energy,M1_Moose,M3_ana
1,0.9419460162810591,54.08243915300579,2489,1.0603804238289558,1e-16,1e-16,1e-16,2489
2,0.941945012269027,54.033386447738366,2488,1.0603159944179457,1e-16,1e-16,1e-16,2488
3,0.9416849731527183,54.32572085227227,2499,1.0610085075838755,1e-16,1e-16,1e-16,2499
4,0.9416287484789218,54.337271786927104,2498,1.0608377382731826,1e-16,1e-16,1e-16,2498
5,0.9416618808759805,54.27513681892416,2505,1.0609155953395957,1e-16,1e-16,1e-16,2505
