Sample,M0,M1,M3,Tau,Permeability,Energy,M1_Moose,M3_ana
1,0.8499373496491982,80.3338547964785,3125,1.254262422210754,1e-16,1e-16,1e-16,3125
2,0.8499694780342247,80.37059428889098,3125,1.252514951552712,1e-16,1e-16,1e-16,3125
3,0.8490688792414488,80.85029321686434,3146,1.2563935923431924,1e-16,1e-16,1e-16,3146
4,0.8494684760302168,80.55772200285384,3132,1.2545732398072207,1e-16,1e-16,1e-16,3132
5,0.8500658631893044,80.41554578207422,3130,1.254948156592952,1e-16,1e-16,1e-16,3130
