Sample,M0,M1,M3,Tau,Permeability,Energy,M1_Moose,M3_ana
1,0.925556523869382,76.80418582360707,3713,1.0679417386880934,1e-16,1e-16,1e-16,3713
2,0.9261237906675074,76.1735895536426,3681,1.067478639836194,1e-16,1e-16,1e-16,3681
3,0.9251840354054803,77.13902024205898,3727,1.0685518149758741,1e-16,1e-16,1e-16,3726
4,0.9253627495471906,76.86966930209644,3708,1.0683738747709413,1e-16,1e-16,1e-16,3708
