Sample,M0,M1,M3,Tau,Permeability,Energy,M1_Moose,M3_ana
1,0.907539527953703,71.8779271201562,3069,1.2385918065981896,1.113739827779169e-05,-1.0907804990871468e-05,78.225375565213,3069
2,0.9079602089951446,71.54462402978497,3055,1.2364525895152825,1e-16,1e-16,1e-16,3055
3,0.9069993694804439,72.27947414257034,3084,1.2405157573100583,1e-16,1e-16,1e-16,3084
4,0.9075475600499596,71.89974404746413,3065,1.238831210099063,1e-16,1e-16,1e-16,3065
