Sample,M0,M1,M3,Tau,Permeability,Energy,M1_Moose,M3_ana
1,0.9270996903626894,56.50908847761074,2591,1.1501650985333627,5.900278683633463e-06,-5.764963841222051e-06,95.061748143521,2415
2,0.9271940674937048,56.29056795707527,2617,1.1473960019457878,1.551900107926759e-05,-1.5382438121939057e-05,61.493784923297,2412
3,0.9268516993907655,56.599188805207675,2615,1.1493798785468317,1.5580694018324655e-05,-1.5424797513071468e-05,61.779654112554,2423
4,0.9265595318894302,56.87897318741004,2627,1.1485894278665678,1.510716097709252e-05,-1.4969401998497507e-05,61.997595731212,2431
5,0.9268356351982522,56.615968020964075,2607,1.149405519278305,1.5242482413449308e-05,-1.5151919857254294e-05,61.713405478102,2423
