Sample,M0,M1,M3,Tau,Permeability,Energy,M1_Moose,M3_ana
1,0.9260344335966523,76.74018970857726,6175,1.2156297815894084,1e-16,1e-16,1e-16,3683
2,0.9267623423199104,76.02457986741585,6142,1.2128673882673937,1e-16,1e-16,1e-16,3646
3,0.9258587314910381,76.95798741915874,6223,1.2163507351173952,1e-16,1e-16,1e-16,3686
4,0.9261900554616247,76.59440224294944,6223,1.2154947674731182,1e-16,1e-16,1e-16,3674
24,0.9256639531568146,77.15919648353385,6249,1.2157679161030723,1e-16,1e-16,1e-16,3699
