Sample,M0,M1,M3,Tau,Permeability,Energy,M1_Moose,M3_ana
1,0.8532726776197685,89.15233785229638,3678,1.102968318147008,1e-16,1e-16,1e-16,3678
2,0.8533088220529235,89.08135658666323,3673,1.1028349390331995,1e-16,1e-16,1e-16,3673
3,0.8526702704005205,89.58427182192598,3696,1.103311306717727,1e-16,1e-16,1e-16,3696
4,0.8522817177441054,89.74067372274133,3700,1.103356841239805,1e-16,1e-16,1e-16,3700
5,0.8537194629740443,88.95186514123625,3671,1.1024754658029834,1e-16,1e-16,1e-16,3671
