Sample,M0,M1,M3,Tau,Permeability,Energy,M1_Moose,M3_ana
1,0.8732284207693946,70.53877131922404,2640,1.2033816157352655,3.320406009007424e-06,-3.2545295542557343e-06,115.85237502982,2640
2,0.8734382592840992,70.4686667697707,2636,1.2008918177419607,1e-16,1e-16,1e-16,2636
3,0.8725266163589704,71.00671403779491,2656,1.2036722536804625,1e-16,1e-16,1e-16,2656
4,0.873008542134369,70.71972351417897,2646,1.2023666081385311,1e-16,1e-16,1e-16,2646
5,0.8727053305006807,70.88936835563614,2653,1.2035376103965683,1e-16,1e-16,1e-16,2653
