Sample,M0,M1,M3,Tau,Permeability,Energy,M1_Moose,M3_ana
1,0.9329922369789679,57.97310026391849,3530,1.1567046913316663,1e-16,1e-16,1e-16,2567
2,0.9330354094963474,57.934908379917516,3528,1.1555503625237746,1e-16,1e-16,1e-16,2567
3,0.9327191457062421,58.2281302390703,3549,1.157438679571665,1e-16,1e-16,1e-16,2578
4,0.9326950494174722,58.17791099653943,3527,1.1567280086714837,1e-16,1e-16,1e-16,2575
5,0.9327472580431404,58.213082497546985,3500,1.1574273378017823,1e-16,1e-16,1e-16,2582
