Sample,M0,M1,M3,Tau,Permeability,Energy,M1_Moose,M3_ana
1,0.8675437046437564,84.5976526126627,3308,1.2471685744837628,1e-16,1e-16,1e-16,3309
2,0.8679402893964281,84.55635183257377,3309,1.2485333639289158,1e-16,1e-16,1e-16,3309
3,0.8669613776651499,85.04261302849889,3329,1.2534966839681314,1e-16,1e-16,1e-16,3329
4,0.8671260356384111,84.95219811676986,3325,1.2526073392212573,1e-16,1e-16,1e-16,3325
5,0.8671802522881434,84.9149878103261,3323,1.2499889932030281,1e-16,1e-16,1e-16,3323
