Sample,M0,M1,M3,Tau,Permeability,Energy,M1_Moose,M3_ana
1,0.9165706161822643,77.62261298303518,3581,1.320051298946774,1e-16,1e-16,1e-16,3581
2,0.9170153935124759,77.2127981433214,3561,1.317118201867545,1e-16,1e-16,1e-16,3561
3,0.9163688097638162,77.87133665291657,3585,1.322019849469241,1e-16,1e-16,1e-16,3586
4,0.9163587696434954,77.96775286238629,3590,1.3227617935800013,1e-16,1e-16,1e-16,3590
