Sample,M0,M1,M3,Tau,Permeability,Energy,M1_Moose,M3_ana
1,0.8689473134646045,71.65704263675177,2858,1.1191952150459257,7.524177654180278e-06,-7.347623820534959e-06,78.966238032934,2858
2,0.8687555471664773,71.6492281233639,2855,1.1191984517959719,1e-16,1e-16,1e-16,2855
3,0.8680828591049835,72.02192233156518,2870,1.1208389531703888,1e-16,1e-16,1e-16,2870
4,0.8683840627146076,71.85247763626039,2861,1.1195939747509944,1e-16,1e-16,1e-16,2861
5,0.8682364729458918,71.87791258009696,2862,1.1206786943028149,1e-16,1e-16,1e-16,2862
