Sample,M0,M1,M3,Tau,Permeability,Energy,M1_Moose,M3_ana
1,0.8527837237601456,81.95793984201407,3069,1.239337092385511,7.214586644489862e-06,-7.083857838236897e-06,85.619892390575,3069
2,0.8533389424138859,81.6598477208965,3055,1.236378582657627,1e-16,1e-16,1e-16,3055
3,0.852038746832342,82.33821968764379,3084,1.2404581540094877,1e-16,1e-16,1e-16,3084
4,0.8529664539499842,81.8678434811757,3065,1.238033230425314,1e-16,1e-16,1e-16,3065
5,0.8531622362962398,81.7498336105137,3061,1.2375481859602815,1e-16,1e-16,1e-16,3061
