Sample,M0,M1,M3,Tau,Permeability,Energy,M1_Moose,M3_ana
1,0.962490110481484,22.935360465187426,957,1.0270046856088029,7.714906721252521e-05,-7.82670439507579e-05,23.107909196214,957
2,0.96243990987988,22.946737178575052,957,1.0269755904139692,7.213788007025374e-05,-7.287183071920333e-05,23.104217782174,957
