Sample,M0,M1,M3,Tau,Permeability,Energy,M1_Moose,M3_ana
1,0.8633067738683781,83.15271429477906,3431,1.3707651538044727,1e-16,1e-16,1e-16,3431
2,0.8644192191999229,82.48035436421152,3403,1.3660819179567554,1e-16,1e-16,1e-16,3403
3,0.8628087839004662,83.31591527302275,3436,1.3702311866835395,1e-16,1e-16,1e-16,3436
4,0.8626521580234617,83.31735131632844,3433,1.3716549403162255,1e-16,1e-16,1e-16,3433
5,0.8634001469873614,83.07418802180024,3429,1.3701634988986284,1e-16,1e-16,1e-16,3430
