Sample,M0,M1,M3,Tau,Permeability,Energy,M1_Moose,M3_ana
1,0.8942594608053783,85.90848319243925,3727,1.140473518615785,1e-16,1e-16,1e-16,3727
2,0.8954522270994896,84.91717383287686,3688,1.1388755235081804,1e-16,1e-16,1e-16,3688
3,0.8938327556917443,86.20365021533843,3744,1.141305398943064,1e-16,1e-16,1e-16,3744
4,0.8945857647158043,85.6758091566798,3721,1.1402352385905454,1e-16,1e-16,1e-16,3721
