Sample,M0,M1,M3,Tau,Permeability,Energy,M1_Moose,M3_ana
1,0.9424510343331954,46.949434993294226,2584,1.1248639320561034,2.231956344588366e-05,-2.1956790285213295e-05,51.077346043444,2029
2,0.9424018377436235,46.97218842006948,2593,1.1246428054669682,1e-16,1e-16,1e-16,2030
3,0.941881759511006,47.382397942244275,2623,1.1260434401627915,1e-16,1e-16,1e-16,2045
4,0.9422813562997739,47.03566414660309,2602,1.1245849402034234,2.2132629495099172e-05,-2.2005470658815514e-05,51.19311248452,2033
5,0.9422492279147473,47.12142645263923,2565,1.125565439225031,1e-16,1e-16,1e-16,2039
7,0.9423415970216987,47.020797398027455,2586,1.12412005067488,2.2498049472454295e-05,-2.2073004946409974e-05,51.144221702202,2034
