Sample,M0,M1,M3,Tau,Permeability,Energy,M1_Moose,M3_ana
1,0.9147152019469801,68.84349669484484,3308,1.182676516706027,1e-16,1e-16,1e-16,3002
2,0.9151840755659616,68.52937525464675,3307,1.1812628026054508,1e-16,1e-16,1e-16,2985
3,0.9144451227103506,69.17802213900845,3306,1.1840557383178143,1e-16,1e-16,1e-16,3011
4,0.9148969281247866,68.92814547522455,3323,1.1830248511859611,1e-16,1e-16,1e-16,3001
