Sample,M0,M1,M3,Tau,Permeability,Energy,M1_Moose,M3_ana
1,0.9690463090509677,18.88761394661308,787,1.0769272672961543,0.00013552595814526316,-0.000139001138846205,19.021473654122,787
2,0.969163778458721,18.830326120611634,785,1.076529309244468,0.00013050679426869808,-0.00013263793051778393,18.965651091129,785
3,0.9689810482688824,18.922243630614304,788,1.0767519068857558,0.00013022289601252079,-0.0001342657446931856,19.070702177657,788
4,0.9692370713370629,18.818798305920076,785,1.0763565660228662,0.00012722691580099724,-0.0001309484557690859,18.980512874562,785
8,0.969176830615138,18.83670459069382,786,1.0767076793738863,0.0001295054404034349,-0.00012896053442880886,18.995955113449,786
12,0.9690483170750318,18.9189672849396,789,1.0774325818859123,0.00013533377625240997,-0.0001352387369965651,19.075156188393,789
16,0.96937562499749,18.72937174342871,781,1.0760291153513741,0.0001290004396828809,-0.00012878273641318561,18.89734123838,781
20,0.9690714093517697,18.88669379542857,787,1.0765911893032503,0.0001279837685803878,-0.0001290357732026593,19.021520753687,787
23,0.969038276954711,18.909161367878774,788,1.0773568863488774,0.0001337377391796122,-0.00013388694820365651,19.052627147683,788
