Sample,M0,M1,M3,Tau,Permeability,Energy,M1_Moose,M3_ana
1,0.9410654977289248,60.83347438279301,2933,1.0538567555426381,1e-16,1e-16,1e-16,2933
2,0.9411709189922932,60.65345472054681,2927,1.0537684918659136,1e-16,1e-16,1e-16,2927
3,0.9410002369468395,60.78894349695594,2937,1.0540878007090146,1e-16,1e-16,1e-16,2936
4,0.9410996341380156,60.69785085336276,2930,1.0538705058869977,1e-16,1e-16,1e-16,2930
