Sample,M0,M1,M3,Tau,Permeability,Energy,M1_Moose,M3_ana
1,0.9025867365994514,54.283728714389085,2029,1.1532444407408995,1.7722287479297506e-05,-1.7610319364012187e-05,56.668684382681,2029
2,0.9025013955767246,54.305943129079886,2030,1.1529225385223323,1e-16,1e-16,1e-16,2030
3,0.9017775029015948,54.75967767773457,2045,1.1547813905362645,1e-16,1e-16,1e-16,2045
4,0.9023909542531958,54.366466670673255,2033,1.1534579393586926,1.7551723545738506e-05,-1.757646510933518e-05,56.778863974346,2033
5,0.9021600314858174,54.533700662947986,2039,1.1534978698444645,1e-16,1e-16,1e-16,2039
15,0.9034160505379496,53.868448784097126,2014,1.1520838815930892,1.7826197810182824e-05,-1.8109548956883103e-05,56.205624967457,2014
19,0.902582720551323,54.1779993600164,2027,1.1505040894249992,1.7636819773681997e-05,-1.7547704305998895e-05,56.622763465855,2027
23,0.9024361347946394,54.248790056099544,2031,1.1550537970547279,1.8279208710869807e-05,-1.8111196693642107e-05,56.726030820701,2031
