Sample,M0,M1,M3,Tau,Permeability,Energy,M1_Moose,M3_ana
1,0.942532359307794,35.08336822641977,1463,1.1479603897831985,4.811150424016288e-05,-4.857097014487203e-05,35.342264950668,1463
2,0.9425755318251734,35.071301399643765,1462,1.1477448271408683,4.8069297100577284e-05,-4.860487554394128e-05,35.316437744198,1462
4,0.9425524395484356,35.0997663030761,1464,1.147409086366941,4.8112923443426045e-05,-4.874052626383047e-05,35.375418056165,1464
8,0.9427823583037819,34.953551458421636,1458,1.1465065504001932,4.8039713303027144e-05,-4.8785909038470916e-05,35.243766391215,1458
12,0.9426638848839964,35.04734196735897,1461,1.1485282756134438,4.85049798488266e-05,-4.8688129860611636e-05,35.310986148,1461
16,0.9428114746527122,34.955273356052366,1458,1.147074641137191,4.798086269196233e-05,-4.812382730263934e-05,35.234056546213,1458
20,0.9430223171794491,34.79653160902964,1451,1.1465044180577095,4.797357560047092e-05,-4.7863814868060946e-05,35.069514242802,1451
23,0.9426166963184887,35.06172552037906,1462,1.1477376059589743,4.846563585221496e-05,-4.857247237842659e-05,35.335399379779,1462
