Sample,M0,M1,M3,Tau,Permeability,Energy,M1_Moose,M3_ana
1,0.9453395769494901,50.924942755433555,2345,1.0568770235780156,1e-16,1e-16,1e-16,2345
2,0.9454570463572436,50.77493567298322,2338,1.0567216017776073,1e-16,1e-16,1e-16,2338
3,0.9451859631085819,51.03564723314838,2347,1.0572797046772646,1e-16,1e-16,1e-16,2347
4,0.9450052409428075,51.20678112951826,2354,1.057347686237127,1e-16,1e-16,1e-16,2354
5,0.945425921984249,50.80184612837158,2343,1.0569874771513645,1e-16,1e-16,1e-16,2343
