Sample,M0,M1,M3,Tau,Permeability,Energy,M1_Moose,M3_ana
1,0.8767253946771298,65.99294880807254,2567,1.2052053777493639,1.0875529455768755e-05,-1.070362291066482e-05,71.661928767026,2567
2,0.8766470817386276,66.03972425534198,2567,1.2035685695924165,1e-16,1e-16,1e-16,2567
3,0.876264553154405,66.26144218505995,2578,1.2063611848425202,1e-16,1e-16,1e-16,2578
4,0.8762374448295388,66.24694699898203,2575,1.2052578941747232,1e-16,1e-16,1e-16,2575
5,0.8762304167453143,66.3626891882484,2582,1.206095184850654,1e-16,1e-16,1e-16,2582
