Sample,M0,M1,M3,Tau,Permeability,Energy,M1_Moose,M3_ana
1,0.8950315460580479,56.21585290995865,2186,1.172821154443336,1.5232345312781164e-05,-1.5076872966116343e-05,61.029925545362,2186
2,0.895020501925695,56.19413126742575,2184,1.1714037081339916,1e-16,1e-16,1e-16,2184
3,0.8943518299123296,56.560365264130745,2200,1.1737171218698566,1e-16,1e-16,1e-16,2200
4,0.8944251227906715,56.50348169719263,2196,1.1733783250127956,1e-16,1e-16,1e-16,2196
5,0.8951098589965503,56.25572722334424,2189,1.1725924868915045,1e-16,1e-16,1e-16,2189
