Sample,M0,M1,M3,Tau,Permeability,Energy,M1_Moose,M3_ana
1,0.8875968369604942,87.0642181251419,4009,1.237340158451472,6.17845810746759e-06,-5.987418735743933e-06,94.833840084841,3724
2,0.8885104879096871,86.35236502028886,4007,1.2356971508466756,6.3173247513674244e-06,-6.153884463564654e-06,94.153391200933,3695
3,0.8873608941329553,87.3042832620212,4033,1.2398911300183653,6.20099356652288e-06,-6.029483277741164e-06,95.123296359582,3736
4,0.8874502512038104,87.14005330445704,4050,1.2378737318243491,6.177253513041773e-06,-5.978298985962548e-06,95.004154151746,3731
