Sample,M0,M1,M3,Tau,Permeability,Energy,M1_Moose,M3_ana
1,0.9400183131794652,55.75253142749009,3168,1.1435213698583173,1.5201569309516898e-05,-1.4969269113022716e-05,62.310513753709,2567
2,0.9401026501901599,55.66278911902994,3137,1.1436732048231633,1e-16,1e-16,1e-16,2567
3,0.9397642981353489,56.04307176958154,3182,1.1448630026380509,1e-16,1e-16,1e-16,2578
4,0.9397542580150281,55.917128980793365,3125,1.146310662168733,1e-16,1e-16,1e-16,2575
5,0.9397863864000546,56.00044657924477,3139,1.14611262473627,1e-16,1e-16,1e-16,2582
