Sample,M0,M1,M3,Tau,Permeability,Energy,M1_Moose,M3_ana
1,0.9199300404416046,74.95202701698612,5187,1.209467640568647,1e-16,1e-16,1e-16,3431
2,0.9206368649121891,74.34070371521123,5099,1.2061744834767498,1e-16,1e-16,1e-16,3403
3,0.919783454684921,75.07221208919064,5159,1.208861804601709,1e-16,1e-16,1e-16,3436
4,0.9199862651154012,74.90641810698014,5152,1.2078652259244178,1e-16,1e-16,1e-16,3433
