Sample,M0,M1,M3,Tau,Permeability,Energy,M1_Moose,M3_ana
1,0.8547405432106698,88.7571525046344,3702,1.4261939163066522,8.746178461810638e-06,-8.630888169607312e-06,89.348429815543,3704
2,0.8551481720956944,88.51237894553331,3692,1.4243372633683744,8.85792251910194e-06,-8.781350201899612e-06,89.094849821709,3693
