Sample,M0,M1,M3,Tau,Permeability,Energy,M1_Moose,M3_ana
1,0.9384229380604897,57.372052696537416,2640,1.0640852065823736,1e-16,1e-16,1e-16,2640
2,0.9384932189027353,57.255255603065436,2636,1.063860406201914,1e-16,1e-16,1e-16,2636
3,0.9380604897169088,57.70541160343756,2656,1.064766314862651,1e-16,1e-16,1e-16,2656
4,0.9381799671487263,57.5465187551109,2646,1.0645530818678313,1e-16,1e-16,1e-16,2646
5,0.9381809711607584,57.50181364800663,2653,1.0646450495349244,1e-16,1e-16,1e-16,2653
