Sample,M0,M1,M3,Tau,Permeability,Energy,M1_Moose,M3_ana
1,0.9002755009016028,77.60429538560878,3312,1.1482515874155947,6.6356781797082555e-06,-6.4412531323150135e-06,84.278534402038,3309
2,0.900302609226469,77.58766727115633,3310,1.1470649212350816,1e-16,1e-16,1e-16,3309
3,0.8997232942839587,77.92909384920375,3333,1.148796371171043,1e-16,1e-16,1e-16,3329
4,0.8997704828494665,77.99545801063155,3325,1.1484540832693018,1e-16,1e-16,1e-16,3325
