Sample,M0,M1,M3,Tau,Permeability,Energy,M1_Moose,M3_ana
1,0.9136579772771997,80.87743824062512,5589,1.2275476738540663,1e-16,1e-16,1e-16,3704
2,0.9139009481889631,80.66596318359693,5535,1.226241903164104,1e-16,1e-16,1e-16,3693
3,0.9133025570178434,81.1641074084285,5584,1.2283248357987016,1e-16,1e-16,1e-16,3715
4,0.9136640013493922,80.86464183221463,5576,1.2271284072615716,1e-16,1e-16,1e-16,3708
