Sample,M0,M1,M3,Tau,Permeability,Energy,M1_Moose,M3_ana
1,0.9185424958132699,70.0514874344104,3604,1.1869434392412257,1e-16,1e-16,1e-16,3125
2,0.9186298448600608,70.05876293571382,3614,1.1872452144483403,1e-16,1e-16,1e-16,3125
3,0.9179039441608668,70.47518628330594,3621,1.1873640762360502,1e-16,1e-16,1e-16,3146
4,0.9183246252023084,70.21482316567521,3651,1.1864791596054194,1e-16,1e-16,1e-16,3132
