Sample,M0,M1,M3,Tau,Permeability,Energy,M1_Moose,M3_ana
1,0.920197107642138,61.7494893349804,2869,1.163036897895465,4.76443559951025e-06,-4.645655064597895e-06,104.6420103187,2640
2,0.9204049381327786,61.56770153517693,2852,1.1625184835379245,1.2896916800416622e-05,-1.2740503282126316e-05,67.204874340706,2636
3,0.9197382741434773,62.13040231563289,2880,1.164302329770359,1.2857564083782824e-05,-1.26784466557241e-05,67.692499265706,2656
4,0.9201077505712828,61.945417106646914,2866,1.1645399093699964,1.2761790591592244e-05,-1.2677098519519114e-05,67.460185940639,2646
5,0.9199360645137972,61.97386846671833,2865,1.1648881226963363,1.2738066022059834e-05,-1.267347056421385e-05,67.563439556482,2653
