Sample,M0,M1,M3,Tau,Permeability,Energy,M1_Moose,M3_ana
1,0.9457542339187393,33.12770079210576,1381,1.0886488534125847,4.480298811565208e-05,-4.5227509661772854e-05,33.365198810837,1381
2,0.9458335508692736,33.07715622700375,1380,1.0883616024034652,4.6077978821676455e-05,-4.64516646640554e-05,33.312877655185,1380
4,0.9457823462556375,33.09970273594615,1380,1.0881300281377224,4.5894728032566204e-05,-4.6560038816622715e-05,33.356721448636,1380
8,0.9458094545805037,33.06897692279863,1378,1.087958758578848,4.4551366666879775e-05,-4.534714371816843e-05,33.311897080611,1378
12,0.9456678888839803,33.13948176455672,1381,1.0893538151340392,4.592137724755236e-05,-4.613039236207424e-05,33.384585232335,1381
16,0.9461267223826411,32.9252693739383,1372,1.0881418762267803,4.532869325736178e-05,-4.5308767065881435e-05,33.153315322411,1372
20,0.9459670844695403,32.99855101753273,1376,1.0877645710459514,4.469603461991025e-05,-4.451849738853407e-05,33.264792193398,1376
23,0.9458074465564396,33.0960221312081,1379,1.088864723902208,4.521820663389917e-05,-4.5494224117167867e-05,33.332077496337,1379
