M0_ps,M1_ps,M3_ps,Tau_ps,M0_eff_ps,M1_eff_ps,M3_eff_ps,Permeability,Energy
0.45003490376867,158.97733994883816,-644,inf,0.0,3.50291700265311,1,7.875143199176843e-09,-3.228326059851413e-09
