M0_ps,M1_ps,M3_ps,Tau_ps,M0_eff_ps,M1_eff_ps,M3_eff_ps,Permeability,Energy
0.36009327973613686,53.304274417083434,-249,inf,0.0,3.50291700265311,1,4.292041939121995e-09,-1.203064491234903e-09
