M0_ps,M1_ps,M3_ps,Tau_ps,M0_eff_ps,M1_eff_ps,M3_eff_ps,Permeability,Energy
0.5502040347819569,132.5452536677002,786,10.559855889467142,0.5039284308764829,116.39219954796388,1157,1.099738545651989e-07,-8.966899627647867e-08
