M0_ps,M1_ps,M3_ps,Tau_ps,M0_eff_ps,M1_eff_ps,M3_eff_ps,Permeability,Energy
0.640112863327149,39.634629256877325,183,2.671945946000821,0.625556352017391,37.85264112179707,200,8.36177798294626e-06,-8.829617063906814e-06
